-- MySQL dump 10.15  Distrib 10.0.26-MariaDB, for debian-linux-gnu (x86_64)
--
-- Host: localhost    Database: proyectos_ba_generated
-- ------------------------------------------------------
-- Server version	10.0.26-MariaDB-1~trusty

/*!40101 SET @OLD_CHARACTER_SET_CLIENT=@@CHARACTER_SET_CLIENT */;
/*!40101 SET @OLD_CHARACTER_SET_RESULTS=@@CHARACTER_SET_RESULTS */;
/*!40101 SET @OLD_COLLATION_CONNECTION=@@COLLATION_CONNECTION */;
/*!40101 SET NAMES utf8 */;
/*!40103 SET @OLD_TIME_ZONE=@@TIME_ZONE */;
/*!40103 SET TIME_ZONE='+00:00' */;
/*!40014 SET @OLD_UNIQUE_CHECKS=@@UNIQUE_CHECKS, UNIQUE_CHECKS=0 */;
/*!40014 SET @OLD_FOREIGN_KEY_CHECKS=@@FOREIGN_KEY_CHECKS, FOREIGN_KEY_CHECKS=0 */;
/*!40101 SET @OLD_SQL_MODE=@@SQL_MODE, SQL_MODE='NO_AUTO_VALUE_ON_ZERO' */;
/*!40111 SET @OLD_SQL_NOTES=@@SQL_NOTES, SQL_NOTES=0 */;

--
-- Table structure for table `comuna`
--

DROP TABLE IF EXISTS `comuna`;
/*!40101 SET @saved_cs_client     = @@character_set_client */;
/*!40101 SET character_set_client = utf8 */;
CREATE TABLE `comuna` (
  `idComuna` int(11) NOT NULL AUTO_INCREMENT,
  `abreviatura` varchar(50) NOT NULL,
  `nombre` varchar(50) NOT NULL,
  PRIMARY KEY (`idComuna`)
) ENGINE=InnoDB AUTO_INCREMENT=18 DEFAULT CHARSET=latin1;
/*!40101 SET character_set_client = @saved_cs_client */;

--
-- Dumping data for table `comuna`
--

LOCK TABLES `comuna` WRITE;
/*!40000 ALTER TABLE `comuna` DISABLE KEYS */;
INSERT INTO `comuna` VALUES (3,'C1','Comuna 1'),(4,'C2','Comuna 2'),(5,'C3','Comuna 3'),(6,'C4','Comuna 4'),(7,'C5','Comuna 5'),(8,'C6','Comuna 6'),(9,'C7','Comuna 7'),(10,'C8','Comuna 8'),(11,'C9','Comuna 9'),(12,'C10','Comuna 10'),(13,'C11','Comuna 11'),(14,'C12','Comuna 12'),(15,'C13','Comuna 13'),(16,'C14','Comuna 14'),(17,'C15','Comuna 15');
/*!40000 ALTER TABLE `comuna` ENABLE KEYS */;
UNLOCK TABLES;

--
-- Table structure for table `comuna_por_proyecto`
--

DROP TABLE IF EXISTS `comuna_por_proyecto`;
/*!40101 SET @saved_cs_client     = @@character_set_client */;
/*!40101 SET character_set_client = utf8 */;
CREATE TABLE `comuna_por_proyecto` (
  `idProyecto` int(11) NOT NULL,
  `idComuna` int(11) NOT NULL,
  PRIMARY KEY (`idProyecto`,`idComuna`),
  KEY `FK_idUbicacionGeografica` (`idComuna`),
  CONSTRAINT `FK_idComuna` FOREIGN KEY (`idComuna`) REFERENCES `comuna` (`idComuna`),
  CONSTRAINT `FK_idProyecto_ubicacionGeografica` FOREIGN KEY (`idProyecto`) REFERENCES `proyecto` (`idProyecto`)
) ENGINE=InnoDB DEFAULT CHARSET=latin1;
/*!40101 SET character_set_client = @saved_cs_client */;

--
-- Dumping data for table `comuna_por_proyecto`
--

LOCK TABLES `comuna_por_proyecto` WRITE;
/*!40000 ALTER TABLE `comuna_por_proyecto` DISABLE KEYS */;
INSERT INTO `comuna_por_proyecto` VALUES (227,4),(227,5),(230,4),(230,5),(231,4);
/*!40000 ALTER TABLE `comuna_por_proyecto` ENABLE KEYS */;
UNLOCK TABLES;

--
-- Table structure for table `eje_de_gobierno`
--

DROP TABLE IF EXISTS `eje_de_gobierno`;
/*!40101 SET @saved_cs_client     = @@character_set_client */;
/*!40101 SET character_set_client = utf8 */;
CREATE TABLE `eje_de_gobierno` (
  `idEjeDeGobierno` int(11) NOT NULL AUTO_INCREMENT,
  `nombre` varchar(512) NOT NULL,
  `descripcion` varchar(512) NOT NULL,
  `ejemplos` varchar(512) NOT NULL,
  PRIMARY KEY (`idEjeDeGobierno`)
) ENGINE=InnoDB AUTO_INCREMENT=13 DEFAULT CHARSET=latin1;
/*!40101 SET character_set_client = @saved_cs_client */;

--
-- Dumping data for table `eje_de_gobierno`
--

LOCK TABLES `eje_de_gobierno` WRITE;
/*!40000 ALTER TABLE `eje_de_gobierno` DISABLE KEYS */;
INSERT INTO `eje_de_gobierno` VALUES (8,'Disfrute','Tenemos una Ciudad hermosa con infinitas posibilidades para disfrutarla cada día más. Queremos convivir mejor en esta Ciudad: que\nlos vecinos se sientan movilizados y comprometidos, que la cuiden y respeten participando activamente a través de la cultura, el deporte y el turismo. Y lograr la mejor Ciudad para todos.','Seguridad\nHigiene y Reciclado\nCambio Cultural\nParticipación Ciudadana\nTurismo\nPlan Gastronómico\nJJOO de la Juventud\nCultura cerca de la gente\nEcoparque'),(9,'Escala Humana','Queremos que la gente camine por la calle y se encuentre. El espacio público tiene que disfrutarse, no es solo un lugar para transitar.\nEl espacio público es un servicio público.\nEs socializador, igualador, y brinda las mismas\noportunidades para todos.','Mantenimiento\nRegeneración Urbana\nTransporte Público\nPaseo del Bajo\nSolicitudes y Trámites'),(10,'Integración social','Queremos una Ciudad al alcance de todos, donde todos los vecinos se sientan parte. Por eso, es nuestra prioridad seguir trabajando en una reforma integral del sistema de salud, en la educación y en el acompañamiento a nuestros adultos mayores.','Desarrollo del Sur\nIntegración de Villas (foco en 31 y 20)\nMejoras en Educación\nReforma Integral de Salud\nAdultos Mayores'),(11,'Creatividad','Queremos una Ciudad donde la creatividad, el diseño y el arte sean pilares fundamentales de\nnuestra cultura. Una Ciudad inteligente, que facilite la comunicación, que apoye los proyectos emprendedores y el espíritu de trabajo y de mejora continua. Por eso, trabajaremos promoviendo la inversión, la innovación técnica y la generación constante de nuevos empleos.','Cuidad Inteligente\nEmprendedorismo\nGobierno Eficiente y Transparente\nProyectos Público Privados\nDistritos Creativos'),(12,'Ninguno','','');
/*!40000 ALTER TABLE `eje_de_gobierno` ENABLE KEYS */;
UNLOCK TABLES;

--
-- Table structure for table `eje_de_gobierno_por_proyecto`
--

DROP TABLE IF EXISTS `eje_de_gobierno_por_proyecto`;
/*!40101 SET @saved_cs_client     = @@character_set_client */;
/*!40101 SET character_set_client = utf8 */;
CREATE TABLE `eje_de_gobierno_por_proyecto` (
  `id_Proyecto` int(11) NOT NULL,
  `id_EjeDeGobierno` int(11) NOT NULL,
  PRIMARY KEY (`id_Proyecto`,`id_EjeDeGobierno`),
  KEY `FK_idEjeDeGobierno` (`id_EjeDeGobierno`),
  CONSTRAINT `FK_idEjeDeGobierno` FOREIGN KEY (`id_EjeDeGobierno`) REFERENCES `eje_de_gobierno` (`idEjeDeGobierno`),
  CONSTRAINT `FK_idProyecto_ejeDeGobierno` FOREIGN KEY (`id_Proyecto`) REFERENCES `proyecto` (`idProyecto`)
) ENGINE=InnoDB DEFAULT CHARSET=latin1;
/*!40101 SET character_set_client = @saved_cs_client */;

--
-- Dumping data for table `eje_de_gobierno_por_proyecto`
--

LOCK TABLES `eje_de_gobierno_por_proyecto` WRITE;
/*!40000 ALTER TABLE `eje_de_gobierno_por_proyecto` DISABLE KEYS */;
INSERT INTO `eje_de_gobierno_por_proyecto` VALUES (226,11),(227,9),(228,10),(229,8),(230,12),(231,8),(237,9);
/*!40000 ALTER TABLE `eje_de_gobierno_por_proyecto` ENABLE KEYS */;
UNLOCK TABLES;

--
-- Table structure for table `indicador_estrategico`
--

DROP TABLE IF EXISTS `indicador_estrategico`;
/*!40101 SET @saved_cs_client     = @@character_set_client */;
/*!40101 SET character_set_client = utf8 */;
CREATE TABLE `indicador_estrategico` (
  `idIndicadorEstrategico` int(11) NOT NULL AUTO_INCREMENT,
  `idObjetivoJurisdiccional` int(11) DEFAULT NULL,
  `indicador` varchar(50) NOT NULL,
  `descripcion` varchar(100) NOT NULL,
  PRIMARY KEY (`idIndicadorEstrategico`),
  KEY `FK_objetivoJurisdiccional_indicardorEstrategico` (`idObjetivoJurisdiccional`),
  CONSTRAINT `FK_objetivoJurisdiccional_indicardorEstrategico` FOREIGN KEY (`idObjetivoJurisdiccional`) REFERENCES `objetivo_jurisdiccional` (`idObjetivoJurisdiccional`)
) ENGINE=InnoDB AUTO_INCREMENT=3 DEFAULT CHARSET=latin1;
/*!40101 SET character_set_client = @saved_cs_client */;

--
-- Dumping data for table `indicador_estrategico`
--

LOCK TABLES `indicador_estrategico` WRITE;
/*!40000 ALTER TABLE `indicador_estrategico` DISABLE KEYS */;
/*!40000 ALTER TABLE `indicador_estrategico` ENABLE KEYS */;
UNLOCK TABLES;

--
-- Table structure for table `jurisdiccion`
--

DROP TABLE IF EXISTS `jurisdiccion`;
/*!40101 SET @saved_cs_client     = @@character_set_client */;
/*!40101 SET character_set_client = utf8 */;
CREATE TABLE `jurisdiccion` (
  `idJurisdiccion` int(11) NOT NULL AUTO_INCREMENT,
  `nombre` varchar(512) NOT NULL,
  `abreviatura` varchar(50) NOT NULL,
  `mision` text NOT NULL,
  `codigo` varchar(50) NOT NULL,
  PRIMARY KEY (`idJurisdiccion`)
) ENGINE=InnoDB AUTO_INCREMENT=118 DEFAULT CHARSET=latin1;
/*!40101 SET character_set_client = @saved_cs_client */;

--
-- Dumping data for table `jurisdiccion`
--

LOCK TABLES `jurisdiccion` WRITE;
/*!40000 ALTER TABLE `jurisdiccion` DISABLE KEYS */;
INSERT INTO `jurisdiccion` VALUES (1,'Agencia Gubernamental de Control','AGC','Transformar las conductas del ciudadano incrementando su nivel de compromiso en el cumplimiento de \'las normas ciudadanas\' a través de un estado que administra un modelo de gestión de la convivencia con herramientas ágiles, transparentes e inteligentes.','AGC'),(50,'Banco Ciudad de Buenos Aires','BCBA','Hacer foco en la banca social y la banca de desarrollo siendo rentables','BCBA'),(51,'Ente Autarquico Teatro Colón','EATC','La misión del Teatro Colón es brindar una programación con un alto nivel de excelencia y calidad artística. El Teatro debe llevar a cabo este encargo velando por el interés cultural, artístico y social de su programa; permitiendo una profunda integración con la sociedad toda.','EATC'),(52,'Ministerio de Ambiente y Espacio Público','MAYEPGC','\'','MAYEPGC'),(53,'Ministerio de Cultura','MCGC','Repensar y promover la Cultura en la Ciudad con la mirada puesta en el Siglo XXI','MCGC'),(54,'Ministerio de Desarrollo Humano y Habitat','MHYDHGC','Dar una respuesta integral y transversal a las diferentes problemáticas que condicionan la igualdad real de oportunidades y de trato en las distintas etapas de la vida, asegurando la integralidad de las prestaciones con eje en la familia, creando las condiciones que garanticen la inclusión social y la participación comunitaria, a través de la gestión social del hábitat.','MHYDHGC'),(55,'Ministerio de Desarrollo Urbano y Transporte','MDUYTGC','\'','MDUYTGC'),(56,'Ministerio de Educacion','MEGC','Transformar a la Ciudad de Buenos Aires en una \"\"Ciudad Educadora\"\" de calidad y orientada al futuro con escuelas que inviten a la inclusión, promuevan la igualdad de oportunidades y acompañen la entrada de los chicos al siglo XXI.','MEGC'),(57,'Ministerio de Gobierno','MGOBGC','En ejercicio pleno de su autonomía, posicionar a la CABA como ejemplo de gestión transparente e innovadora, convivencia e integración metropolitana','MGOBGC'),(58,'Ministerio de Hacienda','MHGC','Contribuir al desarrollo y concreción de los proyectos del gobierno mediante una gestión eficiente que garantice la generación de recursos, la optimización de gastos, la coordinación de recursos humanos y la simplificación de los procedimientos.','MHGC'),(59,'Ministerio de Modernización, Innovación y Tecnología','MMIYTGC','\'','MMIYTGC'),(60,'Ministerio de Salud','MSGC','Sistema de Salud en Red con priorización de la APS basado en las necesidades y la participación de la comunidad, brindando servicios de calidad en forma eficiente con incremento en los niveles de satisfacción del ciudadano.','MSGC'),(61,'Secretaría Cultura Ciudadana y Función Pública','SECCCYFP','Promover los cambios culturales necesarios en la implementación de políticas públicas que contribuyan a tener una organización alineada con un servicio de calidad y la buena convivencia entre vecinos, a fin de lograr que BA sea el mejor lugar para vivir.','SECCCYFP'),(62,'Secretaría de Descentralización','SECDES','Consolidar la presencia del Estado a través de Comunas abiertas, democráticas y participativas. Los pilares serán la cercanía y calidez en la atención al vecino y garantizar la constancia en la prosecución de los objetivos preestablecidos.','SECDES'),(63,'Secretaría de Integración Social y Urbana - Villa 31','SECISYU','Diseñar estrategias, planes, políticas y proyectos vinculados a la integración urbana, social y económica Retiro – Puerto y de las Villas 31 y 31bis, coordinando pautas y acciones comunes con los actores comunitarios y otros organismos de orden municipal y nacional en el ejercicio del proyecto de urbanización y de inclusión socioeconómica; generando herramientas para que sus habitantes puedan desarrollar sus proyectos de vida','SECISYU'),(64,'Secretaría General','SGYRI','Contribuir al logro del mejor gobierno de la historia de la Ciudad','SGYRI'),(65,'Sindicatura General de la Ciudad de Buenos Aires','SGCBA','Acompañar la gestión de gobierno, asegurando un Sistema de Control Interno que genere y consolide todas las medidas de gobierno para gestionar anticipadamente los riesgos  de la administración y aumentar las probabilidades de alcanzar los objetivos y metas establecidas por el Jefe de Gobierno en los aspectos normativos y transparencia de la gestión.','SGCBA'),(66,'Subsecretaría de Comunicación','SSCOMUNIC','Cominicación directa y personalizada con el vecino.','SSCOMUNIC'),(67,'Subsecretaría de Contenidos','SSCON','Lograr una buena percepción, por parte de los vecinos, de la Ciudad y de su Gobierno','SSCON'),(68,'Subsecretaría de Coordinación y Promoción de Eventos','SSCYPE','Posicionar a la Ciudad como polo generador de eventos unicos gratuitos para los vecinos, que fomenten el encuentro, la participación y la concientización.','SSCYPE'),(69,'Subsecretaría de Procesos y Sistemas','SSSYP','\'','SSSYP'),(70,'Subsecretaría Demanda Ciudadana, Calidad y Cercanía','SSDCCYC','Escuchar, Conocer e Interpretar al Ciudadano,  sus Demandas y Necesidades desde una fuerte Política de Cercanía, con un Seguimiento y Control de la Respuesta que damos como Gobierno, midiendo su Calidad y la Satisfacción del vecino.','SSDCCYC'),(71,'Vicejefatura de Gobierno','AVJG','\'','AVJG');
/*!40000 ALTER TABLE `jurisdiccion` ENABLE KEYS */;
UNLOCK TABLES;

--
-- Table structure for table `objetivo_jurisdiccional`
--

DROP TABLE IF EXISTS `objetivo_jurisdiccional`;
/*!40101 SET @saved_cs_client     = @@character_set_client */;
/*!40101 SET character_set_client = utf8 */;
CREATE TABLE `objetivo_jurisdiccional` (
  `idObjetivoJurisdiccional` int(11) NOT NULL AUTO_INCREMENT,
  `idJurisdiccion` int(11) DEFAULT NULL,
  `codigo` varchar(50) DEFAULT NULL,
  `nombre` varchar(512) NOT NULL,
  `idJurisdiccionAux` int(11) NOT NULL,
  PRIMARY KEY (`idObjetivoJurisdiccional`),
  KEY `FK_jurisdiccion_objetoJurisdiccional` (`idJurisdiccion`),
  CONSTRAINT `FK_jurisdiccion_objetoJurisdiccional` FOREIGN KEY (`idJurisdiccion`) REFERENCES `jurisdiccion` (`idJurisdiccion`)
) ENGINE=InnoDB AUTO_INCREMENT=293 DEFAULT CHARSET=latin1;
/*!40101 SET character_set_client = @saved_cs_client */;

--
-- Dumping data for table `objetivo_jurisdiccional`
--

LOCK TABLES `objetivo_jurisdiccional` WRITE;
/*!40000 ALTER TABLE `objetivo_jurisdiccional` DISABLE KEYS */;
INSERT INTO `objetivo_jurisdiccional` VALUES (173,1,'AGC.1','Integrar todos los Organismos Administrativos Permisionarios en un Organismo único de Registración y Normalización de datos (permisos y habilitaciones productivas y comerciales) desarrollando un único canal de interacción con el vecino que agilice los servicios otorgados por la Agencia y los dote de mayor transparencia.',1),(174,1,'AGC.2','Fortalecer un modelo de inspección amplio e inteligente, integrado con el esquema sancionatorio que acompañe al vecino a desarrollar una conducta apegada a las normas de buena convivencia.',1),(175,1,'AGC.3','Aumentar la proximidad ciudadana a traves de un modelo participativo y transparente',1),(176,50,'BCBA.1','Ampliar la llegada de la propuesta de valor de los productos y servicios del Banco Ciudad a una mayor cantidad de ciudadanos',50),(177,50,'BCBA.2','Acompañar y propiciar el desarrollo de empresas, con foco en las Pymes y Mypes',50),(178,50,'BCBA.3','Lograr una rentabilidad sustentable de largo plazo para el Banco',50),(179,50,'BCBA.4','Sostener el crédito a largo plazo ofreciendo alternativas de financiamiento accesibles a las familias',50),(180,51,'EATC.1','Ofrecer una temporada artística de nivel y de calidad',51),(181,51,'EATC.2','Profundizar la integración del Teatro con la sociedad toda',51),(182,51,'EATC.3','Modernizar la gestión del Teatro',51),(183,51,'EATC.4','Promover el desarrollo de las generaciones emergentes en la formación de artes teatrales',51),(184,63,'SECISYU.1','Promover la interconectividad e integración entre el barrio 31 y 31 bis, la zona portuaria y la ciudad',63),(185,63,'SECISYU.2','Generar un sistema económico sustentable',63),(186,63,'SECISYU.3','Garantizar condiciones de habitabilidad dignas para los residentes',63),(187,63,'SECISYU.4','Promover un mejoramiento de la calidad de vida, educación y acceso a los servicios sociales para los habitantes del barrio',63),(188,52,'MAYEPGC.1','Realizar obras de Regeneración Urbana con el objetivo de lograr una ciudad más inclusiva y sustentable, en constante diálogo con el arte y la innovación.',52),(189,52,'MAYEPGC.2','Que la ciudadanía acceda a un Espacio Público conservado y accesible, asegurando una mejor calidad de vida a la población.',52),(190,52,'MAYEPGC.3','Asegurar el cumplimiento de la normativa vigente  y regular así el Uso del Espacio Público priorizando los intereses ciudadanos y contribuyendo en la puesta en valor de los espacios comunes.',52),(191,52,'MAYEPGC.4','Que la Ciudad de Buenos Aires sea una ciudad más Limpia.',52),(192,52,'MAYEPGC.5','Mejora la calidad ambiental y efectos sobre cambio climático colaborando en la recomposición de los Recursos Naturales afectados y el el mejoramiento del uso del Espacio Público.',52),(193,53,'MCGC.1','Potenciar, revitalizar y transformar los programas artístico-culturales en las comunas',53),(194,53,'MCGC.2','Apuntalar la cultura pública no estatal',53),(195,53,'MCGC.3','Optimizar la línea de cultura en la calle',53),(196,53,'MCGC.4','Visibilizar expresiones culturales jóvenes',53),(197,53,'MCGC.5','Refuncionalizar los efectores públicos',53),(198,54,'MHYDHGC.1','Respuesta ante las situaciones de emergencia social',54),(199,54,'MHYDHGC.2','Asegurar la integralidad y eficacia de las prestaciones',54),(200,54,'MHYDHGC.3','Crear las condiciones que garanticen la inclusión social y la participación comunitaria a través de la gestión social del Hábitat en villas, asentamientos y su entorno inmediato.',54),(201,54,'MHYDHGC.4','Garantizar la Igualdad de Oportunidades',54),(202,55,'MDUYTGC.1','Continuar con la implementación del Plan Hidráulico',55),(203,55,'MDUYTGC.2','Promover el desarrollo sostenible de la ciudad de Buenos Aires',55),(204,55,'MDUYTGC.3','Mejorar el servicio de Subterraneos',55),(205,55,'MDUYTGC.4','Mejorar el transporte público en superficie',55),(206,55,'MDUYTGC.5','Implementar una mirada de desarrollo urbanistico integral',55),(207,55,'MDUYTGC.6','Incluir el desarrollo de los vecinos dentro de la planificación urbanistica de la ciudad',55),(208,55,'MDUYTGC.7','Mejorar el acceso a la vivienda ',55),(209,55,'MDUYTGC.8','Incrementar la Igualdad de oportunidades',55),(210,55,'MDUYTGC.9','Desarrollo de la movilidad para mejorar la vida de los vecinos',55),(211,55,'MDUYTGC.10','Fomentar la ejecución de proyectos público-privados',55),(212,56,'MEGC.1','Mejorar la Calidad Educativa',56),(213,56,'MEGC.2','Asegurar la equidad educativa',56),(214,56,'MEGC.3','Asegurar la sustentabilidad del sistema educativo',56),(215,56,'MEGC.4','Orientar la escuela hacia el futuro',56),(216,56,'MEGC.5','Promover el concepto de Ciudad Educadora',56),(217,57,'MGOBGC.1','Creación de una cultura metropolitana que sea ejemplo de convivencia y gestión responsable, abierta e innovadora',57),(218,57,'MGOBGC.2','Desarrollar en un sistema equilibrado el tratamiento y la disposición final de residuos sólidos urbanos del Área Metropolitana propendiendo a una mayor generación de Energía Limpia',57),(219,57,'MGOBGC.3','Fortalecer el ejercicio pleno de la autonomía',57),(220,58,'MHGC.1','Impulsar un plan integral de optimización de gastos e ingresos mediante la detección continua de oportunidades de ahorros y generación de otros ingresos y su correspondiente implementación de acciones que permitan su aplicación en inversiones.',58),(221,58,'MHGC.2','Consolidar alternativas de financiamiento de corto y largo plazo destinadas a cubrir necesidades transitorias y proyectos estratégicos garantizando un perfil de deuda sostenible para la Ciudad Autónoma de Buenos Aires.',58),(222,58,'MHGC.3','Profundizar la simplificación de procedimientos mediante la revisión de procesos y la incorporación de nuevas herramientas tecnológicas que garanticen eficiencia y agilidad en la gestión operativa, económica y financiera, y en la interacción con ciudadanos, proveedores y clientes internos.',58),(223,58,'MHGC.4','Contribuir al desarrollo de servidores públicos comprometidos y orientados a brindar servicios de calidad a los ciudadanos, mediante estructuras organizativas y dotaciones ajustadas a las necesidades de la gestión.',58),(224,58,'MHGC.5','Desarrollar un esquema de programación económica que permita generar mayor calidad de información para la toma de decisiones.',58),(225,58,'MHGC.6','Promover el crecimiento sostenido de los ingresos tributarios mediante la implementación de prácticas innovadoras y eficaces de recaudación y el desarrollo de acciones que profundicen el vínculo con el contribuyente simplificando y agilizando sus gestiones.',58),(226,59,'MMIYTGC.1','Promover la sustentabilidad como eje esencial de una Ciudad Inteligente.',59),(227,59,'MMIYTGC.2','Duplicar el crecimiento del Turismo en CABA',59),(228,59,'MMIYTGC.3','Hacer de la innovación un eje central del Gobierno de la Ciudad de Buenos Aires',59),(229,59,'MMIYTGC.4','Impulsar y gestionar la infraestructura humana y urbana que nos permita celebrar con éxito los Juegos Olímpicos de la Juventud',59),(230,59,'MMIYTGC.5','Construir un ecosistema local que motorice la innovación y potencie el crecimiento de emprendimientos y Pymes',59),(231,59,'MMIYTGC.6','Convertir a CABA en símbolo y referente global de talento humano.',59),(232,59,'MMIYTGC.7','Convertir a Bs As en referente mundial de emprendimiento y desarrollo emprendedor',59),(233,59,'MMIYTGC.8','Fortalecer a las industrias estratégicas de la Ciudad e impulsar su crecimiento',59),(234,59,'MMIYTGC.9','Impulsar reformas en el sistema público que permitan institucionalizar las nuevas formas de generación económica en la ciudad',59),(235,59,'MMIYTGC.10','Generar oportunidades de inclusión y desarrollo humano a partir del emprendimiento y el trabajo productivo, en articulación con los diferentes actores sociales que componen la ciudad.',59),(236,59,'MMIYTGC.11','Empoderar a la ciudadanía joven a través del deporte',59),(237,59,'MMIYTGC.12','Contribuir al desarrollo urbano y tecnológico priorizando el sur de CABA',59),(238,59,'MMIYTGC.13','Potenciar a CABA como la plaza de inversión más atractiva de LATAM',59),(239,59,'MMIYTGC.14','Promover instrumentos de innovación financiera con impacto social',59),(240,59,'MMIYTGC.15','Crear un espacio de convivencia saludable para las Relaciones Laborales',59),(241,59,'MMIYTGC.16','Hacer que esté bueno trabajar en Buenos Aires',59),(242,59,'MMIYTGC.17','Generación de recursos genuinos para proyectos sociales',59),(243,59,'MMIYTGC.18','Desarrollar soluciones digitales que potencien la cercanía entre la Ciudad y los ciudadanos.',59),(244,59,'MMIYTGC.19','Posicionar a Buenos Aires entre las 10 ciudades mas atractivas del mundo',59),(245,59,'MMIYTGC.20','Utilizar la tecnología como herramienta democratizadora.',59),(246,59,'MMIYTGC.21','Fortalecer la información estadística y definir los perfiles de turistas',59),(247,59,'MMIYTGC.22','Rediseñar las Experiencias Turísticas en la Ciudad',59),(248,60,'MSGC.1','Mejorar y ampliar sistema de información y comunicación',60),(249,60,'MSGC.2','Acuerdos y planificación intersectorial',60),(250,60,'MSGC.3','Fortalecer la red pública de cuidados integrales',60),(251,60,'MSGC.4','Fortalecer y perfilar la red de hospitales',60),(252,60,'MSGC.5','Mejorar desempeño económico',60),(253,61,'SECCCYFP.1','Lograr una organización alineada con el valor del servicio, que se vea reflejada en cada “momento de verdad” con el vecino.',61),(254,61,'SECCCYFP.2','Lograr que en Buenos Aires los vecinos seamos protagonistas de una Ciudad que disfruta del encuentro y convivencia en el espacio público.',61),(255,62,'SECDES.1','Asistir a las comunas para que cumplan con sus objetivos.',62),(256,62,'SECDES.2','Acercar la comuna, como primera instancia de gobierno, al vecino.',62),(257,62,'SECDES.3','Empoderar a la Comuna como principal comunicador de las acciones dentro de su territorio.',62),(258,62,'SECDES.4','Alcanzar un nivel óptimo de calidad en la prestación de servicios en las 15 Comunas.',62),(259,62,'SECDES.5','Superar los estándares de eficiencia actuales.',62),(260,64,'SGYRI.1','Proyectar internacionalmente la ciudad, la gestión de gobierno y la figura del jefe de gobierno.',64),(261,64,'SGYRI.2','Impulsar un plan sistemático de relaciones del gobierno con actores políticos, sociales y privados',64),(262,64,'SGYRI.3','Apoyar las prioridades estratégicas de gobierno y agendas transversales e interjurisdiccionales',64),(263,65,'SGCBA.1','Estandarización, Fortalecimiento y Madurez del Control Interno de todas las Áreas del Gobierno de la Ciudad de Buenos Aires',65),(264,65,'SGCBA.2','Fortalecimiento del vínculo de Control Interno con los Ministerios',65),(265,65,'SGCBA.3','Eficiencia y buenas prácticas',65),(266,66,'SSCOMUNIC.1','Presupuesto transversal a todos los proyectos.',66),(267,66,'SSCOMUNIC.2','Monitorear el estado de la opinión pública.',66),(268,66,'SSCOMUNIC.3','Comunicar las acciones del Gobierno y del Jefe de Gobierno utilizando las más modernas herramientas de comunicación directa y digital.',66),(269,66,'SSCOMUNIC.4','Fomentar la participación ciudadana y generar cercanía con el vecino.',66),(270,67,'SSCON.1','Colaborar en el posicionamiento del GCBA y el Jefe de Gobierno mediante la generación de contenidos de comunicación.',67),(271,68,'SSCYPE.1','Canalizar las distintas campañas de concientización y participación de los distintos Ministerios en cada evento.',68),(272,69,'SSSYP.1','Fortalecer los procesos operativos y de gestión, transversales y verticales, para generar eficiencias en la gestión interna y en el servicio al Ciudadano.',69),(273,69,'SSSYP.2','Fortalecer las capacidades de la Infraestructura para satisfacer los niveles de servicio y disponibilidad de los Sistemas.',69),(274,69,'SSSYP.3','Continuar con el fortalecimiento de la seguridad del acceso y custodia de los activos informáticos (Redes y Centro de Datos, Sistemas, Servicios).',69),(275,69,'SSSYP.4','Adoptar un Modelo de Entrega de Servicios que mejore la calidad de entrega de los mismos, acordando y comprometiendo Acuerdos de Niveles de Servicio.',69),(276,70,'SSDCCYC.1','Mejorar la Calidad de Atencion en todas las áreas que brindan servicios, por medio de la optimización de los sistemas de información y la promoción de la autogestión.',70),(277,70,'SSDCCYC.2','Mejorar la Experiencia del Ciudadano en su interacción con el GCBA Eficientizando los tiempos, procesos  e infraestructura de todos los servicios.',70),(278,70,'SSDCCYC.3','Lograr la resolución de los reclamos relacionados al Mantenimiento del Espacio Público, Garantizando el cumplimiento de los SLA establecidos y la satisfacción del Vecino',70),(279,70,'SSDCCYC.4','Medir, evaluar y asegurar la calidad de la respuesta del gobierno a las demandas de la ciudania, y acciones de gobierno, bajo estándares de sustentabilidad (eficiencia, armonia y perdurabilidad) y satisfacción del vecino. Certificar estándares internacionales de gestión de calidad y satisfacción',70),(280,70,'SSDCCYC.5','Proteger y promover los derechos de los consumidores, facilitando la solución de sus controversias con altos estándares de calidad, eficiencia e innovación, acercando los servicios a la población.',70),(281,71,'AVJG.1','Promover las relaciones interjurisdiccionales',71),(282,71,'AVJG.2','Posicionar a Buenos Aires como la ciudad con mejores indicadores en conductas saludables de la juventud en Latinoamérica',71),(283,71,'AVJG.3','Proporcionar una visión integral de las problemáticas de la juventud de la Ciudad',71),(284,71,'AVJG.4','Promover las distintas expresiones de la juventud aumentando su participación y relevancia en la vida de los vecinos de la Ciudad',71),(285,71,'AVJG.5','Estimular la formación vocacional y profesional de los jóvenes de la Ciudad desde un abordaje integrador',71),(286,71,'AVJG.6','Promover la actividad física como derecho y contenido de la calidad de vida de toda la población',71),(287,71,'AVJG.7','Posicionar a la Ciudad de Buenos Aires como referente en la defensa y promoción de los Derechos Humanos; haciendo eje en la convivencia, el diálogo, el encuentro, la inclusión y el pluralismo cultural',71),(288,71,'AVJG.8','Desarrollo gastronómico de la Ciudad de Buenos Aires',71),(289,71,'AVJG.9','Prevención de obesidad y sobrepeso infantil; promoción de hábitos saludables en la población.',71),(290,71,'AVJG.10','Promoción de la gastronomía como hito económico y cultural',71),(291,71,'AVJG.11','Desarrollo familiar de los vecinos de la ciudad',71),(292,71,'AVJG.12','Instalar a la familia como valor social',71);
/*!40000 ALTER TABLE `objetivo_jurisdiccional` ENABLE KEYS */;
UNLOCK TABLES;

--
-- Table structure for table `objetivo_operativo`
--

DROP TABLE IF EXISTS `objetivo_operativo`;
/*!40101 SET @saved_cs_client     = @@character_set_client */;
/*!40101 SET character_set_client = utf8 */;
CREATE TABLE `objetivo_operativo` (
  `idObjetivoOperativo` int(11) NOT NULL AUTO_INCREMENT,
  `idObjetivoJurisdiccional` int(11) DEFAULT NULL,
  `codigo` varchar(50) DEFAULT NULL,
  `nombre` varchar(512) NOT NULL,
  `idObjetivoJurisdiccionalAux` int(11) DEFAULT NULL,
  PRIMARY KEY (`idObjetivoOperativo`),
  KEY `FK_objetivoJurisdiccional_objetivoOperativo` (`idObjetivoJurisdiccional`),
  CONSTRAINT `FK_objetivoJurisdiccional_objetivoOperativo` FOREIGN KEY (`idObjetivoJurisdiccional`) REFERENCES `objetivo_jurisdiccional` (`idObjetivoJurisdiccional`)
) ENGINE=InnoDB AUTO_INCREMENT=797 DEFAULT CHARSET=latin1;
/*!40101 SET character_set_client = @saved_cs_client */;

--
-- Dumping data for table `objetivo_operativo`
--

LOCK TABLES `objetivo_operativo` WRITE;
/*!40000 ALTER TABLE `objetivo_operativo` DISABLE KEYS */;
INSERT INTO `objetivo_operativo` VALUES (430,173,'AGC.1.1','Consolidar y agilizar el tratamiento digital de los procesos de habilitacin y registro.',173),(431,173,'AGC.1.2','Redefinir normas de seguridad a fin de regularizar las actividades en funcin de su realidad y problemtica actual',173),(432,174,'AGC.2.1','Centralizar y coordinar los esfuerzos inspectivos (Poder de Polica) del GCABA en un solo mbito de aplicacin a fin de llevar adelante una poltica Gubernamental unificada en materia inspectiva.',174),(433,174,'AGC.2.2','Incrementar la calidad de las inspecciones, incorporando nuevas herramientas de gestin y mejorando las existentes.',174),(434,175,'AGC.3.1','Realizar acciones de prevencin y cercania con el vecino',175),(435,188,'MAYEPGC.1.1','Areas Ambientales: Revitalizar el espacio pblico a travs de un enfoque integral, fortaleciendo la identidad de los barrios, concentrndonos en la caminabilidad, en la sustentabilidad y en la puesta en valor del patrimonio existente',188),(436,188,'MAYEPGC.1.2','Entornos Urbanos: Ejecucin de proyectos de menor escala y con caractersticas particulares a lo largo de toda la ciudad, que buscan la revitalizacin de sectores degradados.',188),(437,188,'MAYEPGC.1.3','Parques Uranos: Puesta en valor de varios de los grandes parques existentes; la creacin de nuevos parques y plazas, contemplando la relacin de la ciudad con el ro, incorporando equipamiento para personas de todas las edades, incentivando la actividad fsica y acercando ms espacios verdes a todos los barrios.',188),(438,188,'MAYEPGC.1.4','Avenidas y Centros Comerciales a Cielo Abierto: Articular y coordinar la participacin de los distintos sectores (pblico/privado) con el fin de mejorar la calidad del Espacio Pblico y estimular el crecimiento econmico.',188),(439,189,'MAYEPGC.2.1','Contribuir en la mejora continua asegurando a la ciudadana la transitabilidad de la ciudad y la accesibilidad de los espacios comunes.',189),(440,189,'MAYEPGC.2.2','Que la ciudadana acceda a espacios pblicos de esparcimiento mantenidos y de calidad.',189),(441,189,'MAYEPGC.2.3','Que la ciudad cuente con un sistema lumnico eficiente, y en pos del ahorro energtico.',189),(442,189,'MAYEPGC.2.4','Que la ciudad cuente con sistemas pluviales capaces de afrontar potenciales inundaciones.',189),(443,189,'MAYEPGC.2.5','Asegurar el gestionamiento, el  mantenimiento,  remodelacin  y  reparacin de los  edificios, equipamientos e instalaciones de los Cementerios  dependientes  del  Gobierno de la Ciudad Autnoma de Buenos Aires',189),(444,190,'MAYEPGC.3.1','Contribuir al desarrollo de una ciudad a escala humana a partir del acceso a servicios de calidad en materia de uso del espacio pblico.',190),(445,190,'MAYEPGC.3.2','Ejercer el poder de polica reduciendo la venta ilegal de bienes de uso para asegurar que los ciudadanos accedan a bienes adecuadamente regulados.',190),(446,190,'MAYEPGC.3.3','Fortalecer la identidad ciudadana  a travs del fomento de actividades artesanales y de produccin de bienes de primera necesidad. As como, fomentar y mejorar la oferta de bienes de primera necesidad.',190),(447,190,'MAYEPGC.3.4','Arte en la Ciudad. Contribuir en la revalorizacin de la ciudad, brindando espacios a la ciudadana para el arte y la recreacin.',190),(448,191,'MAYEPGC.4.1','IMPLEMENTAR UN SISTEMA DE RECICLADO EFICIENTE',191),(449,191,'MAYEPGC.4.2','OPTIMIZAR EL SISTEMA DE RECOLECCIN DE RESIDUOS HMEDOS',191),(450,191,'MAYEPGC.4.3','POTENCIAR EL EHU',191),(451,191,'MAYEPGC.4.4','OPTIMIZAR EL MONITOREO Y CONTROL DEL SISTEMA DE HIGIENE URBANA',191),(452,191,'MAYEPGC.4.5','REDUCIR LA DISPOSICIN FINAL DE RESIDUOS',191),(453,191,'MAYEPGC.4.6','DESARROLLAR UN PLAN DE GESTIN INTEGRADO CONSIDERANDO EL NUEVO ESCENARIO AMBA',191),(454,192,'MAYEPGC.5.1','Sostener y desarrollar una GIRSU ambientalmente adecuada, que promueva el uso eficiente de recursos',192),(455,192,'MAYEPGC.5.2','Implementar una RED de monitoreo.',192),(456,192,'MAYEPGC.5.3','Mitigar el Riesgo Ambiental',192),(457,192,'MAYEPGC.5.4','Jerarquizar al Gobierno de la Ciudad de Buenos Aires como Referente a Nivel Nacional sobre temas ambientales',192),(458,192,'MAYEPGC.5.5','Reduccin de Consumo Elctrico en Poblacin Vulnerable',192),(459,192,'MAYEPGC.5.6','Generar informacin de base para la elaboracin de estrategias de mitigacin y adaptacin',192),(460,192,'MAYEPGC.5.7','Recomponer sitios e industrias de la cuenca del Riachuelo',192),(461,192,'MAYEPGC.5.8','Mejorar la calidad de los procesos administrativos y de resguardo de documentacin.',192),(462,192,'MAYEPGC.5.9','Controlar la gestin con ratios y alertas',192),(463,192,'MAYEPGC.5.10','Asegurar el cumplimiento de la normativa vigente, mejorar el uso del espacio pblico y realizar campañas de concientizacin sobre la tenencia responsable de mascotas',192),(464,176,'BCBA.1.1','Expandir los canales de atencin',176),(465,176,'BCBA.1.2','Consolidar y ampliar el desarrollo de los canales virtuales',176),(466,176,'BCBA.1.3','Desarrollar la oferta de servicios y productos para individuos',176),(467,176,'BCBA.1.4','Mejorar la experiencia del cliente',176),(468,176,'BCBA.1.5','Mejorar los canales de Recaudacin',176),(469,176,'BCBA.1.6','Integridad y Apoyo a la Comunidad',176),(470,177,'BCBA.2.1','Aumentar la cantidad de clientes y el cross-selling de empresas, ofreciendo servicios y productos activos y pasivos',177),(471,178,'BCBA.3.1','Maximizar los ingresos',178),(472,179,'BCBA.4.1','Colocar prstamos hipotecarios',179),(473,180,'EATC.1.1','Garantizar la diversidad en la programacin con eventos de excelencia para todos los pblicos',180),(474,181,'EATC.2.1','Incentivar la incorporacin de nuevos pblicos al Teatro',181),(475,182,'EATC.3.1','Desarrollar planes que permitan captar recursos, a fin de obtener una mayor rentabilidad econmica',182),(476,182,'EATC.3.2','Mejorar la eficacia y eficiencia de la gestin, y la calidad del servicio',182),(477,182,'EATC.3.3','Establecer un programa de RRHH',182),(478,182,'EATC.3.4','Mejorar los servicios bsicos del Ente Autrquico Teatro Coln',182),(479,183,'EATC.4.1','Fomentar el trabajo pedaggico en las artes escnicas',183),(480,266,'SSCOMUNIC.1.1','Presupuesto transversal a todos los proyectos',266),(481,267,'SSCOMUNIC.2.1','Generar la informacin que sea necesaria para conocer la realidad ciudadana y la gestin de Gobierno. .-Apoyo al diseño de estrategias de gestin y comunicacin, convirtiendo datos en informacin y herramientas.',267),(482,268,'SSCOMUNIC.3.1','Utilizar tecnologas que permitan comunicar los diferentes proyectos a audiencias especficas, generando segmentaciones nicas interesadas en polticas pblicas particulares. .-Obtener el mayor detalle sobre el pblico en cuestin para generar contenidos que mejoren la cercana del Jefe de Gobierno a partir de la publicidad Online.',268),(483,268,'SSCOMUNIC.3.2','A partir de las propuestas y necesidades de los vecinos, reforzar el vnculo de cercana entre ellos y los funcionarios del Gobierno.',268),(484,268,'SSCOMUNIC.3.3','Informar a los vecinos del rea metropolitana sobre las acciones conjuntas entre sus Municipios y el Gobierno de la Ciudad.',268),(485,268,'SSCOMUNIC.3.4','Mejorar la comprensin de las conversaciones que se producen en el mundo digital. .-Detectar posibles crisis y oportunidades de comunicacin. .-Monitorear el estado de la opinin pblica.',268),(486,269,'SSCOMUNIC.4.1','Mejorar y ser pro-activos en la comunicacin con los vecinos en base a la informacin que nos dejan en su interaccin con el Gobierno.',269),(487,269,'SSCOMUNIC.4.2','Incrementar el nmero de Vecinos de la Ciudad que participan del diseño, realizacin y seguimiento de las obras, proyectos y dems iniciativas gubernamentales.',269),(488,270,'SSCON.1.1','Agendas Pblicas: Posicionar al GCBA y a su Jefe de Gobierno ante todo evento pblico y actividades de gobierno.',270),(489,270,'SSCON.1.2','Publicidad: Definir y desarrollar la Estrategia General de Comunicacin del Gobierno en su totalidad, definiendo los ejes, valores, filtros, tono y focos.             Diseño de la planificacin anual de campañas y su consecuente estrategia de medios y canales de comunicacin.',270),(490,270,'SSCON.1.3','Marca Ciudad: Crear y posicionar la imagen institucional de la Ciudad a nivel local, regional e  internacional.',270),(491,270,'SSCON.1.4','Usina de informacin: Centralizar informacin de gestin de los Ministerios y de actos y anuncios pblicos de Gobierno',270),(492,270,'SSCON.1.5','Contenido Discursivo: Construccin, unificacin y anlisis del discurso del Jefe de Gobierno y voceros del Gobierno',270),(493,270,'SSCON.1.6','Produccin de contenidos: Desarrollar las piezas de comunicacin que respondan a las necesidades de las Subsecretarias de Contenidos y de Comunicacin y de los Ministerios y Entes del GCBA',270),(494,270,'SSCON.1.7','Planificacin de eventos: Definir y capitalizar los eventos que se celebran en la Ciudad que fortalezcan los ejes y posicionamiento del Gobierno.',270),(495,270,'SSCON.1.8','Agencias. Contar con el asesoramiento necesario para el correcto desenvolvimiento de las actividades de la Subsecretara.',270),(496,271,'SSCYPE.1.1','Laten Argentinos.',271),(497,271,'SSCYPE.1.2','Misa Criolla. INTEGRACION SOCIAL Involucrar a las personas ms alla de sus creencias, de su raza u origen, respetando la libertad de culto. En el marco de la Imponente Catedral de Buenos Aires los asistentes presenciaran la importante misa criolla.  integrando y fomentando los valores de convivencia y tolerancia.',271),(498,271,'SSCYPE.1.3','Gala de msica tropical. EJE DE DISFRUTE      Reivindicar a la musica tropical como uno de los principales generos  dentro de la cultura popular teniendo en cuenta el eje de cercana.',271),(499,271,'SSCYPE.1.4','Tributo a Rodrigo. INTEGRACION SOCIAL Homenajear al maximo exponente del cuarteto en Parque Centenario.',271),(500,271,'SSCYPE.1.5','Valeria Lynch sinfnico. INTEGRACION SOCIAL      Llegar al publico adulto mediante el show masivo de esta reconocida artista teniendo en cuenta el eje de cercana.',271),(501,271,'SSCYPE.1.6','ONG Latinas. INTEGRACION SOCIAL',271),(502,271,'SSCYPE.1.7','Festival a rerse. EJE DE DISFRUTE. Los aficionados al gnero del humor tendrn su festival, que congrega a los principales cmicos del pas teniendo en cuenta el eje de alegra/disfrute.',271),(503,271,'SSCYPE.1.8','Festival mundo verde. EJE DE DISFRUTE. Msica, cine y talleres gratuitos, centrados en un  Festival cultural dedicado a concientizar sobre el consumo responsable y el cuidado del medio ambiente.ofreciendo entretenimiento y conciencia sobre el cuidado de la Ciudad.',271),(504,271,'SSCYPE.1.9','Buenos Aires a bailar. EJE DE DISFRUTE  /CREATIVIDAD. Festival dirigido al publico joven con el fin de fomentar la diversion sana al aire libre bajo el eje del disfrute.',271),(505,193,'MCGC.1.1','Revalorizar la identidad de las comunas y el trabajo colectivo',193),(506,194,'MCGC.2.1','Consolidar el paradigma de la Ciudad Creativa',194),(507,195,'MCGC.3.1','Ampliar la presencia cultural en la ciudad',195),(508,196,'MCGC.4.1','Apoyar la difusin de nuevos artistas',196),(509,197,'MCGC.5.1','Construir un nuevo diagrama de la escena cultural en Buenos Aires',197),(510,253,'SECCCYFP.1.1','Brindar formacin de calidad para los empleados de gobierno con el fin de lograr el desarrollo personal y organizacional deseado.',253),(511,253,'SECCCYFP.1.2','Mejorar de forma continua la cultura organizacional y la calidad de servicio de los empleados con una comunicacin interna efectiva.',253),(512,254,'SECCCYFP.2.1','Generar y fomentar el sentido de pertenencia y compromiso ciudadano valorando el espacio pblico.',254),(513,254,'SECCCYFP.2.2','Coordinar vnculos de relacionamiento estratgico con el sector empresario e instituciones del tercer sector.',254),(514,254,'SECCCYFP.2.3','Generar cambios culturales que promuevan la convivencia y participacin.',254),(515,276,'SSDCCYC.1.1','Facilitar la interaccin del vecino en terminos de su experiencia con las sedes en donde realiza sus trmites',276),(516,276,'SSDCCYC.1.2','Incrementar el nmero de canales de ingreso de reclamos Mejorar las interfaces de comunicacin de los vecinos con el GCBA con el fin de mejorar la experiencia del usuario',276),(517,276,'SSDCCYC.1.3','Integrar los Sistemas de Atencin Ciudadana',276),(518,276,'SSDCCYC.1.4','Identificar tendencias y anticipar nuevos focos demandas',276),(519,276,'SSDCCYC.1.5','Garantizar el correcto funcionamiento de la Gestion de Citas',276),(520,277,'SSDCCYC.2.1','Estandarizar   procesos y calidad de Atencin',277),(521,278,'SSDCCYC.3.1','Brindar un sistema de informacin integrado con el fin de Incrementar el ndice de resolucin de reclamos relacionados al Mantenimiento del Espacio Pblico  durante 201Lograr el cumplimiento de los SLA establecidos y garantizar la respuesta del 100% de los reclamos ingresados',278),(522,278,'SSDCCYC.3.2','Garantizar la verificacin del 100% del universo de Reclamos',278),(523,279,'SSDCCYC.4.1','Incrementar la periodicidad de las mediciones de calidad sobre reas clave respecto del año anterior y evaluar correcciones sugeridas (antes semestral, ahora cuatrimestral)',279),(524,279,'SSDCCYC.4.2','Colaborar en la definicin de los SLA y los estndares bsicos de calidad para los procesos clave de los servicios ms demandados (Reclamos, registro civil, rentas, licencias, infracciones, salud, 147 y Web)',279),(525,279,'SSDCCYC.4.3','Preparar la reformulacin de los procesos con el objetivo de la futura certificacin de normas y estndares internacionales',279),(526,280,'SSDCCYC.5.1','Fortalecer la conciliacin como respuesta gil y eficiente ante los conflictos entre las empresas y consumidores en la comercializacin de bienes y servicios Aumentando la proporcin al 60%',280),(527,280,'SSDCCYC.5.2','Empoderar al Consumidor a travs de la Informacin incrementando el indice de conocimiento al 60%',280),(528,280,'SSDCCYC.5.3','Detectar e iniciar de oficio actuaciones contra prcticas abusivas y publicidad engañosa en violacin a la Legislacin vigente',280),(529,255,'SECDES.1.1','Mejorar los Espacios Publicos Comunales en respuesta a demandas vecinales.',255),(530,255,'SECDES.1.2','Continuar y asistir en el proceso de Descentralizacin.',255),(531,255,'SECDES.1.3','Fortalecer el vnculo con las autoridades comunales.',255),(532,256,'SECDES.2.1','Cumplir con espacios ptimos para el desarrollo de los servicios y la mejora en la atencin al ciudadano.',256),(533,256,'SECDES.2.2','Reforzar el vnculo con organizaciones de accin comunitaria.',256),(534,256,'SECDES.2.3','Difusin de la gestin',256),(535,256,'SECDES.2.4','Fortalecer la identidad comunal.',256),(536,256,'SECDES.2.5','Garantizar el acceso a Defensa al Consumidor en las Comunas.',256),(537,256,'SECDES.2.6','Propiciar el vnculo entre la Polica y los vecinos a travs de la Comuna.',256),(538,257,'SECDES.3.1','Propiciar medidas de ahorro energtico en las Sedes Comunales y posicionar a la Comuna como centro de informacin y auxilio por cortes elctricos.',257),(539,257,'SECDES.3.2','Implementar sistemas expresados en la Ley 4237 y la Ley 4428.',257),(540,258,'SECDES.4.1','Dotar a las sedes de una nueva tecnologa en comunicacin (Telefona IP)',258),(541,258,'SECDES.4.2','Certificacion para la Gestion de Calidad en Atencin al Cliente en las Comunas.',258),(542,258,'SECDES.4.3','Adaptar los puestos de atencin en funcin de optimizar los tiempos de trmite en cada servicio.',258),(543,258,'SECDES.4.4','Definir indicadores para medir y asegurar la ptima calidad en la gestin de las competencias.',258),(544,258,'SECDES.4.5','Profesionalizacin de los Recursos Humanos.',258),(545,259,'SECDES.5.1','Optimizar la gestin del Arbolado Pblico.',259),(546,259,'SECDES.5.2','Prevencin del Uso Indebido del Espacio Pblico.',259),(547,259,'SECDES.5.3','Garantizar la higiene de la Ciudad',259),(548,259,'SECDES.5.4','Agilizacin de la gestin de la competencia.',259),(549,259,'SECDES.5.5','Puesta en valor del Espacio Pblico.',259),(550,259,'SECDES.5.6','Certificaciones',259),(551,259,'SECDES.5.7','Garantizar la concrecin de los proyectos y obras en tiempo y forma.',259),(552,259,'SECDES.5.8','Disminuir los tiempos de atencin al ciudadano.',259),(553,198,'MHYDHGC.1.1','Brindan atencin integral a AM en situacin de calle.',198),(554,198,'MHYDHGC.1.2','Responder a las situaciones de emergencia en barrios vulnerables a travs de brindar servicios.',198),(555,198,'MHYDHGC.1.3','Fortalecer y empoderar a todas las mujeres vctimas de violencia para que puedan acceder a una vida libre de violencia.',198),(556,198,'MHYDHGC.1.4','Generar todas las instancias necesarias para asistir a todos los ciudadanos de la Ciudad de Buenos Aires, que requieran atencin y contencin por el uso de sustancias psicoactivas, buscando garantizar la calidad y efectividad de cada intervencin, con la reinsercin social como eje transversal.',198),(557,198,'MHYDHGC.1.5','Brindar asistencia social inmediata a las personas que se encuentren en situacin de calle.',198),(558,198,'MHYDHGC.1.6','Dar Refugio a Adultos Mayores vctimas de violencia.',198),(559,199,'MHYDHGC.2.1','Aumentar el impacto de gestin a travs de lograr una poltica pblica ms eficiente.',199),(560,200,'MHYDHGC.3.1','Planificar, diseñar -y construir- las obras que garanticen la integracin fsica y social a travs de la Gestin Social del Hbitat, conjuntamente con un trabajo territorial de acompañamiento, empoderamiento y desarrollo de las capacidades de la comunidad por medio de la participacin ciudadana en la transformacin urbana y social de sus barrios.',200),(561,200,'MHYDHGC.3.2','Realizar los relevamientos necesarios para diagnosticar los territorios y obtener informacin sobre el resultado de las intervenciones y as poder diseñar y corregir las estrategias de abordaje en los mismos.',200),(562,200,'MHYDHGC.3.3','Desarrollar e implementar la RED NIDO en villas y asentamientos.',200),(563,200,'MHYDHGC.3.4','Revalorizar el deporte como herramienta de inclusin social e instrumento de intervencin pedaggica.',200),(564,200,'MHYDHGC.3.5','Incrementar la participacin comunitaria.',200),(565,200,'MHYDHGC.3.6','Revalorizar y potenciar la Cultura Viva Comunitaria como motor de la transformacin e inclusin social.',200),(566,200,'MHYDHGC.3.7','Empoderar a las mujeres e incluir la perspectiva de gnero en el diseño y la implementacin de los planes de urbanizacin.',200),(567,200,'MHYDHGC.3.8','Promover el trabajo colaborativo entre la comunidad, organizaciones del tercer sector, organizaciones de base, el sector privado, el sector acadmico y el Estado.',200),(568,201,'MHYDHGC.4.1','Garantizar el crecimiento y desarrollo saludable de los niños y niñas y adolescentes en situacin de vulnerabilidad social de la Ciudad de Buenos Aires, en pos de favorecer la promocin y proteccin de sus derechos.',201),(569,201,'MHYDHGC.4.2','Promover a travs del juego el derecho a crecer en libertad, en conocimiento de los propios derechos.',201),(570,201,'MHYDHGC.4.3','Promover los cuidados prenatales para un desarrollo saludable del embarazo y los primeros meses.',201),(571,201,'MHYDHGC.4.4','Diseñar e implementar polticas que garanticen la asistencia integral, proteccin de derechos, inclusin social y el acceso a nuevas tecnologas de los adultos mayores.',201),(572,201,'MHYDHGC.4.5','Mejorar la calidad de vida de las personas con discapacidad y sus familias.',201),(573,201,'MHYDHGC.4.6','Brindar herramientas para personas con discapacidad que estn estudiando.',201),(574,201,'MHYDHGC.4.7','Aumentar los niveles de acceso al pleno goce de derechos de todos los ciudadanos en CABA.',201),(575,202,'MDUYTGC.1.1','Buenos Aires Ciudad Verde - Plan Hidrulico',202),(576,211,'MDUYTGC.10.1','Incrementar la participacin de la inversin privada en los proyecytos urbanos',211),(577,203,'MDUYTGC.2.1','Buenos Aires Ciudad Verde - Plan de Sustentabilidad Verde',203),(578,204,'MDUYTGC.3.1','Trabajar sobre la extension y el servicio del subte para incrementar la cantidad de usuarios',204),(579,205,'MDUYTGC.4.1','Mejorar el transporte pblico en superficie',205),(580,205,'MDUYTGC.4.2','Seguridad Vial',205),(581,205,'MDUYTGC.4.3','Promover el uso de la bicicleta como medio de transporte',205),(582,205,'MDUYTGC.4.4','Ordenamiento del trnsito',205),(583,205,'MDUYTGC.4.5','Mejora de la atencin al ciudadano',205),(584,205,'MDUYTGC.4.6','Impulsar la movilidad peatonal',205),(585,205,'MDUYTGC.4.7','Aumentar la participacin del transporte pblico y el no motorizado por sobre el uso del automvil particular en la Ciudad y el rea Metropolitana',205),(586,205,'MDUYTGC.4.8','Mejorar e incentivar la movilidad en ferrocarril',205),(587,205,'MDUYTGC.4.9','Eliminar pasos ferroviarios a nivel',205),(588,205,'MDUYTGC.4.10','Mejorar la movilidad frente a las barreras urbanas',205),(589,205,'MDUYTGC.4.11','Mejorar la conectividad con los partidos colindantes a la Ciudad',205),(590,205,'MDUYTGC.4.12','Movilidad Sustentable',205),(591,206,'MDUYTGC.5.1','Plan de Integracin Urbana',206),(592,206,'MDUYTGC.5.2','Buenos Aires Ciudad Verde - Plan de Sustentabilidad Verde',206),(593,206,'MDUYTGC.5.3','Buenos Aires Ciudad Verde - Plan de Sustentabilidad Verde',206),(594,206,'MDUYTGC.5.4','Intervenciones para mejorar la infraestructura de obras vigentes',206),(595,207,'MDUYTGC.6.1','Relocalizacin de edificios Gubernamentales',207),(596,207,'MDUYTGC.6.2','Bienes culturales',207),(597,207,'MDUYTGC.6.3','Planes entorno a las arterias de la Ciudad de Buenos Aires',207),(598,207,'MDUYTGC.6.4','Contribucin a los planes para la urbanizacin de las villas',207),(599,207,'MDUYTGC.6.5','Estudio del impacto urbano de la Obra',207),(600,207,'MDUYTGC.6.6','Plan Estratgico',207),(601,207,'MDUYTGC.6.7','Programas de densificacin',207),(602,207,'MDUYTGC.6.8','Programa Cdigo',207),(603,208,'MDUYTGC.7.1','Barrio Parque Donado Holmberg - Vivienda',208),(604,208,'MDUYTGC.7.2','Plan Urbano Integral Comuna Olmpica - Vivienda',208),(605,209,'MDUYTGC.8.1','Barrio Parque Donado Holmberg - Infraestructura',209),(606,209,'MDUYTGC.8.2','Plan Urbano Integral Comuna Olmpica - Infraestructura',209),(607,210,'MDUYTGC.9.1','Mejorar el transporte pblico en superficie',210),(608,210,'MDUYTGC.9.2','Movilidad Sustentable',210),(609,212,'MEGC.1.1','Mejorar el aprendizaje de los alumnos la escuela primaria y secundaria.',212),(610,213,'MEGC.2.1','Incremento de vacantes para sala de 3 años.',213),(611,213,'MEGC.2.2','Reducir el abandono en la Escuela Media',213),(612,213,'MEGC.2.3','Igualar las oportunidades de educacin de la escuela primaria en toda la Ciudad de Buenos Aires reduciendo la brecha entre comunas de los resultados de las evaluaciones censales.',213),(613,214,'MEGC.3.1','Aumentar la matrcula de estudiantes de los institutos de formacin docente.',214),(614,214,'MEGC.3.2','Consolidar un Sistema Integral de Informacin Educativa. (Abarca la escuela, el alumno y el docente)',214),(615,214,'MEGC.3.3','Plus Escuelas',214),(616,214,'MEGC.3.4','Optimizar las condiciones edilicias de las escuelas de la ciudad',214),(617,215,'MEGC.4.1','Docentes capacitados en nuevas tecnologas.',215),(618,215,'MEGC.4.2','Mejorar las habilidades socioemocionales.',215),(619,215,'MEGC.4.3','Fomentar el emprendedurismo en las escuelas secundarias.',215),(620,215,'MEGC.4.4','Escuelas primarias y medias con jornada extendida virtual.',215),(621,216,'MEGC.5.1','Mejorar el posicionamiento del valor de la escuela y los educadores / Aumentar elndice de confiabilidad de las instituciones educadoras.',216),(622,217,'MGOBGC.1.1','Posicionar a la CABA como referente de gestin responsable, abierta e innovadora',217),(623,217,'MGOBGC.1.2','Fortalecer las relaciones institucionales con el PL',217),(624,217,'MGOBGC.1.3','Liderar los procesos de generacin de consensos para la construccin de una identidad metropolitana',217),(625,217,'MGOBGC.1.4','Coordinar en conjunto con la Sec. Gral la agenda y el trabajo del Gabinete Metropolitano',217),(626,218,'MGOBGC.2.1','AMPLIACION DE LA CAPACIDAD DE DISPOSICION FINAL',218),(627,218,'MGOBGC.2.2','INCREMENTO DE LA CAPACIDAD DE TRATAMIENTO DE RSU',218),(628,218,'MGOBGC.2.3','AUMENTO CAPACIDAD DE GENERARACION DE ENERGIA LIMPIA',218),(629,219,'MGOBGC.3.1','Dar impulso a los procesos de transferencias de competencias entre Nacin y Ciudad',219),(630,219,'MGOBGC.3.2','Potenciar la presencia y accin de la CABA en los Organismos Interjurisdiccionales',219),(631,220,'MHGC.1.1','Desarrollar e implementar alternativas de ahorros en gastos corrientes y de mantenimiento.',220),(632,220,'MHGC.1.2','Desarrollar e implementar proyectos para la generacin y la optimizacin del cobro de otros ingresos.',220),(633,221,'MHGC.2.1','Satisfacer las necesidades de financiamiento del Tesoro mediante instrumentos de corto y largo plazo, manteniendo la reputacin de la Ciudad en los mercados como agente de crdito mediante la buena gestin y una continua comunicacin con los actores relevantes.',221),(634,221,'MHGC.2.2','Desarrollar alternativas de financiamiento con Organismos Multilaterales de Crdito o Agencias de Cooperacin Tcnica y/o Financiera.',221),(635,222,'MHGC.3.1','Incorporar mejoras a procesos transversales del Ministerio donde se brinde soporte a clientes internos.',222),(636,222,'MHGC.3.2','Optimizar los procesos en los que el Ministerio interacte con ciudadanos.',222),(637,222,'MHGC.3.3','Mejorar los procesos donde tiene lugar la interrelacin con proveedores.',222),(638,223,'MHGC.4.1','Planificar el capital humano.',223),(639,223,'MHGC.4.2','Profesionalizar y desarrollar al servidor pblico.',223),(640,223,'MHGC.4.3','Implementar estrategias e incentivos que promuevan la productividad.',223),(641,224,'MHGC.5.1','Sistematizar el seguimiento y la evolucin de los factores que explican el comportamiento de la recaudacin tributaria.',224),(642,224,'MHGC.5.2','Monitorear la estimacin de las principales variables macroeconmicas mediante la interaccin con equipos tcnicos de otros organismos y jurisdicciones.',224),(643,224,'MHGC.5.3','Conformar un equipo de seguimiento que realice monitoreos peridicos detectando potenciales desvos sobre gastos presupuestados.',224),(644,225,'MHGC.6.1','Aumentar la recaudacin, la percepcin del riesgo y fortalecer la inteligencia fiscal.',225),(645,225,'MHGC.6.2','Fortalecer el control de gestin con el fin de gerenciar la operacin y tomar decisiones en base a informacin objetiva, confiable y oportuna.',225),(646,225,'MHGC.6.3','Mejorar la atencin al contribuyente fomentando la cultura tributaria y el cumplimiento voluntario de las obligaciones fiscales.',225),(647,225,'MHGC.6.4','Optimizar el modelo de operacin de la Administracin buscando maximizar el aprovechamiento de los recursos humanos, tecnolgicos y financieros.',225),(648,184,'SECISYU.1.1','Mejorar el acceso a servicios bsicos e infraestructura sanitaria',184),(649,184,'SECISYU.1.2','Mejorar la conectividad y generar espacio pblico',184),(650,185,'SECISYU.2.1','Promover la empleabilidad, formalidad y sostenibilidad econmica de la poblacin econmicamente activa en el territorio',185),(651,186,'SECISYU.3.1','Brindar soluciones habitacionales dignas a las familias relocalizadas de manera involuntaria y/o residentes en el \"Bajo Autopista\"',186),(652,186,'SECISYU.3.2','Garantizar viviendas cuyos materiales y tcnicas de construccin adecuadas, donde se suministren espacios y seguros para vivir, integrados a una estructura comunitaria',186),(653,187,'SECISYU.4.1','Mejorar la calidad y el acceso a los servicios pblicos y sociales brindados a la ciudadana',187),(654,226,'MMIYTGC.1.1','Implementar las mejores prcticas de sustentabildad en el Gobierno de la Ciudad de Buenos Aires.',226),(655,226,'MMIYTGC.1.2','Generar soluciones a la problemtica de los residuos slidos urbanos a travs de la creacion de Estaciones Automticas de Reciclado.',226),(656,226,'MMIYTGC.1.3','Promover la sustentabilidad en base a desarrollo de productos innovadores.',226),(657,235,'MMIYTGC.10.1','Trabajar con los diferentes actores, en el mejoramiento de las cadenas productivas de valor',235),(658,235,'MMIYTGC.10.2','Desarrollar herramientas y espacios formales de inclusin y desarrollo productivo / emprendedor',235),(659,235,'MMIYTGC.10.3','Orientar las programas de formacin, financiamiento y articulacin en funcin de las oportunidades de mercado y la realidad local de las poblaciones ms vulnerable de la ciudad.',235),(660,235,'MMIYTGC.10.4','Fomentar la innovacin en productos y servicios en empresas y de emprendedores para mejorar la calidad de vida de la poblacin ms vulnerable',235),(661,236,'MMIYTGC.11.1','Fortalecer la comunicacin en medios tradicionales y digitales',236),(662,236,'MMIYTGC.11.2','Celebrar eventos de difusin e iniciacin deportiva',236),(663,236,'MMIYTGC.11.3','Continuar y fortalecer las actividades en las escuelas',236),(664,237,'MMIYTGC.12.1','Difundir y dar a conocer el proyecto Buenos Aires 2018',237),(665,237,'MMIYTGC.12.2','Relevamiento y definicin de la infraestructura tecnolgica necesaria',237),(666,237,'MMIYTGC.12.3','Desarrollo de la versin final del Venue Master Plan',237),(667,238,'MMIYTGC.13.1','Elaborar una poltica de desarrollo de nuevos distritos y reas comerciales',238),(668,238,'MMIYTGC.13.2','Hacer de Bs As un destino relevante para la comunidad inversora internacional',238),(669,238,'MMIYTGC.13.3','Buscar firmas extranjeras que quieran basar sus operaciones globales en CABA Proveer un nico punto de contacto de gestin, venta y aftercare',238),(670,238,'MMIYTGC.13.4','Proveer un nico punto de contacto de gestin, venta y aftercare',238),(671,239,'MMIYTGC.14.1','Reglamentacin y/o reforma de la ley de Iniciativas Pblico-Privadas',239),(672,239,'MMIYTGC.14.2','Financiamiento a Pymes y Start-Ups va organismos multilaterales y Venture Capital',239),(673,239,'MMIYTGC.14.3','Utilizar Crowdfunding como instrumento  de Iniciativa Pblico-Privada',239),(674,240,'MMIYTGC.15.1','Ser un estado presente en el dialogo para la prevencin de conflictos',240),(675,241,'MMIYTGC.16.1','Potenciar a las Pymes en desarrollo sustentable',241),(676,241,'MMIYTGC.16.2','Fomentar la empleabilidad desde la articulacin',241),(677,242,'MMIYTGC.17.1','Generacin de proyectos en conjunto con otras reas de GCBA y Nacin',242),(678,243,'MMIYTGC.18.1','Generar Bases de Datos Inteligente.',243),(679,243,'MMIYTGC.18.2','Potenciar el uso y la comunicacin de la Plataforma Digital (Web y Mvil).',243),(680,243,'MMIYTGC.18.3','Promover la transparencia y la apertura de la informacin.',243),(681,244,'MMIYTGC.19.1','Desarrollar el plan de Marca Ciudad',244),(682,244,'MMIYTGC.19.2','Ser sede de Eventos de Alta Visibilidad Mundial',244),(683,227,'MMIYTGC.2.1','Desarrollar mercados y segmentos junto con el sector privado',227),(684,227,'MMIYTGC.2.2','Impulsar experiencias tursticas nicas en Buenos Aires para cada segmento y promocionarlas',227),(685,227,'MMIYTGC.2.3','Potenciar el posicionamiento del Centro de Convenciones de Buenos Aires',227),(686,245,'MMIYTGC.20.1','Ampliar la Infraestructura Inteligente',245),(687,245,'MMIYTGC.20.2','Promover la inclusin social a travs de la tecnologa.',245),(688,246,'MMIYTGC.21.1','Generar informacin para la toma de decisiones, identificar tendencias, orientar y medir las acciones del plan',246),(689,247,'MMIYTGC.22.1','Potenciar la calidad de la oferta turstica',247),(690,247,'MMIYTGC.22.2','Desarrollar nuevas experiencias tursticas alineadas a los objetivos de Ciudad Verde e Inteligente de CABA',247),(691,228,'MMIYTGC.3.1','Crear espacios fsicos y virtuales de co-creacin y participacin.',228),(692,228,'MMIYTGC.3.2','Fomentar procesos y programas de innovacin para la solucionar las problemticas de la Ciudad.',228),(693,228,'MMIYTGC.3.3','Prototipar soluciones disruptivas escalables.',228),(694,229,'MMIYTGC.4.1','Fortalecer la comunicacin con organismos internacionales',229),(695,229,'MMIYTGC.4.2','Definicin y estimacin de recursos',229),(696,229,'MMIYTGC.4.3','Desarrollo de planes operativos y estratgicos',229),(697,229,'MMIYTGC.4.4','Fortalecer la comunicacin dentro de la comunidad local',229),(698,230,'MMIYTGC.5.1','Generar e institucionalizar redes de conocimiento, colaboracin y generacin de valor compartido en el Ecosistema',230),(699,230,'MMIYTGC.5.2','Incorporar herramientas cientficas y tecnologicas para innovar dentro y fuera del del sistema pblico .',230),(700,230,'MMIYTGC.5.3','Fortalecer la transferencia tecnolgica orientada a resultados y  aumentar la cantidad de patentes de ciudad',230),(701,230,'MMIYTGC.5.4','Facilitar el acceso a la informacin, financiamiento y capacitacin de los diferentes sectores',230),(702,231,'MMIYTGC.6.1','Estimular el espiritu y la actitud creativa, innovadora y emprendedora',231),(703,231,'MMIYTGC.6.2','Identificar, conectar y potenciar el talento local con el pas y el mundo',231),(704,232,'MMIYTGC.7.1','Promover al emprendimiento (de base tecnolgica, cultura y social) y el trabajo productivo como motor de desarrollo econmico',232),(705,232,'MMIYTGC.7.2','Fortalecer el ecosistema emprendedor local',232),(706,232,'MMIYTGC.7.3','Detectar y acompañar a emprendedores de alto impacto',232),(707,233,'MMIYTGC.8.1','Generar espacios de intecambio y promocin de las industrias a nivel local',233),(708,233,'MMIYTGC.8.2','Incorporar capacidades tecnolgicas, creativas y de comercio exterior en emprendedores, Pymes, Empresas y otras instituciones y aumentar su competitividad',233),(709,233,'MMIYTGC.8.3','Potenciar y afianzar el desarrollo de las industrias creativas en la ciudad, de la mano de los Distritos',233),(710,233,'MMIYTGC.8.4','Promover y aumentar la internalizacin de las industrias estratgicas',233),(711,234,'MMIYTGC.9.1','Detectar y generar los marcos legales adecuados, que permitan integrar a la vida de la ciudad, las nuevas tendencias de generacin econmica',234),(712,234,'MMIYTGC.9.2','Generar incentivos pblicos que potencien el desarrollo de las tendencias de desarrollo econmico local',234),(713,272,'SSSYP.1.1','Desarrollar, en las distintas reas del GCBA, proyectos relacionados con el relevamiento, diseño e implementacin de procesos verticales y transversales de gestin, aplicando las herramientas de soporte documental y transaccional disponibles, promoviendo la integracin de ambas y asistir a las reas de gobierno en la definicin e implementacin de modelos informticos de explotacin de datos',272),(714,272,'SSSYP.1.2','Profundizar la transformacin evolutiva del gobierno electrnico, priorizando las necesidades de los ciudadanos',272),(715,273,'SSSYP.2.1','Evolucionar en trminos de visin tecnolgica (Por rea interna)',273),(716,273,'SSSYP.2.2','Nuevo servicio al ciudadano y GCBA',273),(717,273,'SSSYP.2.3','Asegurar la Continuidad Operacional (Por rea interna)',273),(718,274,'SSSYP.3.1','Asegurar la Continuidad Operacional (Por rea interna)',274),(719,275,'SSSYP.4.1','Estructurar la Organizacin orientada a Servicios con capacidad para el cumplimiento de SLAs',275),(720,248,'MSGC.1.1','Ley de Historia Clnica nica Electrnica',248),(721,248,'MSGC.1.2','Historia clnica electrnica nica',248),(722,248,'MSGC.1.3','Estrategia de turnos y sistemas gubernamentales de salud',248),(723,248,'MSGC.1.4','Salud Mvil y Comunicacin Ciudadana',248),(724,249,'MSGC.2.1','Plan Integral de Seguridad',249),(725,249,'MSGC.2.2','Coordinacin con la Agencia Gubernamental de Control',249),(726,249,'MSGC.2.3','Mejora del sistema de atencin en el AMBA',249),(727,249,'MSGC.2.4','Delegacin de compentencias de regulacin y fiscalizacin',249),(728,249,'MSGC.2.5','Acuerdos interministeriales',249),(729,250,'MSGC.3.1','Fortalecer la red de APS',250),(730,250,'MSGC.3.2','Potenciar la estrategia de salud comunitaria',250),(731,250,'MSGC.3.3','Crear servicios ambulatorios extrahospitalarios en red',250),(732,251,'MSGC.4.1','Diseño Plan Integral 2030',251),(733,251,'MSGC.4.2','Finalizacin de Obras Crticas',251),(734,251,'MSGC.4.3','Crear Master Plan de Obras 2030',251),(735,251,'MSGC.4.4','Rediseñar los sistemas de guardias, traslados y SAME',251),(736,252,'MSGC.5.1','Incrementar la eficiencia del gasto',252),(737,252,'MSGC.5.2','Aumentar el ingreso de terceros financiadores',252),(738,260,'SGYRI.1.1','Integrar Buenos Aires al mundo/Buenos Aires Comunidad de Inversin, Ideas y Talentos.',260),(739,260,'SGYRI.1.2','Visibilizar la Gestin y la Ciudad en el Mundo',260),(740,260,'SGYRI.1.3','Promover espacios de encuentro interreligioso y acompañar las distintas iniciativas que realizan las comunidades de Fe y organizaciones de dialogo interreligioso',260),(741,261,'SGYRI.2.1','Liderar la planificacin y coordinacin de los Festejos del Bicentenario de la Independencia',261),(742,261,'SGYRI.2.2','Crear una identidad disruptiva de la forma de relacionarse del Gobierno, fomentando la cercana y calidez del Jefe de Gobierno',261),(743,261,'SGYRI.2.3','Revitalizar al CoPE como espacio de relacionamiento del Gobierno con OSCs',261),(744,261,'SGYRI.2.4','Acompañar los proyectos de promocin social e inclusin que llevan a cabo las comunidades de fe de la CABA',261),(745,262,'SGYRI.3.1','Contribuir al cumplimiento de los objetivos y compromisos prioritarios de gobierno',262),(746,262,'SGYRI.3.2','Potenciar la implementacin de polticas transversales e interjurisdiccionales',262),(747,262,'SGYRI.3.3','Internacionalizar la gestin de la Ciudad',262),(748,263,'SGCBA.1.1','Diseñar la Matriz de Riesgo por tipologa derivada de los enunciados de la Ley N° 70/98 (Presupuestarios, Econmicos, Financieros, patrimoniales, Normativos y de Gestin)',263),(749,263,'SGCBA.1.2','Implementar una herramienta de autodiagnstico y mejora para la Madurez del Control Interno',263),(750,263,'SGCBA.1.3','Promover la certificacin de la norma ISO 9001:2015 en todas las Unidades de Auditora Interna y las principales ocho (8) Dependencias de Atencin al Ciudadano',263),(751,263,'SGCBA.1.4','Actualizar y Editar el Nuevo Manual de Control Interno del Gobierno de la Ciudad de Buenos Aires (Versin impresa y digital)',263),(752,263,'SGCBA.1.5','Relacionar a la Sindicatura con los Organismos Nacionales e Internacionales de Control Interno que profundicen nuestro conocimiento profesional y acadmico',263),(753,263,'SGCBA.1.6','Promover la cultura de la excelencia acadmica en el control interno, a travs de actividades de formacin, intercambio de experiencias y trabajo coordinado',263),(754,264,'SGCBA.2.1','Ser el rgano de consulta, capacitacin e implementacin del Control Interno a partir del Dilogo Interministerial',264),(755,264,'SGCBA.2.2','Fortalecer la relacin institucional entre la Sindicatura y las distintas reas de gobierno',264),(756,265,'SGCBA.3.1','Garantizar a la Sindicatura un nivel de Control Interno con los estndares internacionales de Madurez y Calidad Institucional',265),(757,265,'SGCBA.3.2','Revisar y diagnosticar los recursos humanos de la Sindicatura (Idoneidad profesional, Retiros, Jubilaciones, Comisiones, Licencias, etc.)',265),(758,265,'SGCBA.3.3','Lograr un nivel de capacitacin de excelencia de los Agentes Gubernamentales comprometidos con el Control Interno',265),(759,265,'SGCBA.3.4','Elaborar los informes de Auditora y las Minutas para el Jefe de Gobierno. Llevar a cabo Auditoras por programas presupuestarios',265),(760,265,'SGCBA.3.5','Mejorar el Sistema Informtico de Control Interno',265),(761,281,'AVJG.1.1','Generar proyectos legislativos relacionados a Juventud',281),(762,281,'AVJG.1.2','Generar convenios para realizar acciones conjuntas con otras reas para fortalecer los ejes de trabajo',281),(763,290,'AVJG.10.1','Promocin mediante eventos gastronmicos especiales',290),(764,290,'AVJG.10.2','Promocin masiva',290),(765,290,'AVJG.10.3','Consolidar la temtica mediante la institucin de museos referentes',290),(766,291,'AVJG.11.1','Fomentar la orientacin familiar',291),(767,291,'AVJG.11.2','Evaluacin del impacto familiar',291),(768,292,'AVJG.12.1','Promocin Masiva',292),(769,292,'AVJG.12.2','Eventos Especiales',292),(770,282,'AVJG.2.1','Reducir las enfermedades de transmisin sexual entre los jvenes y los embarazos prematuros',282),(771,282,'AVJG.2.2','Impulsar las conductas saludables entre los jvenes',282),(772,283,'AVJG.3.1','Generar una fuente de informacin estadstica confiable sobre las situaciones que afectan la juventud y de seguimiento de polticas pblicas aplicadas a los jvenes',283),(773,284,'AVJG.4.1','Incentivar la expresin cultural joven',284),(774,284,'AVJG.4.2','Disponer de espacios de comunicacin e informacin joven',284),(775,284,'AVJG.4.3','Disponer de espacios de encuentro e integracin para jvenes',284),(776,284,'AVJG.4.4','Fomentar el compromiso ciudadano y democrtico de los jvenes de la Ciudad',284),(777,285,'AVJG.5.1','Reducir el desempleo joven',285),(778,285,'AVJG.5.2','Posicionar a la Ciudad de Buenos Aires como el principal polo universitario de Latinoamrica',285),(779,286,'AVJG.6.1','Potenciar el Desarrollo Deportivo, Igualando las oportunidades de acceso a la actividad deportiva',286),(780,286,'AVJG.6.2','Posicionar a BA como la Ciudad Activa referente de Latinoamerica',286),(781,286,'AVJG.6.3','Fortalecer y promover los clubes barriales',286),(782,286,'AVJG.6.4','Generar y potenciar la cercana del deporte y actividad fsica al Ciudadano identificando y potenciando espacios urbanos',286),(783,286,'AVJG.6.5','Promover el espritu y los valores olmpicos de la Ciudad',286),(784,286,'AVJG.6.6','Infraestructura. Mejorar y poner en valor las instalaciones deportivas (12 polideportivos existentes y 4 parques)',286),(785,287,'AVJG.7.1','Desarrollar polticas y acciones que pongan en relieve el valor y la riqueza del pluralismo cultural.',287),(786,287,'AVJG.7.2','Difundir y promover la cultura cvica en Derechos Humanos, fomentando alianzas estratgicas con organismos e instituciones nacionales e internacionales.',287),(787,287,'AVJG.7.3','Fomentar la convivencia urbana sostenida en el dilogo, la inclusin, el encuentro.',287),(788,287,'AVJG.7.4','Posicionar a la CABA como modelo de integracin y respeto por la diversidad sexual',287),(789,287,'AVJG.7.5','Fomentar la integracin de los colectivos inmigrantes en la Ciudad de Buenos Aires',287),(790,287,'AVJG.7.6','Posicionar al Parque de la Memoria como el espacio pblico de referencia para la construccin de la memoria del terrorismo de estado, a travs del arte y la educacin.',287),(791,288,'AVJG.8.1','Fomentar la gastronoma como poltica generadora de empleo, seguridad e inclusin social',288),(792,288,'AVJG.8.2','Desarrollo de mercados de productos y platos elaborados',288),(793,289,'AVJG.9.1','Atencin de la poblacin en Estaciones Saludables',289),(794,289,'AVJG.9.2','Focalizacin en la problemtica de sobrepeso infantil mediante el programa Mi Escuela Saludable',289),(795,289,'AVJG.9.3','Investigacin',289),(796,289,'AVJG.9.4','Promocin de los programas saludables',289);
/*!40000 ALTER TABLE `objetivo_operativo` ENABLE KEYS */;
UNLOCK TABLES;

--
-- Table structure for table `permiso_entidad`
--

DROP TABLE IF EXISTS `permiso_entidad`;
/*!40101 SET @saved_cs_client     = @@character_set_client */;
/*!40101 SET character_set_client = utf8 */;
CREATE TABLE `permiso_entidad` (
  `idPermisoEntidad` int(11) NOT NULL AUTO_INCREMENT,
  `alta` tinyint(1) NOT NULL,
  `idRol` int(11) NOT NULL,
  `baja` tinyint(1) NOT NULL,
  `modificacion` tinyint(1) NOT NULL,
  `nombre` varchar(50) NOT NULL,
  PRIMARY KEY (`idPermisoEntidad`),
  KEY `FK_idRol_pe` (`idRol`),
  CONSTRAINT `FK_idRol_pe` FOREIGN KEY (`idRol`) REFERENCES `rol` (`idRol`)
) ENGINE=InnoDB AUTO_INCREMENT=4 DEFAULT CHARSET=latin1;
/*!40101 SET character_set_client = @saved_cs_client */;

--
-- Dumping data for table `permiso_entidad`
--

LOCK TABLES `permiso_entidad` WRITE;
/*!40000 ALTER TABLE `permiso_entidad` DISABLE KEYS */;
INSERT INTO `permiso_entidad` VALUES (1,1,1,1,1,'admin'),(2,0,2,0,0,'jurisdiccion'),(3,1,2,0,1,'proyecto');
/*!40000 ALTER TABLE `permiso_entidad` ENABLE KEYS */;
UNLOCK TABLES;

--
-- Table structure for table `poblacion_meta`
--

DROP TABLE IF EXISTS `poblacion_meta`;
/*!40101 SET @saved_cs_client     = @@character_set_client */;
/*!40101 SET character_set_client = utf8 */;
CREATE TABLE `poblacion_meta` (
  `idPoblacionMeta` int(11) NOT NULL AUTO_INCREMENT,
  `nombre` varchar(512) NOT NULL,
  PRIMARY KEY (`idPoblacionMeta`)
) ENGINE=InnoDB AUTO_INCREMENT=101 DEFAULT CHARSET=latin1;
/*!40101 SET character_set_client = @saved_cs_client */;

--
-- Dumping data for table `poblacion_meta`
--

LOCK TABLES `poblacion_meta` WRITE;
/*!40000 ALTER TABLE `poblacion_meta` DISABLE KEYS */;
INSERT INTO `poblacion_meta` VALUES (17,'Adulto'),(18,'Adulto Mayor'),(19,'Ciudadano en General'),(20,'Desempleado'),(21,'Emprendedor'),(22,'Empresa'),(23,'Estudiante'),(24,'Joven'),(25,'Jubilado'),(26,'Mujer'),(27,'Niño'),(28,'PyME'),(29,'Trabajador'),(30,'Turista'),(31,'Niño/Primera Infancia'),(32,'Joven'),(33,'Adulto'),(34,'Adulto Mayor'),(35,'Estudiante'),(36,'Trabajador'),(37,'Emprendedor'),(38,'Desempleado'),(39,'Ni estudia Ni trabaja'),(40,'PyME'),(41,'Empresa Grande'),(42,'Turista'),(43,'Mujer'),(44,'Ciudadano en General'),(45,'Niño/Primera Infancia'),(46,'Joven'),(47,'Adulto'),(48,'Adulto Mayor'),(49,'Estudiante'),(50,'Trabajador'),(51,'Emprendedor'),(52,'Desempleado'),(53,'Ni estudia Ni trabaja'),(54,'PyME'),(55,'Empresa Grande'),(56,'Turista'),(57,'Mujer'),(58,'Ciudadano en General'),(59,'Niño/Primera Infancia'),(60,'Joven'),(61,'Adulto'),(62,'Adulto Mayor'),(63,'Estudiante'),(64,'Trabajador'),(65,'Emprendedor'),(66,'Desempleado'),(67,'Ni estudia Ni trabaja'),(68,'PyME'),(69,'Empresa Grande'),(70,'Turista'),(71,'Mujer'),(72,'Ciudadano en General'),(73,'Niño/Primera Infancia'),(74,'Joven'),(75,'Adulto'),(76,'Adulto Mayor'),(77,'Estudiante'),(78,'Trabajador'),(79,'Emprendedor'),(80,'Desempleado'),(81,'Ni estudia Ni trabaja'),(82,'PyME'),(83,'Empresa Grande'),(84,'Turista'),(85,'Mujer'),(86,'Ciudadano en General'),(87,'Niño/Primera Infancia'),(88,'Joven'),(89,'Adulto'),(90,'Adulto Mayor'),(91,'Estudiante'),(92,'Trabajador'),(93,'Emprendedor'),(94,'Desempleado'),(95,'Ni estudia Ni trabaja'),(96,'PyME'),(97,'Empresa Grande'),(98,'Turista'),(99,'Mujer'),(100,'Ciudadano en General');
/*!40000 ALTER TABLE `poblacion_meta` ENABLE KEYS */;
UNLOCK TABLES;

--
-- Table structure for table `poblacion_meta_por_proyecto`
--

DROP TABLE IF EXISTS `poblacion_meta_por_proyecto`;
/*!40101 SET @saved_cs_client     = @@character_set_client */;
/*!40101 SET character_set_client = utf8 */;
CREATE TABLE `poblacion_meta_por_proyecto` (
  `idProyecto` int(11) NOT NULL,
  `idPoblacionMeta` int(11) NOT NULL,
  PRIMARY KEY (`idProyecto`,`idPoblacionMeta`),
  KEY `FK_idPoblacionMeta` (`idPoblacionMeta`),
  CONSTRAINT `FK_idPoblacionMeta` FOREIGN KEY (`idPoblacionMeta`) REFERENCES `poblacion_meta` (`idPoblacionMeta`),
  CONSTRAINT `FK_idProyecto_poblacionMeta` FOREIGN KEY (`idProyecto`) REFERENCES `proyecto` (`idProyecto`)
) ENGINE=InnoDB DEFAULT CHARSET=latin1;
/*!40101 SET character_set_client = @saved_cs_client */;

--
-- Dumping data for table `poblacion_meta_por_proyecto`
--

LOCK TABLES `poblacion_meta_por_proyecto` WRITE;
/*!40000 ALTER TABLE `poblacion_meta_por_proyecto` DISABLE KEYS */;
INSERT INTO `poblacion_meta_por_proyecto` VALUES (226,17),(226,33),(226,47),(226,61),(226,75),(226,89),(227,17),(227,33),(227,47),(227,61),(227,75),(227,89),(228,17),(228,33),(228,47),(228,61),(228,75),(228,89),(229,17),(229,33),(229,47),(229,61),(229,75),(229,89),(231,24),(231,32),(231,46),(231,60),(231,74),(231,88);
/*!40000 ALTER TABLE `poblacion_meta_por_proyecto` ENABLE KEYS */;
UNLOCK TABLES;

--
-- Table structure for table `presupuesto_por_anio`
--

DROP TABLE IF EXISTS `presupuesto_por_anio`;
/*!40101 SET @saved_cs_client     = @@character_set_client */;
/*!40101 SET character_set_client = utf8 */;
CREATE TABLE `presupuesto_por_anio` (
  `idPresupuestoPoranio` int(11) NOT NULL AUTO_INCREMENT,
  `idProyecto` int(11) DEFAULT NULL,
  `anio` smallint(6) NOT NULL,
  `presupuesto` double NOT NULL,
  PRIMARY KEY (`idPresupuestoPoranio`),
  KEY `FK_idProyecto_presupuestoPorAnio` (`idProyecto`),
  CONSTRAINT `FK_idProyecto_presupuestoPorAnio` FOREIGN KEY (`idProyecto`) REFERENCES `proyecto` (`idProyecto`)
) ENGINE=InnoDB AUTO_INCREMENT=13 DEFAULT CHARSET=latin1;
/*!40101 SET character_set_client = @saved_cs_client */;

--
-- Dumping data for table `presupuesto_por_anio`
--

LOCK TABLES `presupuesto_por_anio` WRITE;
/*!40000 ALTER TABLE `presupuesto_por_anio` DISABLE KEYS */;
INSERT INTO `presupuesto_por_anio` VALUES (1,226,2017,1000),(2,227,2017,1000),(3,228,2017,10000),(4,229,2017,0),(5,230,2017,0),(6,231,2017,0),(7,232,2017,0),(8,233,2017,0),(9,234,2017,0),(10,235,2017,0),(11,236,2017,0),(12,237,2017,70000000);
/*!40000 ALTER TABLE `presupuesto_por_anio` ENABLE KEYS */;
UNLOCK TABLES;

--
-- Table structure for table `proyecto`
--

DROP TABLE IF EXISTS `proyecto`;
/*!40101 SET @saved_cs_client     = @@character_set_client */;
/*!40101 SET character_set_client = utf8 */;
CREATE TABLE `proyecto` (
  `idProyecto` int(10) NOT NULL AUTO_INCREMENT,
  `codigo` varchar(50) DEFAULT NULL,
  `nombre` varchar(512) NOT NULL,
  `descripcion` text,
  `idObjetivoOperativo` int(11) DEFAULT NULL,
  `tipoProyecto` varchar(50) DEFAULT NULL,
  `meta` decimal(10,2) DEFAULT NULL,
  `unidadMeta` varchar(512) DEFAULT NULL,
  `poblacionAfectada` bigint(20) DEFAULT NULL,
  `liderProyecto` varchar(512) DEFAULT NULL,
  `area` varchar(512) DEFAULT NULL,
  `tipoUbicacionGeografica` varchar(50) DEFAULT NULL,
  `direccion` varchar(512) DEFAULT NULL,
  `cambioLegislativo` tinyint(4) DEFAULT NULL,
  `fechaInicio` date NOT NULL,
  `fechaFin` date DEFAULT NULL,
  `prioridadJurisdiccional` varchar(50) DEFAULT NULL,
  `estado` varchar(50) DEFAULT NULL,
  `idObjetivoOperativo2` int(11) NOT NULL,
  `idJurisdiccion2` int(11) DEFAULT NULL,
  `idObjetivoJurisdiccional2` int(11) DEFAULT NULL,
  `organismosCorresponsables` varchar(512) DEFAULT NULL,
  PRIMARY KEY (`idProyecto`),
  KEY `FK_idObjetivoOperativo_proyecto` (`idObjetivoOperativo`),
  CONSTRAINT `FK_idObjetivoOperativo_proyecto` FOREIGN KEY (`idObjetivoOperativo`) REFERENCES `objetivo_operativo` (`idObjetivoOperativo`)
) ENGINE=InnoDB AUTO_INCREMENT=238 DEFAULT CHARSET=latin1;
/*!40101 SET character_set_client = @saved_cs_client */;

--
-- Dumping data for table `proyecto`
--

LOCK TABLES `proyecto` WRITE;
/*!40000 ALTER TABLE `proyecto` DISABLE KEYS */;
INSERT INTO `proyecto` VALUES (226,NULL,'PAU_C_05 - Completo Dirección','Descripcion de proyecto Descripcion de proyecto Descripcion de proyecto Descripcion de proyecto Descripcion de proyecto Descripcion de proyecto Descripcion de proyecto Descripcion de proyecto Descripcion de proyecto Descripcion de proyecto Descripcion de proyecto Descripcion de proyecto Descripcion de proyecto Descripcion de proyecto Descripcion de proyecto Descripcion de proyecto Descripcion de proyecto Descripcion de proyecto Descripcion de proyecto Descripcion de proyecto Descripcion de proyecto Descripcion de proyecto Descripcion de proyecto Descripcion de proyecto Descripcion de proyecto Descripcion de proyecto Descripcion de proyecto Descripcion de proyecto Descripcion de proyecto Descripcion de proyecto Descripcion de proyecto ',524,'Nuevo',100.00,'UnidadDeLaMeta UnidadDeLaMeta UnidadDeLaMeta UnidadDeLaMeta UnidadDeLaMeta UnidadDeLaMeta UnidadDeLaMeta UnidadDeLaMeta UnidadDeLaMeta UnidadDeLaMeta UnidadDeLaMeta UnidadDeLaMeta UnidadDeLaMeta UnidadDeLaMeta UnidadDeLaMeta UnidadDeLaMeta UnidadDeLaMeta UnidadDeLaMeta UnidadDeLaMeta UnidadDeLaMeta UnidadDeLaMeta UnidadDeLaMeta UnidadDeLaMeta UnidadDeLaMeta UnidadDeLaMeta UnidadDeLaMeta UnidadDeLaMeta UnidadDeLaMeta UnidadDeLaMeta UnidadDeLaMeta UnidadDeLaMeta UnidadDeLaMeta UnidadDeLaMeta UnidadDeLaMeta',2147483647,'Nombre y Apellido Nombre y Apellido Nombre y Apellido Nombre y Apellido Nombre y Apellido Nombre y Apellido Nombre y Apellido Nombre y Apellido Nombre y Apellido Nombre y Apellido Nombre y Apellido Nombre y Apellido Nombre y Apellido Nombre y Apellido Nombre y Apellido Nombre y Apellido Nombre y Apellido Nombre y Apellido Nombre y Apellido Nombre y Apellido Nombre y Apellido Nombre y Apellido Nombre y Apellido Nombre y Apellido Nombre y Apellido Nombre y Apellido Nombre y Apellido ','Área Área Área Área Área Área Área Área Área Área Área Área Área Área Área Área Área Área Área Área Área Área Área Área Área Área Área Área Área Área Área Área Área Área Área Área Área Área Área Área Área Área Área Área Área Área Área Área Área Área Área Área Área Área Área Área Área Área Área Área Área Área Área Área Área Área Área Área ','Dirección','Valle 1158',0,'2017-04-05','2018-04-08','3.Baja','Borrador',524,70,279,'Organismos Corresponsables Organismos Corresponsables Organismos Corresponsables Organismos Corresponsables Organismos Corresponsables Organismos Corresponsables Organismos Corresponsables Organismos Corresponsables Organismos Corresponsables Organismos Corresponsables Organismos Corresponsables Organismos Corresponsables Organismos Corresponsables Organismos Corresponsables Organismos Corresponsables Organismos Corresponsables Organismos Corresponsables Organismos '),(227,NULL,'PAU_C_06 - Completo Comunas','Descripcion de proyecto Descripcion de proyecto Descripcion de proyecto Descripcion de proyecto Descripcion de proyecto Descripcion de proyecto Descripcion de proyecto Descripcion de proyecto Descripcion de proyecto Descripcion de proyecto Descripcion de proyecto Descripcion de proyecto Descripcion de proyecto Descripcion de proyecto Descripcion de proyecto Descripcion de proyecto Descripcion de proyecto Descripcion de proyecto Descripcion de proyecto Descripcion de proyecto Descripcion de proyecto Descripcion de proyecto Descripcion de proyecto Descripcion de proyecto Descripcion de proyecto Descripcion de proyecto Descripcion de proyecto Descripcion de proyecto Descripcion de proyecto Descripcion de proyecto Descripcion de proyecto ',524,'Nuevo',100.00,'UnidadDeLaMeta UnidadDeLaMeta UnidadDeLaMeta UnidadDeLaMeta UnidadDeLaMeta UnidadDeLaMeta UnidadDeLaMeta UnidadDeLaMeta UnidadDeLaMeta UnidadDeLaMeta UnidadDeLaMeta UnidadDeLaMeta UnidadDeLaMeta UnidadDeLaMeta UnidadDeLaMeta UnidadDeLaMeta UnidadDeLaMeta UnidadDeLaMeta UnidadDeLaMeta UnidadDeLaMeta UnidadDeLaMeta UnidadDeLaMeta UnidadDeLaMeta UnidadDeLaMeta UnidadDeLaMeta UnidadDeLaMeta UnidadDeLaMeta UnidadDeLaMeta UnidadDeLaMeta UnidadDeLaMeta UnidadDeLaMeta UnidadDeLaMeta UnidadDeLaMeta UnidadDeLaMeta',2147483647,'Nombre y Apellido Nombre y Apellido Nombre y Apellido Nombre y Apellido Nombre y Apellido Nombre y Apellido Nombre y Apellido Nombre y Apellido Nombre y Apellido Nombre y Apellido Nombre y Apellido Nombre y Apellido Nombre y Apellido Nombre y Apellido Nombre y Apellido Nombre y Apellido Nombre y Apellido Nombre y Apellido Nombre y Apellido Nombre y Apellido Nombre y Apellido Nombre y Apellido Nombre y Apellido Nombre y Apellido Nombre y Apellido Nombre y Apellido Nombre y Apellido ','Área Área Área Área Área Área Área Área Área Área Área Área Área Área Área Área Área Área Área Área Área Área Área Área Área Área Área Área Área Área Área Área Área Área Área Área Área Área Área Área Área Área Área Área Área Área Área Área Área Área Área Área Área Área Área Área Área Área Área Área Área Área Área Área Área Área Área Área ','Comunas','',0,'2017-04-05','2018-04-09','3.Baja','Borrador',524,70,279,'Organismos Corresponsables Organismos Corresponsables Organismos Corresponsables Organismos Corresponsables Organismos Corresponsables Organismos Corresponsables Organismos Corresponsables Organismos Corresponsables Organismos Corresponsables Organismos Corresponsables Organismos Corresponsables Organismos Corresponsables Organismos Corresponsables Organismos Corresponsables Organismos Corresponsables Organismos Corresponsables Organismos Corresponsables Organismos '),(228,NULL,'PAU_C_07 - Completo sin definir','Descripcion de proyecto Descripcion de proyecto Descripcion de proyecto Descripcion de proyecto Descripcion de proyecto Descripcion de proyecto Descripcion de proyecto Descripcion de proyecto Descripcion de proyecto Descripcion de proyecto Descripcion de proyecto Descripcion de proyecto Descripcion de proyecto Descripcion de proyecto Descripcion de proyecto Descripcion de proyecto Descripcion de proyecto Descripcion de proyecto Descripcion de proyecto Descripcion de proyecto Descripcion de proyecto Descripcion de proyecto Descripcion de proyecto Descripcion de proyecto Descripcion de proyecto Descripcion de proyecto Descripcion de proyecto Descripcion de proyecto Descripcion de proyecto Descripcion de proyecto Descripcion de proyecto ',524,'Nuevo',100.00,'UnidadDeLaMeta UnidadDeLaMeta UnidadDeLaMeta UnidadDeLaMeta UnidadDeLaMeta UnidadDeLaMeta UnidadDeLaMeta UnidadDeLaMeta UnidadDeLaMeta UnidadDeLaMeta UnidadDeLaMeta UnidadDeLaMeta UnidadDeLaMeta UnidadDeLaMeta UnidadDeLaMeta UnidadDeLaMeta UnidadDeLaMeta UnidadDeLaMeta UnidadDeLaMeta UnidadDeLaMeta UnidadDeLaMeta UnidadDeLaMeta UnidadDeLaMeta UnidadDeLaMeta UnidadDeLaMeta UnidadDeLaMeta UnidadDeLaMeta UnidadDeLaMeta UnidadDeLaMeta UnidadDeLaMeta UnidadDeLaMeta UnidadDeLaMeta UnidadDeLaMeta UnidadDeLaMeta',2147483647,'Nombre y Apellido Nombre y Apellido Nombre y Apellido Nombre y Apellido Nombre y Apellido Nombre y Apellido Nombre y Apellido Nombre y Apellido Nombre y Apellido Nombre y Apellido Nombre y Apellido Nombre y Apellido Nombre y Apellido Nombre y Apellido Nombre y Apellido Nombre y Apellido Nombre y Apellido Nombre y Apellido Nombre y Apellido Nombre y Apellido Nombre y Apellido Nombre y Apellido Nombre y Apellido Nombre y Apellido Nombre y Apellido Nombre y Apellido Nombre y Apellido ','Área Área Área Área Área Área Área Área Área Área Área Área Área Área Área Área Área Área Área Área Área Área Área Área Área Área Área Área Área Área Área Área Área Área Área Área Área Área Área Área Área Área Área Área Área Área Área Área Área Área Área Área Área Área Área Área Área Área Área Área Área Área Área Área Área Área Área Área ','Sin Definir','',0,'2017-04-05','2018-04-10','3.Baja','Borrador',524,70,279,'Organismos Corresponsables Organismos Corresponsables Organismos Corresponsables Organismos Corresponsables Organismos Corresponsables Organismos Corresponsables Organismos Corresponsables Organismos Corresponsables Organismos Corresponsables Organismos Corresponsables Organismos Corresponsables Organismos Corresponsables Organismos Corresponsables Organismos Corresponsables Organismos Corresponsables Organismos Corresponsables Organismos Corresponsables Organismos '),(229,NULL,'PAU_C_08 - Completo no corresponde','Descripcion de proyecto Descripcion de proyecto Descripcion de proyecto Descripcion de proyecto Descripcion de proyecto Descripcion de proyecto Descripcion de proyecto Descripcion de proyecto Descripcion de proyecto Descripcion de proyecto Descripcion de proyecto Descripcion de proyecto Descripcion de proyecto Descripcion de proyecto Descripcion de proyecto Descripcion de proyecto Descripcion de proyecto Descripcion de proyecto Descripcion de proyecto Descripcion de proyecto Descripcion de proyecto Descripcion de proyecto Descripcion de proyecto Descripcion de proyecto Descripcion de proyecto Descripcion de proyecto Descripcion de proyecto Descripcion de proyecto Descripcion de proyecto Descripcion de proyecto Descripcion de proyecto ',524,'Nuevo',100.00,'UnidadDeLaMeta UnidadDeLaMeta UnidadDeLaMeta UnidadDeLaMeta UnidadDeLaMeta UnidadDeLaMeta UnidadDeLaMeta UnidadDeLaMeta UnidadDeLaMeta UnidadDeLaMeta UnidadDeLaMeta UnidadDeLaMeta UnidadDeLaMeta UnidadDeLaMeta UnidadDeLaMeta UnidadDeLaMeta UnidadDeLaMeta UnidadDeLaMeta UnidadDeLaMeta UnidadDeLaMeta UnidadDeLaMeta UnidadDeLaMeta UnidadDeLaMeta UnidadDeLaMeta UnidadDeLaMeta UnidadDeLaMeta UnidadDeLaMeta UnidadDeLaMeta UnidadDeLaMeta UnidadDeLaMeta UnidadDeLaMeta UnidadDeLaMeta UnidadDeLaMeta UnidadDeLaMeta',2147483647,'Nombre y Apellido Nombre y Apellido Nombre y Apellido Nombre y Apellido Nombre y Apellido Nombre y Apellido Nombre y Apellido Nombre y Apellido Nombre y Apellido Nombre y Apellido Nombre y Apellido Nombre y Apellido Nombre y Apellido Nombre y Apellido Nombre y Apellido Nombre y Apellido Nombre y Apellido Nombre y Apellido Nombre y Apellido Nombre y Apellido Nombre y Apellido Nombre y Apellido Nombre y Apellido Nombre y Apellido Nombre y Apellido Nombre y Apellido Nombre y Apellido ','Área Área Área Área Área Área Área Área Área Área Área Área Área Área Área Área Área Área Área Área Área Área Área Área Área Área Área Área Área Área Área Área Área Área Área Área Área Área Área Área Área Área Área Área Área Área Área Área Área Área Área Área Área Área Área Área Área Área Área Área Área Área Área Área Área Área Área Área ','No Corresponde','',0,'2017-04-05','2018-04-11','','Borrador',524,70,279,'Organismos Corresponsables Organismos Corresponsables Organismos Corresponsables Organismos Corresponsables Organismos Corresponsables Organismos Corresponsables Organismos Corresponsables Organismos Corresponsables Organismos Corresponsables Organismos Corresponsables Organismos Corresponsables Organismos Corresponsables Organismos Corresponsables Organismos Corresponsables Organismos Corresponsables Organismos Corresponsables Organismos Corresponsables Organismos '),(230,NULL,'PAU_C_09 - No corresponde + comunas','Descripcion de proyecto Descripcion de proyecto Descripcion de proyecto Descripcion de proyecto Descripcion de proyecto Descripcion de proyecto Descripcion de proyecto Descripcion de proyecto Descripcion de proyecto Descripcion de proyecto Descripcion de proyecto Descripcion de proyecto Descripcion de proyecto Descripcion de proyecto Descripcion de proyecto Descripcion de proyecto Descripcion de proyecto Descripcion de proyecto Descripcion de proyecto Descripcion de proyecto Descripcion de proyecto Descripcion de proyecto Descripcion de proyecto Descripcion de proyecto Descripcion de proyecto Descripcion de proyecto Descripcion de proyecto Descripcion de proyecto Descripcion de proyecto Descripcion de proyecto Descripcion de proyecto ',524,'Nuevo',100.00,'UnidadDeLaMeta UnidadDeLaMeta UnidadDeLaMeta UnidadDeLaMeta UnidadDeLaMeta UnidadDeLaMeta UnidadDeLaMeta UnidadDeLaMeta UnidadDeLaMeta UnidadDeLaMeta UnidadDeLaMeta UnidadDeLaMeta UnidadDeLaMeta UnidadDeLaMeta UnidadDeLaMeta UnidadDeLaMeta UnidadDeLaMeta UnidadDeLaMeta UnidadDeLaMeta UnidadDeLaMeta UnidadDeLaMeta UnidadDeLaMeta UnidadDeLaMeta UnidadDeLaMeta UnidadDeLaMeta UnidadDeLaMeta UnidadDeLaMeta UnidadDeLaMeta UnidadDeLaMeta UnidadDeLaMeta UnidadDeLaMeta UnidadDeLaMeta UnidadDeLaMeta UnidadDeLaMeta',2147483647,'Nombre y Apellido Nombre y Apellido Nombre y Apellido Nombre y Apellido Nombre y Apellido Nombre y Apellido Nombre y Apellido Nombre y Apellido Nombre y Apellido Nombre y Apellido Nombre y Apellido Nombre y Apellido Nombre y Apellido Nombre y Apellido Nombre y Apellido Nombre y Apellido Nombre y Apellido Nombre y Apellido Nombre y Apellido Nombre y Apellido Nombre y Apellido Nombre y Apellido Nombre y Apellido Nombre y Apellido Nombre y Apellido Nombre y Apellido Nombre y Apellido ','Área Área Área Área Área Área Área Área Área Área Área Área Área Área Área Área Área Área Área Área Área Área Área Área Área Área Área Área Área Área Área Área Área Área Área Área Área Área Área Área Área Área Área Área Área Área Área Área Área Área Área Área Área Área Área Área Área Área Área Área Área Área Área Área Área Área Área Área ','No Corresponde','Valle 1158',0,'2017-04-05','2018-04-12','','Borrador',524,70,279,'Organismos Corresponsables Organismos Corresponsables Organismos Corresponsables Organismos Corresponsables Organismos Corresponsables Organismos Corresponsables Organismos Corresponsables Organismos Corresponsables Organismos Corresponsables Organismos Corresponsables Organismos Corresponsables Organismos Corresponsables Organismos Corresponsables Organismos Corresponsables Organismos Corresponsables Organismos Corresponsables Organismos Corresponsables Organismos '),(231,NULL,'PAU_C_10 - Segmentos, comunas y ejes repetidos','Descripcion de proyecto Descripcion de proyecto Descripcion de proyecto Descripcion de proyecto Descripcion de proyecto Descripcion de proyecto Descripcion de proyecto Descripcion de proyecto Descripcion de proyecto Descripcion de proyecto Descripcion de proyecto Descripcion de proyecto Descripcion de proyecto Descripcion de proyecto Descripcion de proyecto Descripcion de proyecto Descripcion de proyecto Descripcion de proyecto Descripcion de proyecto Descripcion de proyecto Descripcion de proyecto Descripcion de proyecto Descripcion de proyecto Descripcion de proyecto Descripcion de proyecto Descripcion de proyecto Descripcion de proyecto Descripcion de proyecto Descripcion de proyecto Descripcion de proyecto Descripcion de proyecto ',524,'Nuevo',100.00,'UnidadDeLaMeta UnidadDeLaMeta UnidadDeLaMeta UnidadDeLaMeta UnidadDeLaMeta UnidadDeLaMeta UnidadDeLaMeta UnidadDeLaMeta UnidadDeLaMeta UnidadDeLaMeta UnidadDeLaMeta UnidadDeLaMeta UnidadDeLaMeta UnidadDeLaMeta UnidadDeLaMeta UnidadDeLaMeta UnidadDeLaMeta UnidadDeLaMeta UnidadDeLaMeta UnidadDeLaMeta UnidadDeLaMeta UnidadDeLaMeta UnidadDeLaMeta UnidadDeLaMeta UnidadDeLaMeta UnidadDeLaMeta UnidadDeLaMeta UnidadDeLaMeta UnidadDeLaMeta UnidadDeLaMeta UnidadDeLaMeta UnidadDeLaMeta UnidadDeLaMeta UnidadDeLaMeta',2147483647,'Nombre y Apellido Nombre y Apellido Nombre y Apellido Nombre y Apellido Nombre y Apellido Nombre y Apellido Nombre y Apellido Nombre y Apellido Nombre y Apellido Nombre y Apellido Nombre y Apellido Nombre y Apellido Nombre y Apellido Nombre y Apellido Nombre y Apellido Nombre y Apellido Nombre y Apellido Nombre y Apellido Nombre y Apellido Nombre y Apellido Nombre y Apellido Nombre y Apellido Nombre y Apellido Nombre y Apellido Nombre y Apellido Nombre y Apellido Nombre y Apellido ','Área Área Área Área Área Área Área Área Área Área Área Área Área Área Área Área Área Área Área Área Área Área Área Área Área Área Área Área Área Área Área Área Área Área Área Área Área Área Área Área Área Área Área Área Área Área Área Área Área Área Área Área Área Área Área Área Área Área Área Área Área Área Área Área Área Área Área Área ','Comunas','',0,'2017-04-05','2018-04-13','','Borrador',524,70,279,'Organismos Corresponsables Organismos Corresponsables Organismos Corresponsables Organismos Corresponsables Organismos Corresponsables Organismos Corresponsables Organismos Corresponsables Organismos Corresponsables Organismos Corresponsables Organismos Corresponsables Organismos Corresponsables Organismos Corresponsables Organismos Corresponsables Organismos Corresponsables Organismos Corresponsables Organismos Corresponsables Organismos Corresponsables Organismos '),(232,NULL,'PAU_C_12 - Solo campos obligatorios','',524,'',0.00,'',0,'','','','',0,'2017-04-05','2018-04-15','','Borrador',524,70,279,''),(233,NULL,'PAU_C_13 - Solo campos obligatorios, nuevos objetivos','',430,'',0.00,'',0,'','','','',0,'2017-04-05',NULL,'','Borrador',430,70,173,''),(234,NULL,'PAU_C_14 - Nuevo objetivo operativo','',430,'',0.00,'',0,'','','','',0,'2017-04-05',NULL,'','Borrador',430,70,279,''),(235,NULL,'PAU_C_15 - Nueva relacion de objetivos','',430,'',0.00,'',0,'','','','',0,'2017-04-05',NULL,'','Borrador',430,70,280,''),(236,NULL,'PAU_C_16 - Reusar nuevos objetivos operativos','',430,'',0.00,'',0,'','','','',0,'2017-04-05',NULL,'','Borrador',430,70,173,''),(237,NULL,'PAU_C_17 - Presupuesto sin fechas','',430,'Ampliación',0.00,'',0,'','','','',0,'2017-08-05',NULL,'','Borrador',430,70,276,'');
/*!40000 ALTER TABLE `proyecto` ENABLE KEYS */;
UNLOCK TABLES;

--
-- Table structure for table `rol`
--

DROP TABLE IF EXISTS `rol`;
/*!40101 SET @saved_cs_client     = @@character_set_client */;
/*!40101 SET character_set_client = utf8 */;
CREATE TABLE `rol` (
  `idRol` int(11) NOT NULL AUTO_INCREMENT,
  `nombre` varchar(50) NOT NULL,
  `descripcion` varchar(100) NOT NULL,
  PRIMARY KEY (`idRol`)
) ENGINE=InnoDB AUTO_INCREMENT=5 DEFAULT CHARSET=latin1;
/*!40101 SET character_set_client = @saved_cs_client */;

--
-- Dumping data for table `rol`
--

LOCK TABLES `rol` WRITE;
/*!40000 ALTER TABLE `rol` DISABLE KEYS */;
INSERT INTO `rol` VALUES (1,'admin','desc admin'),(2,'user','desc user'),(3,'admin2','desc admin2');
/*!40000 ALTER TABLE `rol` ENABLE KEYS */;
UNLOCK TABLES;

--
-- Table structure for table `rol_por_usuario`
--

DROP TABLE IF EXISTS `rol_por_usuario`;
/*!40101 SET @saved_cs_client     = @@character_set_client */;
/*!40101 SET character_set_client = utf8 */;
CREATE TABLE `rol_por_usuario` (
  `rol_idRol` int(11) NOT NULL,
  `usuario_idUsuario` int(11) NOT NULL,
  PRIMARY KEY (`rol_idRol`,`usuario_idUsuario`),
  KEY `usuario_fk` (`usuario_idUsuario`),
  CONSTRAINT `rol_fk` FOREIGN KEY (`rol_idRol`) REFERENCES `rol` (`idRol`),
  CONSTRAINT `usuario_fk` FOREIGN KEY (`usuario_idUsuario`) REFERENCES `usuario` (`idUsuario`)
) ENGINE=InnoDB DEFAULT CHARSET=latin1;
/*!40101 SET character_set_client = @saved_cs_client */;

--
-- Dumping data for table `rol_por_usuario`
--

LOCK TABLES `rol_por_usuario` WRITE;
/*!40000 ALTER TABLE `rol_por_usuario` DISABLE KEYS */;
INSERT INTO `rol_por_usuario` VALUES (1,1),(2,1),(2,2),(3,1),(3,2);
/*!40000 ALTER TABLE `rol_por_usuario` ENABLE KEYS */;
UNLOCK TABLES;

--
-- Table structure for table `usuario`
--

DROP TABLE IF EXISTS `usuario`;
/*!40101 SET @saved_cs_client     = @@character_set_client */;
/*!40101 SET character_set_client = utf8 */;
CREATE TABLE `usuario` (
  `idUsuario` int(11) NOT NULL AUTO_INCREMENT,
  `nombre` varchar(50) NOT NULL,
  `apellido` varchar(50) NOT NULL,
  `email` varchar(50) NOT NULL,
  `descripcion` varchar(100) NOT NULL,
  PRIMARY KEY (`idUsuario`)
) ENGINE=InnoDB AUTO_INCREMENT=4 DEFAULT CHARSET=latin1;
/*!40101 SET character_set_client = @saved_cs_client */;

--
-- Dumping data for table `usuario`
--

LOCK TABLES `usuario` WRITE;
/*!40000 ALTER TABLE `usuario` DISABLE KEYS */;
INSERT INTO `usuario` VALUES (1,'Federico','Bucich','fbucich@hexacta.com','User Fede Bucich'),(2,'Esteban','Socas','esocas@hexacta.com','User Esteban socas'),(3,'pwilczek','apellido','pwilczek@buenosaires.gob.ar','usuario que valida en mock');
/*!40000 ALTER TABLE `usuario` ENABLE KEYS */;
UNLOCK TABLES;

--
-- Table structure for table `usuario_por_jurisdiccion`
--

DROP TABLE IF EXISTS `usuario_por_jurisdiccion`;
/*!40101 SET @saved_cs_client     = @@character_set_client */;
/*!40101 SET character_set_client = utf8 */;
CREATE TABLE `usuario_por_jurisdiccion` (
  `idUsuarioPorJurisdiccion` int(11) NOT NULL AUTO_INCREMENT,
  `idJurisdiccion` int(11) NOT NULL,
  `idUsuario` int(11) NOT NULL,
  PRIMARY KEY (`idUsuarioPorJurisdiccion`),
  KEY `FK_idJurisdiccion` (`idJurisdiccion`),
  KEY `FK_idUsuario_jurisdiccion` (`idUsuario`),
  CONSTRAINT `FK_idJurisdiccion` FOREIGN KEY (`idJurisdiccion`) REFERENCES `jurisdiccion` (`idJurisdiccion`),
  CONSTRAINT `FK_idUsuario_jurisdiccion` FOREIGN KEY (`idUsuario`) REFERENCES `usuario` (`idUsuario`)
) ENGINE=InnoDB AUTO_INCREMENT=2 DEFAULT CHARSET=latin1;
/*!40101 SET character_set_client = @saved_cs_client */;

--
-- Dumping data for table `usuario_por_jurisdiccion`
--

LOCK TABLES `usuario_por_jurisdiccion` WRITE;
/*!40000 ALTER TABLE `usuario_por_jurisdiccion` DISABLE KEYS */;
INSERT INTO `usuario_por_jurisdiccion` VALUES (1,1,1);
/*!40000 ALTER TABLE `usuario_por_jurisdiccion` ENABLE KEYS */;
UNLOCK TABLES;
/*!40103 SET TIME_ZONE=@OLD_TIME_ZONE */;

/*!40101 SET SQL_MODE=@OLD_SQL_MODE */;
/*!40014 SET FOREIGN_KEY_CHECKS=@OLD_FOREIGN_KEY_CHECKS */;
/*!40014 SET UNIQUE_CHECKS=@OLD_UNIQUE_CHECKS */;
/*!40101 SET CHARACTER_SET_CLIENT=@OLD_CHARACTER_SET_CLIENT */;
/*!40101 SET CHARACTER_SET_RESULTS=@OLD_CHARACTER_SET_RESULTS */;
/*!40101 SET COLLATION_CONNECTION=@OLD_COLLATION_CONNECTION */;
/*!40111 SET SQL_NOTES=@OLD_SQL_NOTES */;

-- Dump completed on 2016-08-11  9:48:29
