-- --------------------------------------------------------
-- Host:                         127.0.0.1
-- Server version:               10.1.14-MariaDB - mariadb.org binary distribution
-- Server OS:                    Win64
-- HeidiSQL Version:             9.1.0.4867
-- --------------------------------------------------------

/*!40101 SET @OLD_CHARACTER_SET_CLIENT=@@CHARACTER_SET_CLIENT */;
/*!40101 SET NAMES utf8mb4 */;
/*!40014 SET @OLD_FOREIGN_KEY_CHECKS=@@FOREIGN_KEY_CHECKS, FOREIGN_KEY_CHECKS=0 */;
/*!40101 SET @OLD_SQL_MODE=@@SQL_MODE, SQL_MODE='NO_AUTO_VALUE_ON_ZERO' */;


-- Dumping data for table proyectos_ba_generated.jurisdiccion: ~31 rows (approximately)
DELETE FROM `jurisdiccion`;
/*!40000 ALTER TABLE `jurisdiccion` DISABLE KEYS */;
INSERT INTO `jurisdiccion` (`idJurisdiccion`, `nombre`, `abreviatura`, `mision`, `codigo`) VALUES
	(1, 'Agencia Gubernamental de Control', 'AGC', 'Transformar las conductas del ciudadano incrementando su nivel de compromiso en el cumplimiento de "las normas ciudadanas" a través de un estado que administra un modelo de gestión de la convivencia con herramientas ágiles, transparentes e inteligentes.', 'AGC'),
	(2, 'Banco Ciudad de Buenos Aires', 'Bco. Cdad.', 'Hacer foco en la banca social y la banca de desarrollo siendo rentables', 'BCBA'),
	(3, 'Corporación Buenos Aires Sur', 'Corp. BsAs Sur', '', 'CBAS'),
	(4, 'Ministerio de Ambiente y Espacio Público', 'MAYEP', 'Entender en la ejecución y planificación de políticas tendientes a la recuperación del espacio público, así como en aquellas obras de regeneración urbana y puesta en valor integral a implementarse en las distintas áreas de la Ciudad de Buenos Aires. Diseñar y ejecutar las políticas de Mantenimiento Integral del Espacio Público en pos de la conservación y remodelación de la Ciudad de Buenos Aires. Promover políticas de calidad en pos de un adecuado uso del espacio, así como entender en la ejecución y planificación de políticas que tiendan a su recuperación. Implementar programas y proyectos de Higiene Urbana relacionados con la recuperación, reutilización, reciclado, tratamiento y disposición final de los residuos sólidos urbanos. Volver a la CABA una ciudad más sustentable y resiliente. Contribuyendo a su vez en un adecuado control de las poblaciones que la componen. Así como agilizando y eficientizando los procesos de comunicación hacia el organismo. ', 'MAYEPGC'),
	(5, 'Ministerio de Desarrollo Urbano y Transporte', 'MDU', '', 'MDUYTGC'),
	(6, 'Ministerio de Desarrollo Urbano y Transporte (IVC)', 'MDU (IVC)', '', 'MDUYTGC.IVC'),
	(7, 'Ministerio de Desarrollo Urbano y Transporte (SBASE)', 'MDU (SBASE)', '', 'MDUYTGC.SBASE'),
	(8, 'Ministerio de Desarrollo Urbano y Transporte (STRANS)', 'MDU (STRANS)', '', 'MDUYTGC.STRANS'),
	(9, 'Ministerio de Cultura', 'Min. Cul.', 'Repensar y promover la Cultura en la Ciudad con la mirada puesta en el Siglo XXI', 'MCGC'),
	(10, 'Ministerio de Desarrollo Humano y Hábitat', 'Min. Des. Hum. Y Háb.', 'Dar una respuesta integral y transversal a las diferentes problemáticas que condicionan la igualdad real de oportunidades y de trato en las distintas etapas de la vida, asegurando la integralidad de las prestaciones con eje en la familia, creando las condiciones que garanticen la inclusión social y la participación comunitaria, a través de la gestión social del hábitat.', 'MHYDHGC'),
	(11, 'Ministerio de Educación', 'Min. Edu.', 'Transformar a la Ciudad de Buenos Aires en una "Ciudad Educadora" de calidad y orientada al futuro con escuelas que inviten a la inclusión, promuevan la igualdad de oportunidades y acompañen la entrada de los chicos al siglo XXI.', 'MEGC'),
	(12, 'Ministerio de Gobierno', 'Min. Gob', 'En ejercicio pleno de su autonomía, posicionar a la CABA como ejemplo de gestión transparente e innovadora, convivencia e integración metropolitana', 'MGOBGC'),
	(13, 'Ministerio de Hacienda', 'Min. Hac.', 'Contribuir al desarrollo y concreción de los proyectos del gobierno mediante una gestión eficiente que garantice la generación de recursos, la optimización de gastos, la coordinación de recursos humanos y la simplificación de los procedimientos.', 'MHGC'),
	(14, 'Ministerio de Justicia y Seguridad', 'Min. Just. Y Seg.', '', 'MJYSGC'),
	(15, 'Ministerio de Modernización, Innovación y Tecnología', 'Min. Mod.', 'Convertir a CABA en el eje impulsor de innovación del país y en la capital de innovación de América Latina. Duplicar el impacto que el turismo tiene en el desarrollo económico de CABA. Organizar los mejores juegos olímpicos de la juventud de la historia. Hacer de CABA la mayor usina emprendedora y de trabajo productivo de América Latina. Articular la mayor inversión público privada de la historia de una gestión en CABA. ', 'MMIYTGC'),
	(16, 'Ministerio de Salud', 'Min. Sal.', 'Sistema de Salud en Red con priorización de la APS basado en las necesidades y la participación de la comunidad, brindando servicios de calidad en forma eficiente con incremento en los niveles de satisfacción del ciudadano.', 'MSGC'),
	(17, 'Procuración General', 'Proc. Gral.', '', 'PG'),
	(18, 'Secretaría de Cultura Ciudadana y Función Pública', 'Sec. Cult. Ciud. Y Fun. Publ.', 'Promover los cambios culturales necesarios en la implementación de políticas públicas que contribuyan a tener una organización alineada con un servicio de calidad y la buena convivencia entre vecinos, a fin de lograr que BA sea el mejor lugar para vivir.', 'SECCCYFP'),
	(19, 'Secretaría de Desarrollo Ciudadano (Vicejefatura)', 'Sec. Des. Ciud.', '', 'SECDC'),
	(20, 'Secretaría de Descentralización', 'Sec. Desc.', 'Consolidar la presencia del Estado a través de Comunas abiertas, democráticas y participativas. Los pilares serán la cercanía y calidez en la atención al vecino y garantizar la constancia en la prosecución de los objetivos preestablecidos.', 'SECDES'),
	(21, 'Secretaría General y Relaciones Internacionales', 'Sec. Gral. Y Rel. Int.', 'Contribuir al logro del mejor gobierno de la historia de la Ciudad', 'SGYRI'),
	(22, 'Secretaría de Integración Social y Urbana - Villa 31', 'Sec. Int. Soc Y Urb.', 'Diseñar estrategias, planes, políticas y proyectos vinculados a la integración urbana, social y económica Retiro – Puerto y de las Villas 31 y 31bis, coordinando pautas y acciones comunes con los actores comunitarios y otros organismos de orden municipal y nacional en el ejercicio del proyecto de urbanización y de inclusión socioeconómica; generando herramientas para que sus habitantes puedan desarrollar sus proyectos de vida', 'SECISYU'),
	(23, 'Secretaría de Medios', 'Sec. Med.', '', 'SECM'),
	(24, 'Secretaría de Planificación, Evaluación y Coordinación de Gestión', 'Sec. Plan. Ev. Y Cont. Gest.', '', 'SECPECG'),
	(25, 'Sindicatura General de la Ciudad de Buenos Aires', 'Sind. Gral.', 'Acompañar la gestión de gobierno, asegurando un Sistema de Control Interno que genere y consolide todas las medidas de gobierno para gestionar anticipadamente los riesgos  de la administración y aumentar las probabilidades de alcanzar los objetivos y metas establecidas por el Jefe de Gobierno en los aspectos normativos y transparencia de la gestión.', 'SGCBA'),
	(26, 'Subsecretaría de Comunicación', 'Subs. Comun.', 'Cominicación directa y personalizada con el vecino.', 'SSCOMUNIC'),
	(27, 'Subsecretaría de Contenidos', 'Subs. Cont.', 'Lograr una buena percepción, por parte de los vecinos, de la Ciudad y de su Gobierno', 'SSCON'),
	(28, 'Subsecretaría de Coordinación y Promoción de Eventos', 'Subs. Coord. Y Prom. Ev.', 'Posicionar a la Ciudad como polo generador de eventos unicos gratuitos para los vecinos, que fomenten el encuentro, la participación y la concientización.', 'SSCYPE'),
	(29, 'Subsecretaría de Demanda Ciudadana, Calidad y Cercanía', 'Subs. Dem. Ciud. Cal. Y Cerc.', 'Escuchar, Conocer e Interpretar al Ciudadano,  sus Demandas y Necesidades desde una fuerte Política de Cercanía, con un Seguimiento y Control de la Respuesta que damos como Gobierno, midiendo su Calidad y la Satisfacción del vecino.', 'SSDCCYC'),
	(30, 'Subsecretaría de Sistemas y Procesos', 'Subst. Sist. Y Proc.', 'Participar en forma activa en el diseño y la coordinación de la políticas de transformación y modernización en las distintas áreas del gobierno y proponer normas en esta materia. Organizar y coordinar con todas las dependencias del Poder Ejecutivo, la infraestructura informática, de telecomunicaciones y de los sistemas de información como así también los procesos operativos y de gestión.', 'SSSYP'),
	(31, 'Ente Autarquico Teatro Colón', 'T. Colón', 'La misión del Teatro Colón es brindar una programación con un alto nivel de excelencia y calidad artística. El Teatro debe llevar a cabo este encargo velando por el interés cultural, artístico y social de su programa; permitiendo una profunda integración con la sociedad toda.', 'EATC');
/*!40000 ALTER TABLE `jurisdiccion` ENABLE KEYS */;

-- Dumping data for table proyectos_ba_generated.objetivo_jurisdiccional: ~124 rows (approximately)
DELETE FROM `objetivo_jurisdiccional`;
/*!40000 ALTER TABLE `objetivo_jurisdiccional` DISABLE KEYS */;
INSERT INTO `objetivo_jurisdiccional` (`idObjetivoJurisdiccional`, `idJurisdiccion`, `codigo`, `nombre`, `idJurisdiccionAux`) VALUES
	(1, 1, 'AGC.1', 'Aumentar la proximidad ciudadana a traves de un modelo participativo y transparente', 1),
	(2, 1, 'AGC.2', 'Fortalecer un modelo de inspección amplio e inteligente, integrado con el esquema sancionatorio que acompañe al vecino a desarrollar una conducta apegada a las normas de buena convivencia.', 1),
	(3, 1, 'AGC.3', 'Integrar todos los Organismos Administrativos Permisionarios en un Organismo único de Registración y Normalización de datos (permisos y habilitaciones productivas y comerciales) desarrollando un único canal de interacción con el vecino que agilice los servicios otorgados por la Agencia y los dote de mayor transparencia.', 1),
	(4, 2, 'BCBA.1', 'Acompañar y propiciar el desarrollo de empresas, con foco en las Pymes y Mypes', 2),
	(5, 2, 'BCBA.2', 'Ampliar la llegada de la propuesta de valor de los productos y servicios del Banco Ciudad a una mayor cantidad de ciudadanos', 2),
	(6, 2, 'BCBA.3', 'Lograr una rentabilidad sustentable de largo plazo para el Banco', 2),
	(7, 2, 'BCBA.4', 'Sostener el crédito a largo plazo ofreciendo alternativas de financiamiento accesibles a las familias', 2),
	(8, 31, 'EATC.1', 'Modernizar la gestión del Teatro', 31),
	(9, 31, 'EATC.2', 'Ofrecer una temporada artística de nivel y de calidad', 31),
	(10, 31, 'EATC.3', 'Profundizar la integración del Teatro con la sociedad toda', 31),
	(11, 31, 'EATC.4', 'Promover el desarrollo de las generaciones emergentes en la formación de artes teatrales', 31),
	(12, 4, 'MAYEPGC.1', 'Asegurar el cumplimiento de la normativa vigente  y regular así el Uso del Espacio Público priorizando los intereses ciudadanos y contribuyendo en la puesta en valor de los espacios comunes.', 4),
	(13, 4, 'MAYEPGC.2', 'Mejora la calidad ambiental y efectos sobre cambio climático colaborando en la recomposición de los Recursos Naturales afectados y el el mejoramiento del uso del Espacio Público.', 4),
	(14, 4, 'MAYEPGC.3', 'Que la Ciudad de Buenos Aires sea una ciudad más Limpia.', 4),
	(15, 4, 'MAYEPGC.4', 'Que la ciudadanía acceda a un Espacio Público conservado y accesible, asegurando una mejor calidad de vida a la población.', 4),
	(16, 4, 'MAYEPGC.5', 'Realizar obras de Regeneración Urbana con el objetivo de lograr una ciudad más inclusiva y sustentable, en constante diálogo con el arte y la innovación.', 4),
	(17, 9, 'MCGC.1', 'Apuntalar la cultura pública no estatal', 9),
	(18, 9, 'MCGC.2', 'Optimizar la línea de cultura en la calle', 9),
	(19, 9, 'MCGC.3', 'Potenciar, revitalizar y transformar los programas artístico-culturales en las comunas', 9),
	(20, 9, 'MCGC.4', 'Refuncionalizar los efectores públicos', 9),
	(21, 9, 'MCGC.5', 'Visibilizar expresiones culturales jóvenes', 9),
	(22, 10, 'MHYDHGC.1', 'Asegurar la integralidad y eficacia de las prestaciones', 10),
	(23, 10, 'MHYDHGC.2', 'Crear las condiciones que garanticen la inclusión social y la participación comunitaria a través de la gestión social del Hábitat en villas, asentamientos y su entorno inmediato.', 10),
	(24, 10, 'MHYDHGC.3', 'Garantizar la Igualdad de Oportunidades', 10),
	(25, 10, 'MHYDHGC.4', 'Respuesta ante las situaciones de emergencia social', 10),
	(26, 5, 'MDUYTGC.1', 'Continuar con la implementación del Plan Hidráulico', 5),
	(27, 5, 'MDUYTGC.2', 'Desarrollo de la movilidad para mejorar la vida de los vecinos', 5),
	(28, 5, 'MDUYTGC.3', 'Fomentar la ejecución de proyectos público-privados', 5),
	(29, 5, 'MDUYTGC.4', 'Implementar una mirada de desarrollo urbanistico integral', 5),
	(30, 5, 'MDUYTGC.5', 'Incluir el desarrollo de los vecinos dentro de la planificación urbanistica de la ciudad', 5),
	(31, 5, 'MDUYTGC.6', 'Incrementar la Igualdad de oportunidades', 5),
	(32, 5, 'MDUYTGC.7', 'Promover el desarrollo sostenible de la ciudad de Buenos Aires', 5),
	(33, 5, 'MDUYTGC.8', 'Mejorar el acceso a la vivienda ', 6),
	(34, 7, 'MDUYTGC.SBASE.1', 'Mejorar el servicio de Subterraneos', 7),
	(35, 8, 'MDUYTGC.STRANS.1', 'Mejorar el transporte público en superficie', 8),
	(36, 11, 'MEGC.1', 'Asegurar la equidad educativa', 11),
	(37, 11, 'MEGC.2', 'Asegurar la sustentabilidad del sistema educativo', 11),
	(38, 11, 'MEGC.3', 'Mejorar la Calidad Educativa', 11),
	(39, 11, 'MEGC.4', 'Orientar la escuela hacia el futuro', 11),
	(40, 11, 'MEGC.5', 'Promover el concepto de Ciudad Educadora', 11),
	(41, 12, 'MGOBGC.1', 'Creación de una cultura metropolitana que sea ejemplo de convivencia y gestión responsable, abierta e innovadora', 12),
	(42, 12, 'MGOBGC.2', 'Desarrollar en un sistema equilibrado el tratamiento y la disposición final de residuos sólidos urbanos del Área Metropolitana propendiendo a una mayor generación de Energía Limpia', 12),
	(43, 12, 'MGOBGC.3', 'Fortalecer el ejercicio pleno de la autonomía', 12),
	(44, 13, 'MHGC.1', 'Consolidar alternativas de financiamiento de corto y largo plazo destinadas a cubrir necesidades transitorias y proyectos estratégicos garantizando un perfil de deuda sostenible para la Ciudad Autónoma de Buenos Aires.', 13),
	(45, 13, 'MHGC.2', 'Contribuir al desarrollo de servidores públicos comprometidos y orientados a brindar servicios de calidad a los ciudadanos, mediante estructuras organizativas y dotaciones ajustadas a las necesidades de la gestión.', 13),
	(46, 13, 'MHGC.3', 'Desarrollar un esquema de programación económica que permita generar mayor calidad de información para la toma de decisiones.', 13),
	(47, 13, 'MHGC.4', 'Impulsar un plan integral de optimización de gastos e ingresos mediante la detección continua de oportunidades de ahorros y generación de otros ingresos y su correspondiente implementación de acciones que permitan su aplicación en inversiones.', 13),
	(48, 13, 'MHGC.5', 'Profundizar la simplificación de procedimientos mediante la revisión de procesos y la incorporación de nuevas herramientas tecnológicas que garanticen eficiencia y agilidad en la gestión operativa, económica y financiera, y en la interacción con ciudadanos, proveedores y clientes internos.', 13),
	(49, 13, 'MHGC.6', 'Promover el crecimiento sostenido de los ingresos tributarios mediante la implementación de prácticas innovadoras y eficaces de recaudación y el desarrollo de acciones que profundicen el vínculo con el contribuyente simplificando y agilizando sus gestiones.', 13),
	(50, 14, 'MJYSGC.2', 'Promover el control institucional', 14),
	(51, 14, 'MJYSGC.1', 'Velar por la convivencia y la seguridad ciudadana', 14),
	(52, 15, 'MMIYTGC.1', 'Construir un ecosistema local que motorice la innovación y potencie el crecimiento de emprendimientos y Pymes', 15),
	(53, 15, 'MMIYTGC.2', 'Contribuir al desarrollo urbano y tecnológico priorizando el sur de CABA', 15),
	(54, 15, 'MMIYTGC.3', 'Convertir a Bs As en referente mundial de emprendimiento y desarrollo emprendedor', 15),
	(55, 15, 'MMIYTGC.4', 'Convertir a CABA en símbolo y referente global de talento humano.', 15),
	(56, 15, 'MMIYTGC.5', 'Crear un espacio de convivencia saludable para las Relaciones Laborales', 15),
	(57, 15, 'MMIYTGC.6', 'Desarrollar soluciones digitales que potencien la cercanía entre la Ciudad y los ciudadanos.', 15),
	(58, 15, 'MMIYTGC.7', 'Duplicar el crecimiento del Turismo en CABA', 15),
	(59, 15, 'MMIYTGC.8', 'Empoderar a la ciudadanía joven a través del deporte', 15),
	(60, 15, 'MMIYTGC.9', 'Fortalecer a las industrias estratégicas de la Ciudad e impulsar su crecimiento', 15),
	(61, 15, 'MMIYTGC.10', 'Fortalecer la información estadística y definir los perfiles de turistas', 15),
	(62, 15, 'MMIYTGC.11', 'Generación de recursos genuinos para proyectos sociales', 15),
	(63, 15, 'MMIYTGC.12', 'Generar oportunidades de inclusión y desarrollo humano a partir del emprendimiento y el trabajo productivo, en articulación con los diferentes actores sociales que componen la ciudad.', 15),
	(64, 15, 'MMIYTGC.13', 'Hacer de la innovación un eje central del Gobierno de la Ciudad de Buenos Aires', 15),
	(65, 15, 'MMIYTGC.14', 'Hacer que esté bueno trabajar en Buenos Aires', 15),
	(66, 15, 'MMIYTGC.15', 'Impulsar reformas en el sistema público que permitan institucionalizar las nuevas formas de generación económica en la ciudad', 15),
	(67, 15, 'MMIYTGC.16', 'Impulsar y gestionar la infraestructura humana y urbana que nos permita celebrar con éxito los Juegos Olímpicos de la Juventud', 15),
	(68, 15, 'MMIYTGC.17', 'Posicionar a Buenos Aires entre las 10 ciudades mas atractivas del mundo', 15),
	(69, 15, 'MMIYTGC.18', 'Potenciar a CABA como la plaza de inversión más atractiva de LATAM', 15),
	(70, 15, 'MMIYTGC.19', 'Promover instrumentos de innovación financiera con impacto social', 15),
	(71, 15, 'MMIYTGC.20', 'Promover la sustentabilidad como eje esencial de una Ciudad Inteligente.', 15),
	(72, 15, 'MMIYTGC.21', 'Rediseñar las Experiencias Turísticas en la Ciudad', 15),
	(73, 15, 'MMIYTGC.22', 'Utilizar la tecnología como herramienta democratizadora.', 15),
	(74, 16, 'MSGC.1', 'Acuerdos y planificación intersectorial', 16),
	(75, 16, 'MSGC.2', 'Fortalecer la red pública de cuidados integrales', 16),
	(76, 16, 'MSGC.3', 'Fortalecer y perfilar la red de hospitales', 16),
	(77, 16, 'MSGC.4', 'Mejorar desempeño económico', 16),
	(78, 16, 'MSGC.5', 'Mejorar y ampliar sistema de información y comunicación', 16),
	(79, 18, 'SECCCYFP.1', 'Lograr que en Buenos Aires los vecinos seamos protagonistas de una Ciudad que disfruta del encuentro y convivencia en el espacio público.', 18),
	(80, 18, 'SECCCYFP.2', 'Lograr una organización alineada con el valor del servicio, que se vea reflejada en cada “momento de verdad” con el vecino.', 18),
	(81, 19, 'SECDC.1', 'Desarrollo familiar de los vecinos de la ciudad', 19),
	(82, 19, 'SECDC.2', 'Desarrollo gastronómico de la Ciudad de Buenos Aires', 19),
	(83, 19, 'SECDC.3', 'Estimular la formación vocacional y profesional de los jóvenes de la Ciudad desde un abordaje integrador', 19),
	(84, 19, 'SECDC.4', 'Instalar a la familia como valor social', 19),
	(85, 19, 'SECDC.5', 'Posicionar a Buenos Aires como la ciudad con mejores indicadores en conductas saludables de la juventud en Latinoamérica', 19),
	(86, 19, 'SECDC.6', 'Posicionar a la Ciudad de Buenos Aires como referente en la defensa y promoción de los Derechos Humanos; haciendo eje en la convivencia, el diálogo, el encuentro, la inclusión y el pluralismo cultural', 19),
	(87, 19, 'SECDC.7', 'Prevención de obesidad y sobrepeso infantil; promoción de hábitos saludables en la población.', 19),
	(88, 19, 'SECDC.8', 'Promoción de la gastronomía como hito económico y cultural', 19),
	(89, 19, 'SECDC.9', 'Promover la actividad física como derecho y contenido de la calidad de vida de toda la población', 19),
	(90, 19, 'SECDC.10', 'Promover las distintas expresiones de la juventud aumentando su participación y relevancia en la vida de los vecinos de la Ciudad', 19),
	(91, 19, 'SECDC.11', 'Promover las relaciones interjurisdiccionales', 19),
	(92, 19, 'SECDC.12', 'Proporcionar una visión integral de las problemáticas de la juventud de la Ciudad', 19),
	(93, 20, 'SECDES.1', 'Acercar la comuna, como primera instancia de gobierno, al vecino.', 20),
	(94, 20, 'SECDES.2', 'Alcanzar un nivel óptimo de calidad en la prestación de servicios en las 15 Comunas.', 20),
	(95, 20, 'SECDES.3', 'Asistir a las comunas para que cumplan con sus objetivos.', 20),
	(96, 20, 'SECDES.4', 'Empoderar a la Comuna como principal comunicador de las acciones dentro de su territorio.', 20),
	(97, 20, 'SECDES.5', 'Superar los estándares de eficiencia actuales.', 20),
	(98, 22, 'SECISYU.1', 'Garantizar condiciones de habitabilidad dignas para los residentes', 22),
	(99, 22, 'SECISYU.2', 'Generar un sistema económico sustentable', 22),
	(100, 22, 'SECISYU.3', 'Promover la interconectividad e integración entre el barrio 31 y 31 bis, la zona portuaria y la ciudad', 22),
	(101, 22, 'SECISYU.4', 'Promover un mejoramiento de la calidad de vida, educación y acceso a los servicios sociales para los habitantes del barrio', 22),
	(102, 21, 'SGYRI.1', 'Apoyar las prioridades estratégicas de gobierno y agendas transversales e interjurisdiccionales', 21),
	(103, 21, 'SGYRI.2', 'Impulsar un plan sistemático de relaciones del gobierno con actores políticos, sociales y privados', 21),
	(104, 21, 'SGYRI.3', 'Proyectar internacionalmente la ciudad, la gestión de gobierno y la figura del jefe de gobierno.', 21),
	(105, 25, 'SGCBA.1', 'Eficiencia y buenas prácticas', 25),
	(106, 25, 'SGCBA.2', 'Estandarización, Fortalecimiento y Madurez del Control Interno de todas las Áreas del Gobierno de la Ciudad de Buenos Aires', 25),
	(107, 25, 'SGCBA.3', 'Fortalecimiento del vínculo de Control Interno con los Ministerios', 25),
	(108, 26, 'SSCOMUNIC.1', 'Comunicar las acciones del Gobierno y del Jefe de Gobierno utilizando las más modernas herramientas de comunicación directa y digital.', 26),
	(109, 26, 'SSCOMUNIC.2', 'Fomentar la participación ciudadana y generar cercanía con el vecino.', 26),
	(110, 26, 'SSCOMUNIC.3', 'Monitorear el estado de la opinión pública.', 26),
	(111, 26, 'SSCOMUNIC.4', 'Presupuesto transversal a todos los proyectos.', 26),
	(112, 27, 'SSCON.1', 'Colaborar en el posicionamiento del GCBA y el Jefe de Gobierno mediante la generación de contenidos de comunicación.', 27),
	(113, 28, 'SSCYPE.1', 'Canalizar las distintas campañas de concientización y participación de los distintos Ministerios en cada evento.', 28),
	(114, 29, 'SSDCCYC.1', 'Lograr la resolución de los reclamos relacionados al Mantenimiento del Espacio Público, Garantizando el cumplimiento de los SLA establecidos y la satisfacción del Vecino', 29),
	(115, 29, 'SSDCCYC.2', 'Medir, evaluar y asegurar la calidad de la respuesta del gobierno a las demandas de la ciudania, y acciones de gobierno, bajo estándares de sustentabilidad (eficiencia, armonia y perdurabilidad) y satisfacción del vecino. Certificar estándares internacionales de gestión de calidad y satisfacción', 29),
	(116, 29, 'SSDCCYC.3', 'Mejorar la Calidad de Atencion en todas las áreas que brindan servicios, por medio de la optimización de los sistemas de información y la promoción de la autogestión.', 29),
	(117, 29, 'SSDCCYC.4', 'Mejorar la Experiencia del Ciudadano en su interacción con el GCBA Eficientizando los tiempos, procesos  e infraestructura de todos los servicios.', 29),
	(118, 29, 'SSDCCYC.5', 'Proteger y promover los derechos de los consumidores, facilitando la solución de sus controversias con altos estándares de calidad, eficiencia e innovación, acercando los servicios a la población.', 29),
	(119, 30, 'SSSYP.1', 'Adoptar un Modelo de Entrega de Servicios que mejore la calidad de entrega de los mismos, acordando y comprometiendo Acuerdos de Niveles de Servicio.', 30),
	(120, 30, 'SSSYP.2', 'Continuar con el fortalecimiento de la seguridad del acceso y custodia de los activos informáticos (Redes y Centro de Datos, Sistemas, Servicios).', 30),
	(121, 30, 'SSSYP.3', 'Fortalecer las capacidades de la Infraestructura para satisfacer los niveles de servicio y disponibilidad de los Sistemas.', 30),
	(122, 30, 'SSSYP.4', 'Fortalecer los procesos operativos y de gestión, transversales y verticales, para generar eficiencias en la gestión interna y en el servicio al Ciudadano.', 30);
/*!40000 ALTER TABLE `objetivo_jurisdiccional` ENABLE KEYS */;

-- Dumping data for table proyectos_ba_generated.objetivo_operativo: ~370 rows (approximately)
DELETE FROM `objetivo_operativo`;
/*!40000 ALTER TABLE `objetivo_operativo` DISABLE KEYS */;
INSERT INTO `objetivo_operativo` (`idObjetivoOperativo`, `idObjetivoJurisdiccional`, `codigo`, `nombre`, `idObjetivoJurisdiccionalAux`) VALUES
	(1, 1, 'AGC.1.1', 'Realizar acciones de prevención y cercania con el vecino', 1),
	(2, 2, 'AGC.2.1', 'Centralizar y coordinar los esfuerzos inspectivos (Poder de Policía) del GCABA en un solo ámbito de aplicación a fin de llevar adelante una política Gubernamental unificada en materia inspectiva.', 2),
	(3, 2, 'AGC.2.2', 'Incrementar la calidad de las inspecciones, incorporando nuevas herramientas de gestión y mejorando las existentes.', 2),
	(4, 3, 'AGC.3.1', 'Consolidar y agilizar el tratamiento digital de los procesos de habilitación y registro.', 3),
	(5, 3, 'AGC.3.2', 'Redefinir normas de seguridad a fin de regularizar las actividades en función de su realidad y problemática actual', 3),
	(6, 4, 'BCBA.1.1', 'Aumentar la cantidad de clientes y el cross-selling de empresas, ofreciendo servicios y productos activos y pasivos', 4),
	(7, 5, 'BCBA.2.1', 'Expandir los canales de atención', 5),
	(8, 5, 'BCBA.2.2', 'Consolidar y ampliar el desarrollo de los canales virtuales', 5),
	(9, 5, 'BCBA.2.3', 'Desarrollar la oferta de servicios y productos para individuos', 5),
	(10, 5, 'BCBA.2.4', 'Mejorar la experiencia del cliente', 5),
	(11, 5, 'BCBA.2.5', 'Mejorar los canales de Recaudación', 5),
	(12, 5, 'BCBA.2.6', 'Integridad y Apoyo a la Comunidad', 5),
	(13, 6, 'BCBA.3.1', 'Maximizar los ingresos', 6),
	(14, 7, 'BCBA.4.1', 'Colocar préstamos hipotecarios', 7),
	(15, 8, 'EATC.1.1', 'Desarrollar planes que permitan captar recursos, a fin de obtener una mayor rentabilidad económica', 8),
	(16, 8, 'EATC.1.2', 'Mejorar la eficacia y eficiencia de la gestión, y la calidad del servicio', 8),
	(17, 8, 'EATC.1.3', 'Establecer un programa de RRHH', 8),
	(18, 8, 'EATC.1.4', 'Mejorar los servicios básicos del Ente Autárquico Teatro Colón', 8),
	(19, 9, 'EATC.2.1', 'Garantizar la diversidad en la programación con eventos de excelencia para todos los públicos', 9),
	(20, 10, 'EATC.3.1', 'Incentivar la incorporación de nuevos públicos al Teatro', 10),
	(21, 11, 'EATC.4.1', 'Fomentar el trabajo pedagógico en las artes escénicas', 11),
	(22, 12, 'MAYEPGC.1.1', 'Arte en la Ciudad. Contribuir en la revalorización de la ciudad, brindando espacios a la ciudadanía para el arte y la recreación.', 12),
	(23, 12, 'MAYEPGC.1.2', 'Contribuir al desarrollo de una ciudad a escala humana a partir del acceso a servicios de calidad en materia de uso del espacio público.', 12),
	(24, 12, 'MAYEPGC.1.3', 'Ejercer el poder de policía reduciendo la venta ilegal de bienes de uso para asegurar que los ciudadanos accedan a bienes adecuadamente regulados.', 12),
	(25, 12, 'MAYEPGC.1.4', 'Fortalecer la identidad ciudadana  a través del fomento de actividades artesanales y de producción de bienes de primera necesidad. Así como, fomentar y mejorar la oferta de bienes de primera necesidad.', 12),
	(26, 13, 'MAYEPGC.2.1', 'Sostener y desarrollar una GIRSU ambientalmente adecuada, que promueva el uso eficiente de recursos', 13),
	(27, 13, 'MAYEPGC.2.2', 'Implementar una RED de monitoreo.', 13),
	(28, 13, 'MAYEPGC.2.3', 'Mitigar el Riesgo Ambiental', 13),
	(29, 13, 'MAYEPGC.2.4', 'Jerarquizar al Gobierno de la Ciudad de Buenos Aires como Referente a Nivel Nacional sobre temas ambientales', 13),
	(30, 13, 'MAYEPGC.2.5', 'Reducción de Consumo Eléctrico en Población Vulnerable', 13),
	(31, 13, 'MAYEPGC.2.6', 'Generar información de base para la elaboración de estrategias de mitigación y adaptación', 13),
	(32, 13, 'MAYEPGC.2.7', 'Recomponer sitios e industrias de la cuenca del Riachuelo', 13),
	(33, 13, 'MAYEPGC.2.8', 'Mejorar la calidad de los procesos administrativos y de resguardo de documentación.', 13),
	(34, 13, 'MAYEPGC.2.9', 'Controlar la gestión con ratios y alertas', 13),
	(35, 13, 'MAYEPGC.2.10', 'Asegurar el cumplimiento de la normativa vigente, mejorar el uso del espacio público y realizar campañas de concientización sobre la tenencia responsable de mascotas', 13),
	(36, 14, 'MAYEPGC.3.1', 'IMPLEMENTAR UN SISTEMA DE RECICLADO EFICIENTE', 14),
	(37, 14, 'MAYEPGC.3.2', 'OPTIMIZAR EL SISTEMA DE RECOLECCIÓN DE RESIDUOS HÚMEDOS', 14),
	(38, 14, 'MAYEPGC.3.3', 'POTENCIAR EL EHU', 14),
	(39, 14, 'MAYEPGC.3.4', 'OPTIMIZAR EL MONITOREO Y CONTROL DEL SISTEMA DE HIGIENE URBANA', 14),
	(40, 14, 'MAYEPGC.3.5', 'REDUCIR LA DISPOSICIÓN FINAL DE RESIDUOS', 14),
	(41, 14, 'MAYEPGC.3.6', 'DESARROLLAR UN PLAN DE GESTIÓN INTEGRADO CONSIDERANDO EL NUEVO ESCENARIO AMBA', 14),
	(42, 15, 'MAYEPGC.4.1', 'Asegurar el gestionamiento, el  mantenimiento,  remodelación  y  reparación de los  edificios, equipamientos e instalaciones de los Cementerios  dependientes  del  Gobierno de la Ciudad Autónoma de Buenos Aires', 15),
	(43, 15, 'MAYEPGC.4.2', 'Contribuir en la mejora continua asegurando a la ciudadanía la transitabilidad de la ciudad y la accesibilidad de los espacios comunes.', 15),
	(44, 15, 'MAYEPGC.4.3', 'Que la ciudad cuente con sistemas pluviales capaces de afrontar potenciales inundaciones.', 15),
	(45, 15, 'MAYEPGC.4.4', 'Que la ciudad cuente con un sistema lumínico eficiente, y en pos del ahorro energético.', 15),
	(46, 15, 'MAYEPGC.4.5', 'Que la ciudadanía acceda a espacios públicos de esparcimiento mantenidos y de calidad.', 15),
	(47, 16, 'MAYEPGC.5.1', 'Areas Ambientales: Revitalizar el espacio público a través de un enfoque integral, fortaleciendo la identidad de los barrios, concentrándonos en la caminabilidad, en la sustentabilidad y en la puesta en valor del patrimonio existente', 16),
	(48, 16, 'MAYEPGC.5.2', 'Entornos Urbanos: Ejecución de proyectos de menor escala y con características particulares a lo largo de toda la ciudad, que buscan la revitalización de sectores degradados.', 16),
	(49, 16, 'MAYEPGC.5.3', 'Parques Uranos: Puesta en valor de varios de los grandes parques existentes; la creación de nuevos parques y plazas, contemplando la relación de la ciudad con el río, incorporando equipamiento para personas de todas las edades, incentivando la actividad física y acercando más espacios verdes a todos los barrios.', 16),
	(50, 16, 'MAYEPGC.5.4', 'Avenidas y Centros Comerciales a Cielo Abierto: Articular y coordinar la participación de los distintos sectores (público/privado) con el fin de mejorar la calidad del Espacio Público y estimular el crecimiento económico.', 16),
	(51, 17, 'MCGC.1.1', 'Consolidar el paradigma de la Ciudad Creativa', 17),
	(52, 18, 'MCGC.2.1', 'Ampliar la presencia cultural en la ciudad', 18),
	(53, 19, 'MCGC.3.1', 'Revalorizar la identidad de las comunas y el trabajo colectivo', 19),
	(54, 20, 'MCGC.4.1', 'Construir un nuevo diagrama de la escena cultural en Buenos Aires', 20),
	(55, 21, 'MCGC.5.1', 'Apoyar la difusión de nuevos artistas', 21),
	(56, 22, 'MHYDHGC.1.1', 'Aumentar el impacto de gestión a través de lograr una política pública más eficiente.', 22),
	(57, 23, 'MHYDHGC.2.1', 'Desarrollar e implementar la RED NIDO en villas y asentamientos.', 23),
	(58, 23, 'MHYDHGC.2.2', 'Empoderar a las mujeres e incluir la perspectiva de género en el diseño y la implementación de los planes de urbanización.', 23),
	(59, 23, 'MHYDHGC.2.3', 'Incrementar la participación comunitaria.', 23),
	(60, 23, 'MHYDHGC.2.4', 'Planificar, diseñar -y construir- las obras que garanticen la integración física y social a través de la Gestión Social del Hábitat, conjuntamente con un trabajo territorial de acompañamiento, empoderamiento y desarrollo de las capacidades de la comunidad por medio de la participación ciudadana en la transformación urbana y social de sus barrios.', 23),
	(61, 23, 'MHYDHGC.2.5', 'Promover el trabajo colaborativo entre la comunidad, organizaciones del tercer sector, organizaciones de base, el sector privado, el sector académico y el Estado.', 23),
	(62, 23, 'MHYDHGC.2.6', 'Realizar los relevamientos necesarios para diagnosticar los territorios y obtener información sobre el resultado de las intervenciones y así poder diseñar y corregir las estrategias de abordaje en los mismos.', 23),
	(63, 23, 'MHYDHGC.2.7', 'Revalorizar el deporte como herramienta de inclusión social e instrumento de intervención pedagógica.', 23),
	(64, 23, 'MHYDHGC.2.8', 'Revalorizar y potenciar la Cultura Viva Comunitaria como motor de la transformación e inclusión social.', 23),
	(65, 24, 'MHYDHGC.3.1', 'Aumentar los niveles de acceso al pleno goce de derechos de todos los ciudadanos en CABA.', 24),
	(66, 24, 'MHYDHGC.3.2', 'Brindar herramientas para personas con discapacidad que están estudiando.', 24),
	(67, 24, 'MHYDHGC.3.3', 'Diseñar e implementar políticas que garanticen la asistencia integral, protección de derechos, inclusión social y el acceso a nuevas tecnologías de los adultos mayores.', 24),
	(68, 24, 'MHYDHGC.3.4', 'Garantizar el crecimiento y desarrollo saludable de los niños y niñas y adolescentes en situación de vulnerabilidad social de la Ciudad de Buenos Aires, en pos de favorecer la promoción y protección de sus derechos.', 24),
	(69, 24, 'MHYDHGC.3.5', 'Mejorar la calidad de vida de las personas con discapacidad y sus familias.', 24),
	(70, 24, 'MHYDHGC.3.6', 'Promover a través del juego el derecho a crecer en libertad, en conocimiento de los propios derechos.', 24),
	(71, 24, 'MHYDHGC.3.7', 'Promover los cuidados prenatales para un desarrollo saludable del embarazo y los primeros meses.', 24),
	(72, 25, 'MHYDHGC.4.1', 'Brindan atención integral a AM en situación de calle.', 25),
	(73, 25, 'MHYDHGC.4.2', 'Brindar asistencia social inmediata a las personas que se encuentren en situación de calle.', 25),
	(74, 25, 'MHYDHGC.4.3', 'Dar Refugio a Adultos Mayores víctimas de violencia.', 25),
	(75, 25, 'MHYDHGC.4.4', 'Fortalecer y empoderar a todas las mujeres víctimas de violencia para que puedan acceder a una vida libre de violencia.', 25),
	(76, 25, 'MHYDHGC.4.5', 'Generar todas las instancias necesarias para asistir a todos los ciudadanos de la Ciudad de Buenos Aires, que requieran atención y contención por el uso de sustancias psicoactivas, buscando garantizar la calidad y efectividad de cada intervención, con la reinserción social como eje transversal.', 25),
	(77, 25, 'MHYDHGC.4.6', 'Responder a las situaciones de emergencia en barrios vulnerables a través de brindar servicios.', 25),
	(78, 26, 'MDUYTGC.1.1', 'Buenos Aires Ciudad Verde - Plan Hidráulico', 26),
	(79, 26, 'MDUYTGC.1.2', 'Trabajar sobre la extension y el servicio del subte para incrementar la cantidad de usuarios', 26),
	(80, 26, 'MDUYTGC.1.3', 'Mejorar el transporte público en superficie', 26),
	(81, 26, 'MDUYTGC.1.4', 'Seguridad Vial', 26),
	(82, 26, 'MDUYTGC.1.5', 'Promover el uso de la bicicleta como medio de transporte', 26),
	(83, 26, 'MDUYTGC.1.6', 'Ordenamiento del tránsito', 26),
	(84, 26, 'MDUYTGC.1.7', 'Mejora de la atención al ciudadano', 26),
	(85, 26, 'MDUYTGC.1.8', 'Impulsar la movilidad peatonal', 26),
	(86, 26, 'MDUYTGC.1.9', 'Aumentar la participación del transporte público y el no motorizado por sobre el uso del automóvil particular en la Ciudad y el Área Metropolitana', 26),
	(87, 26, 'MDUYTGC.1.10', 'Mejorar e incentivar la movilidad en ferrocarril', 26),
	(88, 26, 'MDUYTGC.1.11', 'Eliminar pasos ferroviarios a nivel', 26),
	(89, 26, 'MDUYTGC.1.12', 'Mejorar la movilidad frente a las barreras urbanas', 26),
	(90, 26, 'MDUYTGC.1.13', 'Mejorar la conectividad con los partidos colindantes a la Ciudad', 26),
	(91, 26, 'MDUYTGC.1.14', 'Movilidad Sustentable', 26),
	(92, 33, 'MDUYTGC.8.1', 'Barrio Parque Donado Holmberg - Vivienda', 33),
	(93, 33, 'MDUYTGC.8.2', 'Plan Urbano Integral Comuna Olímpica - Vivienda', 33),
	(94, 27, 'MDUYTGC.2.1', 'Mejorar el transporte público en superficie', 27),
	(95, 27, 'MDUYTGC.2.2', 'Movilidad Sustentable', 27),
	(96, 28, 'MDUYTGC.3.1', 'Incrementar la participación de la inversión privada en los proyecytos urbanos', 28),
	(97, 29, 'MDUYTGC.4.1', 'Plan de Integración Urbana', 29),
	(98, 29, 'MDUYTGC.4.2', 'Buenos Aires Ciudad Verde - Plan de Sustentabilidad Verde', 29),
	(99, 29, 'MDUYTGC.4.3', 'Buenos Aires Ciudad Verde - Plan de Sustentabilidad Verde', 29),
	(100, 29, 'MDUYTGC.4.4', 'Intervenciones para mejorar la infraestructura de obras vigentes', 29),
	(101, 30, 'MDUYTGC.5.1', 'Relocalización de edificios Gubernamentales', 30),
	(102, 30, 'MDUYTGC.5.2', 'Bienes culturales', 30),
	(103, 30, 'MDUYTGC.5.3', 'Planes entorno a las arterias de la Ciudad de Buenos Aires', 30),
	(104, 30, 'MDUYTGC.5.4', 'Contribución a los planes para la urbanización de las villas', 30),
	(105, 30, 'MDUYTGC.5.5', 'Estudio del impacto urbano de la Obra', 30),
	(106, 30, 'MDUYTGC.5.6', 'Plan Estratégico', 30),
	(107, 30, 'MDUYTGC.5.7', 'Programas de densificación', 30),
	(108, 30, 'MDUYTGC.5.8', 'Programa Código', 30),
	(109, 31, 'MDUYTGC.6.1', 'Barrio Parque Donado Holmberg - Infraestructura', 31),
	(110, 31, 'MDUYTGC.6.2', 'Plan Urbano Integral Comuna Olímpica - Infraestructura', 31),
	(111, 32, 'MDUYTGC.7.1', 'Buenos Aires Ciudad Verde - Plan de Sustentabilidad Verde', 32),
	(112, 36, 'MEGC.1.1', 'Incremento de vacantes para sala de 3 años.', 36),
	(113, 36, 'MEGC.1.2', 'Reducir el abandono en la Escuela Media', 36),
	(114, 36, 'MEGC.1.3', 'Igualar las oportunidades de educación de la escuela primaria en toda la Ciudad de Buenos Aires reduciendo la brecha entre comunas de los resultados de las evaluaciones censales.', 36),
	(115, 37, 'MEGC.2.1', 'Aumentar la matrícula de estudiantes de los institutos de formación docente.', 37),
	(116, 37, 'MEGC.2.2', 'Consolidar un Sistema Integral de Información Educativa. (Abarca la escuela, el alumno y el docente)', 37),
	(117, 37, 'MEGC.2.3', 'Plus Escuelas', 37),
	(118, 37, 'MEGC.2.4', 'Optimizar las condiciones edilicias de las escuelas de la ciudad', 37),
	(119, 38, 'MEGC.3.1', 'Mejorar el aprendizaje de los alumnos la escuela primaria y secundaria.', 38),
	(120, 39, 'MEGC.4.1', 'Docentes capacitados en nuevas tecnologías.', 39),
	(121, 39, 'MEGC.4.2', 'Mejorar las habilidades socioemocionales.', 39),
	(122, 39, 'MEGC.4.3', 'Fomentar el emprendedurismo en las escuelas secundarias.', 39),
	(123, 39, 'MEGC.4.4', 'Escuelas primarias y medias con jornada extendida virtual.', 39),
	(124, 40, 'MEGC.5.1', 'Mejorar el posicionamiento del valor de la escuela y los educadores / Aumentar elíndice de confiabilidad de las instituciones educadoras.', 40),
	(125, 41, 'MGOBGC.1.1', 'Posicionar a la CABA como referente de gestión responsable, abierta e innovadora', 41),
	(126, 41, 'MGOBGC.1.2', 'Fortalecer las relaciones institucionales con el PL', 41),
	(127, 41, 'MGOBGC.1.3', 'Liderar los procesos de generación de consensos para la construcción de una identidad metropolitana', 41),
	(128, 41, 'MGOBGC.1.4', 'Coordinar en conjunto con la Sec. Gral la agenda y el trabajo del Gabinete Metropolitano', 41),
	(129, 42, 'MGOBGC.2.1', 'AMPLIACION DE LA CAPACIDAD DE DISPOSICION FINAL', 42),
	(130, 42, 'MGOBGC.2.2', 'INCREMENTO DE LA CAPACIDAD DE TRATAMIENTO DE RSU', 42),
	(131, 42, 'MGOBGC.2.3', 'AUMENTO CAPACIDAD DE GENERARACION DE ENERGIA LIMPIA', 42),
	(132, 43, 'MGOBGC.3.1', 'Dar impulso a los procesos de transferencias de competencias entre Nación y Ciudad', 43),
	(133, 43, 'MGOBGC.3.2', 'Potenciar la presencia y acción de la CABA en los Organismos Interjurisdiccionales', 43),
	(134, 44, 'MHGC.1.1', 'Satisfacer las necesidades de financiamiento del Tesoro mediante instrumentos de corto y largo plazo, manteniendo la reputación de la Ciudad en los mercados como agente de crédito mediante la buena gestión y una continua comunicación con los actores relevantes.', 44),
	(135, 44, 'MHGC.1.2', 'Desarrollar alternativas de financiamiento con Organismos Multilaterales de Crédito o Agencias de Cooperación Técnica y/o Financiera.', 44),
	(136, 45, 'MHGC.2.1', 'Planificar el capital humano.', 45),
	(137, 45, 'MHGC.2.2', 'Profesionalizar y desarrollar al servidor público.', 45),
	(138, 45, 'MHGC.2.3', 'Implementar estrategias e incentivos que promuevan la productividad.', 45),
	(139, 46, 'MHGC.3.1', 'Sistematizar el seguimiento y la evolución de los factores que explican el comportamiento de la recaudación tributaria.', 46),
	(140, 46, 'MHGC.3.2', 'Conformar un equipo de seguimiento que realice monitoreos periódicos detectando potenciales desvíos sobre gastos presupuestados.', 46),
	(141, 46, 'MHGC.3.3', 'Monitorear la estimación de las principales variables macroeconómicas mediante la interacción con equipos técnicos de otros organismos y jurisdicciones.', 46),
	(142, 47, 'MHGC.4.1', 'Desarrollar e implementar alternativas de ahorros en gastos corrientes y de mantenimiento.', 47),
	(143, 47, 'MHGC.4.2', 'Desarrollar e implementar proyectos para la generación y la optimización del cobro de otros ingresos.', 47),
	(144, 48, 'MHGC.5.1', 'Incorporar mejoras a procesos transversales del Ministerio donde se brinde soporte a clientes internos.', 48),
	(145, 48, 'MHGC.5.2', 'Optimizar los procesos en los que el Ministerio interactúe con ciudadanos.', 48),
	(146, 48, 'MHGC.5.3', 'Mejorar los procesos donde tiene lugar la interrelación con proveedores.', 48),
	(147, 49, 'MHGC.6.1', 'Aumentar la recaudación, la percepción del riesgo y fortalecer la inteligencia fiscal.', 49),
	(148, 49, 'MHGC.6.2', 'Fortalecer el control de gestión con el fin de gerenciar la operación y tomar decisiones en base a información objetiva, confiable y oportuna.', 49),
	(149, 49, 'MHGC.6.3', 'Mejorar la atención al contribuyente fomentando la cultura tributaria y el cumplimiento voluntario de las obligaciones fiscales.', 49),
	(150, 49, 'MHGC.6.4', 'Optimizar el modelo de operación de la Administración buscando maximizar el aprovechamiento de los recursos humanos, tecnológicos y financieros.', 49),
	(151, 52, 'MMIYTGC.1.1', 'Facilitar el acceso a la información, financiamiento y capacitación de los diferentes sectores', 52),
	(152, 52, 'MMIYTGC.1.2', 'Fortalecer la transferencia tecnológica orientada a resultados y  aumentar la cantidad de patentes de ciudad', 52),
	(153, 52, 'MMIYTGC.1.3', 'Generar e institucionalizar redes de conocimiento, colaboración y generación de valor compartido en el Ecosistema', 52),
	(154, 52, 'MMIYTGC.1.4', 'Incorporar herramientas científicas y tecnologicas para innovar dentro y fuera del del sistema público .', 52),
	(155, 61, 'MMIYTGC.10.1', 'Generar información para la toma de decisiones, identificar tendencias, orientar y medir las acciones del plan', 61),
	(156, 62, 'MMIYTGC.11.1', 'Generación de proyectos en conjunto con otras áreas de GCBA y Nación', 62),
	(157, 63, 'MMIYTGC.12.1', 'Desarrollar herramientas y espacios formales de inclusión y desarrollo productivo / emprendedor', 63),
	(158, 63, 'MMIYTGC.12.2', 'Fomentar la innovación en productos y servicios en empresas y de emprendedores para mejorar la calidad de vida de la población más vulnerable', 63),
	(159, 63, 'MMIYTGC.12.3', 'Orientar las programas de formación, financiamiento y articulación en función de las oportunidades de mercado y la realidad local de las poblaciones más vulnerable de la ciudad.', 63),
	(160, 63, 'MMIYTGC.12.4', 'Trabajar con los diferentes actores, en el mejoramiento de las cadenas productivas de valor', 63),
	(161, 64, 'MMIYTGC.13.1', 'Crear espacios físicos y virtuales de co-creación y participación.', 64),
	(162, 64, 'MMIYTGC.13.2', 'Fomentar procesos y programas de innovación para la solucionar las problemáticas de la Ciudad.', 64),
	(163, 64, 'MMIYTGC.13.3', 'Prototipar soluciones disruptivas escalables.', 64),
	(164, 65, 'MMIYTGC.14.1', 'Fomentar la empleabilidad desde la articulación', 65),
	(165, 65, 'MMIYTGC.14.2', 'Potenciar a las Pymes en desarrollo sustentable', 65),
	(166, 66, 'MMIYTGC.15.1', 'Detectar y generar los marcos legales adecuados, que permitan integrar a la vida de la ciudad, las nuevas tendencias de generación económica', 66),
	(167, 66, 'MMIYTGC.15.2', 'Generar incentivos públicos que potencien el desarrollo de las tendencias de desarrollo económico local', 66),
	(168, 67, 'MMIYTGC.16.1', 'Definición y estimación de recursos', 67),
	(169, 67, 'MMIYTGC.16.2', 'Desarrollo de planes operativos y estratégicos', 67),
	(170, 67, 'MMIYTGC.16.3', 'Fortalecer la comunicación con organismos internacionales', 67),
	(171, 67, 'MMIYTGC.16.4', 'Fortalecer la comunicación dentro de la comunidad local', 67),
	(172, 68, 'MMIYTGC.17.1', 'Desarrollar el plan de Marca Ciudad', 68),
	(173, 68, 'MMIYTGC.17.2', 'Ser sede de Eventos de Alta Visibilidad Mundial', 68),
	(174, 69, 'MMIYTGC.18.1', 'Buscar firmas extranjeras que quieran basar sus operaciones globales en CABA Proveer un único punto de contacto de gestión, venta y aftercare', 69),
	(175, 69, 'MMIYTGC.18.2', 'Elaborar una política de desarrollo de nuevos distritos y áreas comerciales', 69),
	(176, 69, 'MMIYTGC.18.3', 'Hacer de Bs As un destino relevante para la comunidad inversora internacional', 69),
	(177, 69, 'MMIYTGC.18.4', 'Proveer un único punto de contacto de gestión, venta y aftercare', 69),
	(178, 70, 'MMIYTGC.19.1', 'Financiamiento a Pymes y Start-Ups vía organismos multilaterales y Venture Capital', 70),
	(179, 70, 'MMIYTGC.19.2', 'Reglamentación y/o reforma de la ley de Iniciativas Público-Privadas', 70),
	(180, 70, 'MMIYTGC.19.3', 'Utilizar “Crowdfunding” como instrumento  de Iniciativa Público-Privada', 70),
	(181, 53, 'MMIYTGC.2.1', 'Desarrollo de la versión final del Venue Master Plan', 53),
	(182, 53, 'MMIYTGC.2.2', 'Difundir y dar a conocer el proyecto Buenos Aires 2018', 53),
	(183, 53, 'MMIYTGC.2.3', 'Relevamiento y definición de la infraestructura tecnológica necesaria', 53),
	(184, 71, 'MMIYTGC.20.1', 'Generar soluciones a la problemática de los residuos sólidos urbanos a través de la creacion de Estaciones Automáticas de Reciclado.', 71),
	(185, 71, 'MMIYTGC.20.2', 'Implementar las mejores prácticas de sustentabildad en el Gobierno de la Ciudad de Buenos Aires.', 71),
	(186, 71, 'MMIYTGC.20.3', 'Promover la sustentabilidad en base a desarrollo de productos innovadores.', 71),
	(187, 72, 'MMIYTGC.21.1', 'Desarrollar nuevas experiencias turísticas alineadas a los objetivos de Ciudad Verde e Inteligente de CABA', 72),
	(188, 72, 'MMIYTGC.21.2', 'Potenciar la calidad de la oferta turística', 72),
	(189, 73, 'MMIYTGC.22.1', 'Ampliar la Infraestructura Inteligente', 73),
	(190, 73, 'MMIYTGC.22.2', 'Promover la inclusión social a través de la tecnología.', 73),
	(191, 54, 'MMIYTGC.3.1', 'Detectar y acompañar a emprendedores de alto impacto', 54),
	(192, 54, 'MMIYTGC.3.2', 'Fortalecer el ecosistema emprendedor local', 54),
	(193, 54, 'MMIYTGC.3.3', 'Promover al emprendimiento (de base tecnológica, cultura y social) y el trabajo productivo como motor de desarrollo económico', 54),
	(194, 55, 'MMIYTGC.4.1', 'Estimular el espiritu y la actitud creativa, innovadora y emprendedora', 55),
	(195, 55, 'MMIYTGC.4.2', 'Identificar, conectar y potenciar el talento local con el país y el mundo', 55),
	(196, 56, 'MMIYTGC.5.1', 'Ser un estado presente en el dialogo para la prevención de conflictos', 56),
	(197, 57, 'MMIYTGC.6.1', 'Generar Bases de Datos Inteligente.', 57),
	(198, 57, 'MMIYTGC.6.2', 'Potenciar el uso y la comunicación de la Plataforma Digital (Web y Móvil).', 57),
	(199, 57, 'MMIYTGC.6.3', 'Promover la transparencia y la apertura de la información.', 57),
	(200, 58, 'MMIYTGC.7.1', 'Desarrollar mercados y segmentos junto con el sector privado', 58),
	(201, 58, 'MMIYTGC.7.2', 'Impulsar experiencias turísticas únicas en Buenos Aires para cada segmento y promocionarlas', 58),
	(202, 58, 'MMIYTGC.7.3', 'Potenciar el posicionamiento del Centro de Convenciones de Buenos Aires', 58),
	(203, 59, 'MMIYTGC.8.1', 'Celebrar eventos de difusión e iniciación deportiva', 59),
	(204, 59, 'MMIYTGC.8.2', 'Continuar y fortalecer las actividades en las escuelas', 59),
	(205, 59, 'MMIYTGC.8.3', 'Fortalecer la comunicación en medios tradicionales y digitales', 59),
	(206, 60, 'MMIYTGC.9.1', 'Generar espacios de intecambio y promoción de las industrias a nivel local', 60),
	(207, 60, 'MMIYTGC.9.2', 'Incorporar capacidades tecnológicas, creativas y de comercio exterior en emprendedores, Pymes, Empresas y otras instituciones y aumentar su competitividad', 60),
	(208, 60, 'MMIYTGC.9.3', 'Potenciar y afianzar el desarrollo de las industrias creativas en la ciudad, de la mano de los Distritos', 60),
	(209, 60, 'MMIYTGC.9.4', 'Promover y aumentar la internalización de las industrias estratégicas', 60),
	(210, 74, 'MSGC.1.1', 'Acuerdos interministeriales', 74),
	(211, 74, 'MSGC.1.2', 'Coordinación con la Agencia Gubernamental de Control', 74),
	(212, 74, 'MSGC.1.3', 'Delegación de compentencias de regulación y fiscalización', 74),
	(213, 74, 'MSGC.1.4', 'Mejora del sistema de atención en el AMBA', 74),
	(214, 74, 'MSGC.1.5', 'Plan Integral de Seguridad', 74),
	(215, 75, 'MSGC.2.1', 'Crear servicios ambulatorios extrahospitalarios en red', 75),
	(216, 75, 'MSGC.2.2', 'Fortalecer la red de APS', 75),
	(217, 75, 'MSGC.2.3', 'Potenciar la estrategia de salud comunitaria', 75),
	(218, 76, 'MSGC.3.1', 'Crear Master Plan de Obras 2030', 76),
	(219, 76, 'MSGC.3.2', 'Diseño Plan Integral 2030', 76),
	(220, 76, 'MSGC.3.3', 'Finalización de Obras Críticas', 76),
	(221, 76, 'MSGC.3.4', 'Rediseñar los sistemas de guardias, traslados y SAME', 76),
	(222, 77, 'MSGC.4.1', 'Aumentar el ingreso de terceros financiadores', 77),
	(223, 77, 'MSGC.4.2', 'Incrementar la eficiencia del gasto', 77),
	(224, 78, 'MSGC.5.1', 'Estrategia de turnos y sistemas gubernamentales de salud', 78),
	(225, 78, 'MSGC.5.2', 'Historia clínica electrónica única', 78),
	(226, 78, 'MSGC.5.3', 'Ley de Historia Clínica Única Electrónica', 78),
	(227, 78, 'MSGC.5.4', 'Salud Móvil y Comunicación Ciudadana', 78),
	(228, 79, 'SECCCYFP.1.1', 'Coordinar vínculos de relacionamiento estratégico con el sector empresario e instituciones del tercer sector.', 79),
	(229, 79, 'SECCCYFP.1.2', 'Generar cambios culturales que promuevan la convivencia y participación.', 79),
	(230, 79, 'SECCCYFP.1.3', 'Generar y fomentar el sentido de pertenencia y compromiso ciudadano valorando el espacio público.', 79),
	(231, 80, 'SECCCYFP.2.1', 'Brindar formación de calidad para los empleados de gobierno con el fin de lograr el desarrollo personal y organizacional deseado.', 80),
	(232, 80, 'SECCCYFP.2.2', 'Mejorar de forma continua la cultura organizacional y la calidad de servicio de los empleados con una comunicación interna efectiva.', 80),
	(233, 81, 'SECDC.1.1', 'Evaluación del impacto familiar', 81),
	(234, 81, 'SECDC.1.2', 'Fomentar la orientación familiar', 81),
	(235, 90, 'SECDC.10.1', 'Disponer de espacios de comunicación e información joven', 90),
	(236, 90, 'SECDC.10.2', 'Disponer de espacios de encuentro e integración para jóvenes', 90),
	(237, 90, 'SECDC.10.3', 'Fomentar el compromiso ciudadano y democrático de los jóvenes de la Ciudad', 90),
	(238, 90, 'SECDC.10.4', 'Incentivar la expresión cultural joven', 90),
	(239, 91, 'SECDC.11.1', 'Generar convenios para realizar acciones conjuntas con otras áreas para fortalecer los ejes de trabajo', 91),
	(240, 91, 'SECDC.11.2', 'Generar proyectos legislativos relacionados a Juventud', 91),
	(241, 92, 'SECDC.12.1', 'Generar una fuente de información estadística confiable sobre las situaciones que afectan la juventud y de seguimiento de políticas públicas aplicadas a los jóvenes', 92),
	(242, 82, 'SECDC.2.1', 'Desarrollo de mercados de productos y platos elaborados', 82),
	(243, 82, 'SECDC.2.2', 'Fomentar la gastronomía como política generadora de empleo, seguridad e inclusión social', 82),
	(244, 83, 'SECDC.3.1', 'Posicionar a la Ciudad de Buenos Aires como el principal polo universitario de Latinoamérica', 83),
	(245, 83, 'SECDC.3.2', 'Reducir el desempleo joven', 83),
	(246, 84, 'SECDC.4.1', 'Eventos Especiales', 84),
	(247, 84, 'SECDC.4.2', 'Promoción Masiva', 84),
	(248, 85, 'SECDC.5.1', 'Impulsar las conductas saludables entre los jóvenes', 85),
	(249, 85, 'SECDC.5.2', 'Reducir las enfermedades de transmisión sexual entre los jóvenes y los embarazos prematuros', 85),
	(250, 86, 'SECDC.6.1', 'Desarrollar políticas y acciones que pongan en relieve el valor y la riqueza del pluralismo cultural.', 86),
	(251, 86, 'SECDC.6.2', 'Difundir y promover la cultura cívica en Derechos Humanos, fomentando alianzas estratégicas con organismos e instituciones nacionales e internacionales.', 86),
	(252, 86, 'SECDC.6.3', 'Fomentar la convivencia urbana sostenida en el diálogo, la inclusión, el encuentro.', 86),
	(253, 86, 'SECDC.6.4', 'Fomentar la integración de los colectivos inmigrantes en la Ciudad de Buenos Aires', 86),
	(254, 86, 'SECDC.6.5', 'Posicionar a la CABA como modelo de integración y respeto por la diversidad sexual', 86),
	(255, 86, 'SECDC.6.6', 'Posicionar al Parque de la Memoria como el espacio público de referencia para la construcción de la memoria del terrorismo de estado, a través del arte y la educación.', 86),
	(256, 87, 'SECDC.7.1', 'Activaciones especiales', 87),
	(257, 87, 'SECDC.7.2', 'Atención de la población en Estaciones Saludables', 87),
	(258, 87, 'SECDC.7.3', 'Campaña masiva de concientización', 87),
	(259, 87, 'SECDC.7.4', 'Focalización en la problemática de sobrepeso infantil mediante el programa Mi Escuela Saludable', 87),
	(260, 87, 'SECDC.7.5', 'Investigación', 87),
	(261, 87, 'SECDC.7.6', 'Promoción de los programas saludables', 87),
	(262, 88, 'SECDC.8.1', 'Consolidar la temática mediante la institución de museos referentes', 88),
	(263, 88, 'SECDC.8.2', 'Promoción masiva', 88),
	(264, 88, 'SECDC.8.3', 'Promoción mediante eventos gastronómicos especiales', 88),
	(265, 89, 'SECDC.9.1', 'Fortalecer y promover los clubes barriales', 89),
	(266, 89, 'SECDC.9.2', 'Generar y potenciar la cercanía del deporte y actividad física al Ciudadano identificando y potenciando espacios urbanos', 89),
	(267, 89, 'SECDC.9.3', 'Infraestructura. Mejorar y poner en valor las instalaciones deportivas (12 polideportivos existentes y 4 parques)', 89),
	(268, 89, 'SECDC.9.4', 'Posicionar a BA como la Ciudad Activa referente de Latinoamerica', 89),
	(269, 89, 'SECDC.9.5', 'Potenciar el Desarrollo Deportivo, Igualando las oportunidades de acceso a la actividad deportiva', 89),
	(270, 89, 'SECDC.9.6', 'Promover el espíritu y los valores olímpicos de la Ciudad', 89),
	(271, 93, 'SECDES.1.1', 'Cumplir con espacios óptimos para el desarrollo de los servicios y la mejora en la atención al ciudadano.', 93),
	(272, 93, 'SECDES.1.2', 'Difusión de la gestión', 93),
	(273, 93, 'SECDES.1.3', 'Fortalecer la identidad comunal.', 93),
	(274, 93, 'SECDES.1.4', 'Garantizar el acceso a Defensa al Consumidor en las Comunas.', 93),
	(275, 93, 'SECDES.1.5', 'Propiciar el vínculo entre la Policía y los vecinos a través de la Comuna.', 93),
	(276, 93, 'SECDES.1.6', 'Reforzar el vínculo con organizaciones de acción comunitaria.', 93),
	(277, 94, 'SECDES.2.1', 'Adaptar los puestos de atención en función de optimizar los tiempos de trámite en cada servicio.', 94),
	(278, 94, 'SECDES.2.2', 'Certificacion para la Gestion de Calidad en Atenciòn al Cliente en las Comunas.', 94),
	(279, 94, 'SECDES.2.3', 'Definir indicadores para medir y asegurar la óptima calidad en la gestión de las competencias.', 94),
	(280, 94, 'SECDES.2.4', 'Dotar a las sedes de una nueva tecnología en comunicación (Telefonía IP)', 94),
	(281, 94, 'SECDES.2.5', 'Profesionalización de los Recursos Humanos.', 94),
	(282, 95, 'SECDES.3.1', 'Continuar y asistir en el proceso de Descentralización.', 95),
	(283, 95, 'SECDES.3.2', 'Fortalecer el vínculo con las autoridades comunales.', 95),
	(284, 95, 'SECDES.3.3', 'Mejorar los Espacios Publicos Comunales en respuesta a demandas vecinales.', 95),
	(285, 96, 'SECDES.4.1', 'Implementar sistemas expresados en la Ley 4237 y la Ley 4428.', 96),
	(286, 96, 'SECDES.4.2', 'Propiciar medidas de ahorro energético en las Sedes Comunales y posicionar a la Comuna como centro de información y auxilio por cortes eléctricos.', 96),
	(287, 97, 'SECDES.5.1', 'Agilización de la gestión de la competencia.', 97),
	(288, 97, 'SECDES.5.2', 'Certificaciones', 97),
	(289, 97, 'SECDES.5.3', 'Disminuir los tiempos de atención al ciudadano.', 97),
	(290, 97, 'SECDES.5.4', 'Garantizar la concreción de los proyectos y obras en tiempo y forma.', 97),
	(291, 97, 'SECDES.5.5', 'Garantizar la higiene de la Ciudad', 97),
	(292, 97, 'SECDES.5.6', 'Optimizar la gestión del Arbolado Público.', 97),
	(293, 97, 'SECDES.5.7', 'Prevención del Uso Indebido del Espacio Público.', 97),
	(294, 97, 'SECDES.5.8', 'Puesta en valor del Espacio Público.', 97),
	(295, 98, 'SECISYU.1.1', 'Brindar soluciones habitacionales dignas a las familias relocalizadas de manera involuntaria y/o residentes en el "Bajo Autopista"', 98),
	(296, 98, 'SECISYU.1.2', 'Garantizar viviendas cuyos materiales y técnicas de construcción adecuadas, donde se suministren espacios y seguros para vivir, integrados a una estructura comunitaria', 98),
	(297, 99, 'SECISYU.2.1', 'Promover la empleabilidad, formalidad y sostenibilidad económica de la población económicamente activa en el territorio', 99),
	(298, 100, 'SECISYU.3.1', 'Mejorar el acceso a servicios básicos e infraestructura sanitaria', 100),
	(299, 100, 'SECISYU.3.2', 'Mejorar la conectividad y generar espacio público', 100),
	(300, 101, 'SECISYU.4.1', 'Mejorar la calidad y el acceso a los servicios públicos y sociales brindados a la ciudadanía', 101),
	(301, 102, 'SGYRI.1.1', 'Contribuir al cumplimiento de los objetivos y compromisos prioritarios de gobierno', 102),
	(302, 102, 'SGYRI.1.2', 'Internacionalizar la gestión de la Ciudad', 102),
	(303, 102, 'SGYRI.1.3', 'Potenciar la implementación de políticas transversales e interjurisdiccionales', 102),
	(304, 103, 'SGYRI.2.1', 'Acompañar los proyectos de promoción social e inclusión que llevan a cabo las comunidades de fe de la CABA', 103),
	(305, 103, 'SGYRI.2.2', 'Crear una identidad disruptiva de la forma de relacionarse del Gobierno, fomentando la cercanía y calidez del Jefe de Gobierno', 103),
	(306, 103, 'SGYRI.2.3', 'Liderar la planificación y coordinación de los Festejos del Bicentenario de la Independencia', 103),
	(307, 103, 'SGYRI.2.4', 'Revitalizar al CoPE como espacio de relacionamiento del Gobierno con OSCs', 103),
	(308, 104, 'SGYRI.3.1', 'Integrar Buenos Aires al mundo/Buenos Aires Comunidad de Inversión, Ideas y Talentos.', 104),
	(309, 104, 'SGYRI.3.2', 'Promover espacios de encuentro interreligioso y acompañar las distintas iniciativas que realizan las comunidades de Fe y organizaciones de dialogo interreligioso', 104),
	(310, 104, 'SGYRI.3.3', 'Visibilizar la Gestión y la Ciudad en el Mundo', 104),
	(311, 105, 'SGCBA.1.1', 'Elaborar los informes de Auditoría y las Minutas para el Jefe de Gobierno. Llevar a cabo Auditorías por programas presupuestarios', 105),
	(312, 105, 'SGCBA.1.2', 'Garantizar a la Sindicatura un nivel de Control Interno con los estándares internacionales de Madurez y Calidad Institucional', 105),
	(313, 105, 'SGCBA.1.3', 'Lograr un nivel de capacitación de excelencia de los Agentes Gubernamentales comprometidos con el Control Interno', 105),
	(314, 105, 'SGCBA.1.4', 'Mejorar el Sistema Informático de Control Interno', 105),
	(315, 105, 'SGCBA.1.5', 'Revisar y diagnosticar los recursos humanos de la Sindicatura (Idoneidad profesional, Retiros, Jubilaciones, Comisiones, Licencias, etc.)', 105),
	(316, 106, 'SGCBA.2.1', 'Actualizar y Editar el Nuevo Manual de Control Interno del Gobierno de la Ciudad de Buenos Aires (Versión impresa y digital)', 106),
	(317, 106, 'SGCBA.2.2', 'Diseñar la Matriz de Riesgo por tipología derivada de los enunciados de la Ley N° 70/98 (Presupuestarios, Económicos, Financieros, patrimoniales, Normativos y de Gestión)', 106),
	(318, 106, 'SGCBA.2.3', 'Implementar una herramienta de autodiagnóstico y mejora para la Madurez del Control Interno', 106),
	(319, 106, 'SGCBA.2.4', 'Promover la certificación de la norma ISO 9001:2015 en todas las Unidades de Auditoría Interna y las principales ocho (8) Dependencias de Atención al Ciudadano', 106),
	(320, 106, 'SGCBA.2.5', 'Promover la cultura de la excelencia académica en el control interno, a través de actividades de formación, intercambio de experiencias y trabajo coordinado', 106),
	(321, 106, 'SGCBA.2.6', 'Relacionar a la Sindicatura con los Organismos Nacionales e Internacionales de Control Interno que profundicen nuestro conocimiento profesional y académico', 106),
	(322, 107, 'SGCBA.3.1', 'Fortalecer la relación institucional entre la Sindicatura y las distintas áreas de gobierno', 107),
	(323, 107, 'SGCBA.3.2', 'Ser el órgano de consulta, capacitación e implementación del Control Interno a partir del Diálogo Interministerial', 107),
	(324, 108, 'SSCOMUNIC.1.1', 'A partir de las propuestas y necesidades de los vecinos, reforzar el vínculo de cercanía entre ellos y los funcionarios del Gobierno.', 108),
	(325, 108, 'SSCOMUNIC.1.2', 'Informar a los vecinos del área metropolitana sobre las acciones conjuntas entre sus Municipios y el Gobierno de la Ciudad.', 108),
	(326, 108, 'SSCOMUNIC.1.3', 'Mejorar la comprensión de las conversaciones que se producen en el mundo digital. .-Detectar posibles crisis y oportunidades de comunicación. .-Monitorear el estado de la opinión pública.', 108),
	(327, 108, 'SSCOMUNIC.1.4', 'Utilizar tecnologías que permitan comunicar los diferentes proyectos a audiencias específicas, generando segmentaciones únicas interesadas en políticas públicas particulares. .-Obtener el mayor detalle sobre el público en cuestión para generar contenidos que mejoren la cercanía del Jefe de Gobierno a partir de la publicidad Online.', 108),
	(328, 109, 'SSCOMUNIC.2.1', 'Incrementar el número de Vecinos de la Ciudad que participan del diseño, realización y seguimiento de las obras, proyectos y demás iniciativas gubernamentales.', 109),
	(329, 109, 'SSCOMUNIC.2.2', 'Mejorar y ser pro-activos en la comunicación con los vecinos en base a la información que nos dejan en su interacción con el Gobierno.', 109),
	(330, 110, 'SSCOMUNIC.3.1', 'Generar la información que sea necesaria para conocer la realidad ciudadana y la gestión de Gobierno. .-Apoyo al diseño de estrategias de gestión y comunicación, convirtiendo datos en información y herramientas.', 110),
	(331, 111, 'SSCOMUNIC.4.1', 'Presupuesto transversal a todos los proyectos', 111),
	(332, 112, 'SSCON.1.1', 'Agencias. Contar con el asesoramiento necesario para el correcto desenvolvimiento de las actividades de la Subsecretaría.', 112),
	(333, 112, 'SSCON.1.2', 'Agendas Públicas: Posicionar al GCBA y a su Jefe de Gobierno ante todo evento público y actividades de gobierno.', 112),
	(334, 112, 'SSCON.1.3', 'Contenido Discursivo: Construcción, unificación y análisis del discurso del Jefe de Gobierno y voceros del Gobierno', 112),
	(335, 112, 'SSCON.1.4', 'Marca Ciudad: Crear y posicionar la imagen institucional de la Ciudad a nivel local, regional e  internacional.', 112),
	(336, 112, 'SSCON.1.5', 'Planificación de eventos: Definir y capitalizar los eventos que se celebran en la Ciudad que fortalezcan los ejes y posicionamiento del Gobierno.', 112),
	(337, 112, 'SSCON.1.6', 'Producción de contenidos: Desarrollar las piezas de comunicación que respondan a las necesidades de las Subsecretarias de Contenidos y de Comunicación y de los Ministerios y Entes del GCBA', 112),
	(338, 112, 'SSCON.1.7', 'Publicidad: Definir y desarrollar la Estrategia General de Comunicación del Gobierno en su totalidad, definiendo los ejes, valores, filtros, tono y focos.             Diseño de la planificación anual de campañas y su consecuente estrategia de medios y canales de comunicación.', 112),
	(339, 112, 'SSCON.1.8', 'Usina de información: Centralizar información de gestión de los Ministerios y de actos y anuncios públicos de Gobierno', 112),
	(340, 113, 'SSCYPE.1.1', 'Buenos Aires a bailar. EJE DE DISFRUTE  /CREATIVIDAD. Festival dirigido al publico joven con el fin de fomentar la diversion sana al aire libre bajo el eje del disfrute.', 113),
	(341, 113, 'SSCYPE.1.2', 'Festival a reírse. EJE DE DISFRUTE. Los aficionados al género del humor tendrán su festival, que congrega a los principales cómicos del país teniendo en cuenta el eje de alegría/disfrute.', 113),
	(342, 113, 'SSCYPE.1.3', 'Festival mundo verde. EJE DE DISFRUTE. Música, cine y talleres gratuitos, centrados en un  Festival cultural dedicado a concientizar sobre el consumo responsable y el cuidado del medio ambiente.ofreciendo entretenimiento y conciencia sobre el cuidado de la Ciudad.', 113),
	(343, 113, 'SSCYPE.1.4', 'Gala de música tropical. EJE DE DISFRUTE      Reivindicar a la musica tropical como uno de los principales generos  dentro de la cultura popular teniendo en cuenta el eje de cercanía.', 113),
	(344, 113, 'SSCYPE.1.5', 'Laten Argentinos.', 113),
	(345, 113, 'SSCYPE.1.6', 'Misa Criolla. INTEGRACION SOCIAL Involucrar a las personas màs alla de sus creencias, de su raza u origen, respetando la libertad de culto. En el marco de la Imponente Catedral de Buenos Aires los asistentes presenciaran la importante misa criolla.  integrando y fomentando los valores de convivencia y tolerancia.', 113),
	(346, 113, 'SSCYPE.1.7', 'ONG Latinas. INTEGRACION SOCIAL', 113),
	(347, 113, 'SSCYPE.1.8', 'Tributo a Rodrigo. INTEGRACION SOCIAL Homenajear al maximo exponente del cuarteto en Parque Centenario.', 113),
	(348, 113, 'SSCYPE.1.9', 'Valeria Lynch sinfónico. INTEGRACION SOCIAL      Llegar al publico adulto mediante el show masivo de esta reconocida artista teniendo en cuenta el eje de cercanía.', 113),
	(349, 114, 'SSDCCYC.1.1', 'Brindar un sistema de información integrado con el fin de Incrementar el índice de resolución de reclamos relacionados al Mantenimiento del Espacio Público  durante 201Lograr el cumplimiento de los SLA establecidos y garantizar la respuesta del 100% de los reclamos ingresados', 114),
	(350, 114, 'SSDCCYC.1.2', 'Garantizar la verificación del 100% del universo de Reclamos', 114),
	(351, 115, 'SSDCCYC.2.1', 'Colaborar en la definición de los SLA y los estándares básicos de calidad para los procesos clave de los servicios más demandados (Reclamos, registro civil, rentas, licencias, infracciones, salud, 147 y Web)', 115),
	(352, 115, 'SSDCCYC.2.2', 'Incrementar la periodicidad de las mediciones de calidad sobre áreas clave respecto del año anterior y evaluar correcciones sugeridas (antes semestral, ahora cuatrimestral)', 115),
	(353, 115, 'SSDCCYC.2.3', 'Preparar la reformulación de los procesos con el objetivo de la futura certificación de normas y estándares internacionales', 115),
	(354, 116, 'SSDCCYC.3.1', 'Facilitar la interacción del vecino en terminos de su experiencia con las sedes en donde realiza sus trámites', 116),
	(355, 116, 'SSDCCYC.3.2', 'Garantizar el correcto funcionamiento de la Gestion de Citas', 116),
	(356, 116, 'SSDCCYC.3.3', 'Identificar tendencias y anticipar nuevos focos demandas', 116),
	(357, 116, 'SSDCCYC.3.4', 'Incrementar el número de canales de ingreso de reclamos Mejorar las interfaces de comunicación de los vecinos con el GCBA con el fin de mejorar la experiencia del usuario', 116),
	(358, 116, 'SSDCCYC.3.5', 'Integrar los Sistemas de Atención Ciudadana', 116),
	(359, 117, 'SSDCCYC.4.1', 'Estandarizar   procesos y calidad de Atención', 117),
	(360, 118, 'SSDCCYC.5.1', 'Detectar e iniciar de oficio actuaciones contra prácticas abusivas y publicidad engañosa en violación a la Legislación vigente', 118),
	(361, 118, 'SSDCCYC.5.2', 'Empoderar al Consumidor a través de la Información incrementando el indice de conocimiento al 60%', 118),
	(362, 118, 'SSDCCYC.5.3', 'Fortalecer la conciliación como respuesta ágil y eficiente ante los conflictos entre las empresas y consumidores en la comercialización de bienes y servicios Aumentando la proporción al 60%', 118),
	(363, 119, 'SSSYP.1.1', 'Estructurar la Organización orientada a Servicios con capacidad para el cumplimiento de SLAs', 119),
	(364, 120, 'SSSYP.2.1', 'Asegurar la Continuidad Operacional (Por área interna)', 120),
	(365, 121, 'SSSYP.3.1', 'Asegurar la Continuidad Operacional (Por área interna)', 121),
	(366, 121, 'SSSYP.3.2', 'Evolucionar en términos de visión tecnológica (Por área interna)', 121),
	(367, 121, 'SSSYP.3.3', 'Nuevo servicio al ciudadano y GCBA', 121),
	(368, 122, 'SSSYP.4.1', 'Desarrollar, en las distintas áreas del GCBA, proyectos relacionados con el relevamiento, diseño e implementación de procesos verticales y transversales de gestión, aplicando las herramientas de soporte documental y transaccional disponibles, promoviendo la integración de ambas y asistir a las áreas de gobierno en la definición e implementación de modelos informáticos de explotación de datos', 122),
	(369, 122, 'SSSYP.4.2', 'Profundizar la transformación evolutiva del gobierno electrónico, priorizando las necesidades de los ciudadanos', 122);
/*!40000 ALTER TABLE `objetivo_operativo` ENABLE KEYS */;

-- Dumping data for table proyectos_ba_generated.archivos_proyecto: ~0 rows (approximately)
DELETE FROM `archivos_proyecto`;
/*!40000 ALTER TABLE `archivos_proyecto` DISABLE KEYS */;
/*!40000 ALTER TABLE `archivos_proyecto` ENABLE KEYS */;

-- Dumping data for table proyectos_ba_generated.area: ~371 rows (approximately)
DELETE FROM `area`;
/*!40000 ALTER TABLE `area` DISABLE KEYS */;
INSERT INTO `area` (`idArea`, `idJurisdiccion`, `nombre`) VALUES
	(1, 1, 'Unidad de Prensa y Comunicación Institucional'),
	(2, 1, 'Unidad de Auditoría Interna'),
	(3, 1, 'Jefatura de Gabinete'),
	(4, 1, 'Dirección General Legal y Técnica'),
	(5, 1, 'Unidad de Coord. General'),
	(6, 1, 'Unidad de Gestión de la Información y Coordinación Operativa'),
	(7, 1, 'Unidad de Coordinación Administrativa'),
	(8, 1, 'Unidad de Sistemas Informáticos y Procesos'),
	(9, 1, 'Dirección General de Habilitaciones y Permisos'),
	(10, 1, 'Dirección General de Fiscalización y Control'),
	(11, 1, 'Dirección General de Fiscalización y Control de Obras'),
	(12, 1, 'Dirección General de Higiene y Seguridad Alimentaria'),
	(13, 2, 'Banco Ciudad de Buenos Aires'),
	(14, 3, 'Corporación Bs. As. Sur'),
	(15, 31, 'Ente Autárquico Teatro Colón'),
	(16, 4, 'Secretaría de Uso del Espacio Público'),
	(17, 4, 'Secretaría de Higiene Urbana'),
	(18, 4, 'Secretaría de Mantenimiento del Espacio Público'),
	(19, 4, 'Dirección General de Mantenimientos y Talleres'),
	(20, 4, 'Dirección General de Ferias y Mercados'),
	(21, 4, 'Dirección General de Ordenamiento del Espacio Público'),
	(22, 4, 'Dirección General de Fiscalización del Espacio Público'),
	(23, 4, 'Dirección General de Regeneración Urbana'),
	(24, 4, 'Dirección General de Obras de Regeneración Urbana'),
	(25, 4, 'Dirección General de Cementerios'),
	(26, 4, 'Dirección General de Alumbrado'),
	(27, 4, 'Dirección General de Espacios Verdes'),
	(28, 4, 'Dirección General de Sistema Pluvial'),
	(29, 4, 'Dirección General de Limpieza'),
	(30, 4, 'Dirección General de Tratamiento y Nuevas Tecnologías'),
	(31, 4, 'Dirección General de Recilado'),
	(32, 4, 'Dirección General de Técnica, Administrativa y Legal'),
	(33, 4, 'Dirección General de Control de Gestión'),
	(34, 4, 'Dirección General de Comunicación'),
	(35, 4, 'Dirección General de Planificación y Presupuesto'),
	(36, 4, 'Unidad de Auditoría Interna'),
	(37, 4, 'Ente de Mantenimiento Urbano Integral'),
	(38, 4, 'Ente de Higiene Urbana'),
	(39, 4, 'Agencia de Protección Ambiental'),
	(40, 4, 'Unidad de Coordinación General de Control de Gestión'),
	(41, 4, 'Unidad de Auditoría Interna'),
	(42, 4, 'Unidad de Coordinación General de Gestión Ambiental'),
	(43, 4, 'DG de Evaluación Técnica'),
	(44, 4, 'DG de Estrategias Ambientales'),
	(45, 4, 'DG de Control Ambiental'),
	(46, 4, 'DG Técnica, Administrativa y Legal'),
	(47, 9, 'Subsecretaría de Políticas Culturales y Nuevas Audiencias'),
	(48, 9, 'Subsecretaría de Gestión Cultural'),
	(49, 9, 'Dirección General del Libro, Bibliotecas y Promoción de la Lectura'),
	(50, 9, 'Centro Cultural Gral. San Martín'),
	(51, 9, 'Centro Cultural Recoleta'),
	(52, 9, 'Dirección General de Enseñanza Artística'),
	(53, 9, 'Dirección General de Festivales y Eventos Centrales'),
	(54, 9, 'Dirección General de Música'),
	(55, 9, 'Dirección General de Promoción Cultural'),
	(56, 9, 'Complejo Teatral Ciudad de Bs. As.'),
	(57, 9, 'Dirección General de Patrimonio, Museos y Casco Histórico'),
	(58, 9, 'Dirección General Técnica, Administrativa y Legal'),
	(59, 9, 'Unidad de Auditoría Interna'),
	(60, 5, 'Consejo Asesor de Plan Urbano Ambiental'),
	(61, 5, 'Unidad de Auditoría Interna'),
	(62, 5, 'Subsecretaría de Obras'),
	(63, 5, 'Subsecretaría de Proyectos'),
	(64, 5, 'Subsecretaría de Registros, Interpretación y Catastro'),
	(65, 5, 'Subsecretaría de Planeamiento'),
	(66, 5, 'Dirección General de Obras de Ingeniería y Arquitectura'),
	(67, 5, 'Dirección General de Infraestructura Gubernamental'),
	(68, 5, 'Dirección General de Obras de Infraestructura Urbana'),
	(69, 5, 'Dirección General de Innovación Urbana'),
	(70, 5, 'Dirección General de Antropología Urbana'),
	(71, 5, 'Dirección General de Interpretación Urbanística'),
	(72, 5, 'Dirección General de Registro de Obra y Catastro'),
	(73, 5, 'Dirección General de Planeamiento Urbano'),
	(74, 5, 'Dirección General de Datos, Estadística y Proyección Urbana'),
	(75, 5, 'Dirección General de Coordinación Institucional y Comunicación'),
	(76, 5, 'Dirección General de Técnica, Administrativa y Legal'),
	(77, 5, 'Dirección General de Seguimiento de Gestión'),
	(78, 5, 'UPE Plan Hidráulico'),
	(79, 5, 'UPE Obras Red de Subterráneos'),
	(80, 5, 'UPE Villa Olímpica'),
	(81, 5, 'UPE Relocalización y Gestión Integral de Edificios del GCBA'),
	(82, 5, 'Unidad Ejecutora para la Renovación Urbana de la Traza de la ExAU'),
	(83, 5, 'Autopistas Urbanas SA (AUSA)'),
	(84, 6, 'Ministerio de Desarrollo Urbano y Transporte (IVC)'),
	(85, 7, 'Subterráneos de Bs. As. S.E.'),
	(86, 8, 'Subsecretaría de Tránsito y Transporte'),
	(87, 8, 'Subsecretaría de Movilidad Sustentable'),
	(88, 8, 'Dirección General de Planificación de la Movilidad'),
	(89, 8, 'Dirección General de Tránsito y Transporte'),
	(90, 8, 'Dirección General de Transportes Masivos de Buses Rápidos'),
	(91, 8, 'Dirección General de Movilidad Saludable'),
	(92, 8, 'Dirección General de Licencias'),
	(93, 8, 'Dirección General de Cuerpo de Agentes de Control de Tránsito y Seguridad Vial'),
	(94, 11, 'Subsecretaría de Carrera Docente'),
	(95, 11, 'Subsecretaría de Planeamiento e Innovación Educativa'),
	(96, 11, 'Subsecretaría de Coordinación Pedagógica Equidad Educativa'),
	(97, 11, 'Subsecretaría de Gestión Económico Financiera y Adm. De Recursos'),
	(98, 11, 'Dirección General de Personal Docente y no Docente'),
	(99, 11, 'Dirección General de Carrera Docente'),
	(100, 11, 'Dirección General de Educación de Gestión Privada'),
	(101, 11, 'Dirección General de Educación de Gestión Estatal'),
	(102, 11, 'Dirección General de Educación Superior'),
	(103, 11, 'Dirección General de Escuela Abierta'),
	(104, 11, 'Dirección General de Fortalecimiento de la Comunidad Educativa'),
	(105, 11, 'Dirección General de Infraestructura y Mantenimiento Escolar'),
	(106, 11, 'Dirección General de Servicios a Escuelas'),
	(107, 11, 'Dirección General de Administración de Recursos'),
	(108, 11, 'Dirección General de Escuela de Maestros'),
	(109, 11, 'Dirección General de Planeamiento Educativo'),
	(110, 11, 'Dirección General de Coordinación Legal e Institucional'),
	(111, 11, 'Dirección General de Comunicaciones y Relaciones Institucionales'),
	(112, 11, 'Dirección General de Tecnología Educativa'),
	(113, 11, 'Dirección General de Planeamiento y Control de Gestión'),
	(114, 11, 'Unidad de Evaluación Integral de la Calidad y Equidad Educativa'),
	(115, 11, 'UPE Educación para la Sustentabilidad'),
	(116, 11, 'Unidad de Auditoría Interna'),
	(117, 12, 'Subsecretaría de Gobierno'),
	(118, 12, 'Subsecretaría de Asuntos Internacionales'),
	(119, 12, 'Subsecretaría de Reforma Política'),
	(120, 12, 'Asuntos Legislativos'),
	(121, 12, 'Reg. Del Estado Civil y Capac. De las Personas'),
	(122, 12, 'Relaciones con las Provincias y Municipios'),
	(123, 12, 'Reforma Política y Electoral'),
	(124, 12, 'Seguimiento de Organismos de Contenidos y Acceso a la Información'),
	(125, 12, 'Asuntos Interjurisdiccionales y Transferencias de Competencias'),
	(126, 12, 'Programas de Cooperación Interjurisdiccional y Casas de la Ciudad'),
	(127, 12, 'UPE Cuenca - Matanza - Riachuelo'),
	(128, 12, 'UPE Área Metropolitana de Bs. As.'),
	(129, 12, 'Sociedad Administradora del Puerto-Sap'),
	(130, 12, 'Corporación Mercado Central'),
	(131, 12, 'Corporación Antiguo Puerto Madero'),
	(132, 12, 'Coordinación Ecológica Área Metropolitana Sociedad del Estado'),
	(133, 12, 'Unidad de Auditoría Interna'),
	(134, 13, 'Subsecretaría de Finanzas'),
	(135, 13, 'Subsecretaría de Gestión y Administración Económica'),
	(136, 13, 'Subsecretaría de Gestión de RRHH'),
	(137, 13, 'Subsecretaría de Gestión Operativa'),
	(138, 13, 'Dirección General de Seguros'),
	(139, 13, 'Dirección General de Relaciones Fiscales'),
	(140, 13, 'Dirección General de Crédito Público'),
	(141, 13, 'Dirección General de Compras y Contrataciones'),
	(142, 13, 'Dirección General Gestión de la Flota Automotor'),
	(143, 13, 'Dirección General de Redeterminación de Precios'),
	(144, 13, 'Dirección General Unidad Informática de Administración Financiera'),
	(145, 13, 'Dirección General de Planificación y Control Operativo'),
	(146, 13, 'Dirección General de Desarrollo del Servicio Civil'),
	(147, 13, 'Dirección General de Relaciones Laborales'),
	(148, 13, 'Dirección General de Administración y Liquidación de Haberes'),
	(149, 13, 'Dirección General de Asuntos Laborales y Previsionales'),
	(150, 13, 'Dirección General de Administración de Medicina de Trabajo'),
	(151, 13, 'Dirección General de Oficina de Gestión Pública y Presupuesto'),
	(152, 13, 'Dirección General de Tesorería'),
	(153, 13, 'Dirección General de Contaduría'),
	(154, 13, 'Dirección General Técnica, Administrativa y Legal'),
	(155, 13, 'Unidad de Auditoría Interna'),
	(156, 13, 'Administración Gubernamental de Ingresos Públicos'),
	(157, 13, 'Unidad de Financiamiento con Organismos Multilaterales de Créditos'),
	(158, 13, 'Obra Social de la Ciudad de Bs. As. '),
	(159, 13, 'Instituto de Juego y Apuestas'),
	(160, 13, 'Dirección General de Estadística y Censos'),
	(161, 13, 'Dirección General de Rentas'),
	(162, 13, 'Dirección General Legal y Técnica'),
	(163, 13, 'Dirección General de Relaciones Institucionales'),
	(164, 13, 'Dirección General de Análisis Fiscal'),
	(165, 13, 'Dirección General de Planificación y Control'),
	(166, 10, 'Secretaría de Tercera Edad'),
	(167, 10, 'Subsecretaría de Fortalecimiento Familia y Comunitario'),
	(168, 10, 'Subsecretaría de Hábitat e Inclusión'),
	(169, 10, 'Subsecretaría de Promoción Social'),
	(170, 10, 'Dirección General de Servicios y Dependencia'),
	(171, 10, 'Dirección General de Protección e Inclusión'),
	(172, 10, 'Dirección General de Nuevos Estándares y Tecnologías'),
	(173, 10, 'Dirección General de Ciudadanía Porteña'),
	(174, 10, 'Dirección General de Economía Social'),
	(175, 10, 'Dirección General de Servicios Sociales Zonales'),
	(176, 10, 'Dirección General de Atención Inmediata'),
	(177, 10, 'Dirección General de Fortalecimiento de la Sociedad Civil'),
	(178, 10, 'Dirección General de Niñez y Adolescencia'),
	(179, 10, 'Dirección General de la Mujer'),
	(180, 10, 'Dirección General de Políticas Sociales en Adicciones'),
	(181, 10, 'Dirección General de Atención y Asistencia a la Víctima'),
	(182, 10, 'Dirección General de Desarrollo Territorial'),
	(183, 10, 'Dirección General de Desarrollo Inclusivo'),
	(184, 10, 'Dirección General de Hábitat'),
	(185, 10, 'Dirección General de Inclusión Social'),
	(186, 10, 'Dirección General Técnica, Administrativa y Legal'),
	(187, 10, 'Dirección General de Red Integral de Protección Social'),
	(188, 10, 'Dirección General de Infraestructura Social'),
	(189, 10, 'Unidad de Auditoría Interna'),
	(190, 10, 'Unidad de Gestión de Intervención Social (UGIS)'),
	(191, 10, 'COPIDIS Ley N°447'),
	(192, 10, 'Consejo Social'),
	(193, 14, 'Secretaría de Seguridad'),
	(194, 14, 'Subsecretaría de Prevención del Delito'),
	(195, 14, 'Subsecretaría de Vinculación Ciudadana con la Seguridad'),
	(196, 14, 'Subsecretaría de Seguridad Operativa'),
	(197, 14, 'Subsecretaría de Seguridad Ciudadana'),
	(198, 14, 'PFA - Jefatura CABA'),
	(199, 14, 'Subsecretaría de Jefatura de Policía Metropolitana'),
	(200, 14, 'Subjefatura de Policía Metropolitana'),
	(201, 14, 'Subsecretaría de Emergencias'),
	(202, 14, 'Subsecretaría de Justicia'),
	(203, 14, 'Subsecretaría de Administración de Seguridad'),
	(204, 14, 'Dirección General de Diagnóstico y Diseño de Políticas de Intervención Temprana de la Seguridad'),
	(205, 14, 'Dirección General de Contención Primaria de la Ciudadanía Ante Delitos'),
	(206, 14, 'Dirección General de Eventos Masivos'),
	(207, 14, 'Dirección General de Seguridad Privada'),
	(208, 14, 'Dirección General de Custodia de Bienes'),
	(209, 14, 'Dirección General de Planificación de Seguridad con Recursos No Policiales'),
	(210, 14, 'Dirección General de Coordinación Operativa'),
	(211, 14, 'Dirección General de Información y Estadística Criminal'),
	(212, 14, 'Dirección General de Investigación Criminal'),
	(213, 14, 'Dirección General de Justicia, Registro y Mediación'),
	(214, 14, 'Dirección General de Administración de Infracciones'),
	(215, 14, 'Dirección General Técnica, Administrativa y Legal'),
	(216, 14, 'Dirección General de Estudios y Tecnologías de la Información'),
	(217, 14, 'Dirección General de Comunicación y Relaciones Institucionales'),
	(218, 14, 'Dirección General Electoral'),
	(219, 14, 'Dirección General de Logística'),
	(220, 14, 'Dirección General de Guardia de Auxilio y Emergencias'),
	(221, 14, 'Dirección General de Defensa Civil'),
	(222, 14, 'Dirección General de Planeamiento de Emergencia y Coordinación de Bomberos'),
	(223, 14, 'Dirección General Administrativa y Legal de Seguridad'),
	(224, 14, 'Dirección General de Administración de Recursos Humanos de Seguridad'),
	(225, 14, 'Dirección General de Suministros de Seguridad'),
	(226, 14, 'Dirección General de Infraestructura de Seguridad'),
	(227, 14, 'Unidad de Auditoría Interna'),
	(228, 14, 'Auditoría Externa Policial'),
	(229, 14, 'Comité de Planificación Estratégica'),
	(230, 14, 'Unidad de Enlace del Consejo de Seguridad y Prevención del Delito'),
	(231, 14, 'Obra Social de la Policía Metropolitana'),
	(232, 14, 'Comité de Seguimiento del Sistema de Seguridad Pública'),
	(233, 14, 'Registro de Verificación de Autopartes'),
	(234, 14, 'Organización del Registro Público de Com. Y Cont. De Personas Jurídicas'),
	(235, 14, 'Instituto Superior de Seguridad Pública'),
	(236, 14, 'Comité de Prevención y Seguridad para Eventos Deportivos'),
	(237, 14, 'UPE para la Transferencia de Funciones y Facultades en Materia de Seguridad'),
	(238, 14, 'Unidad Administrativa de Control de Faltas'),
	(239, 14, 'Unidad de Enlace de Faltas Especiales'),
	(240, 14, 'Unidad de Enlace de Faltas de Tránsito'),
	(241, 14, 'Unidad Organización Electoral'),
	(242, 15, 'Subsecretaría de Trabajo, Industria y Comercio'),
	(243, 15, 'Subsecretaría de Ciudad Inteligente'),
	(244, 15, 'Subsecretaría de Inversiones'),
	(245, 15, 'Subsecretaría de Economía Creativa y Comercio Exterior'),
	(246, 15, 'Dirección General de Empleo'),
	(247, 15, 'Dirección General de Protección del Trabajo'),
	(248, 15, 'Dirección General de Negociaciones Laborales'),
	(249, 15, 'Dirección General de Industrias Creativas'),
	(250, 15, 'Dirección General de Emprendedores'),
	(251, 15, 'Dirección General de Ciencia y Tecnología'),
	(252, 15, 'Dirección General de Promoción de Inversiones'),
	(253, 15, 'Dirección General de Gestión de Inversiones'),
	(254, 15, 'Dirección General de Proyectos de Ciudad Inteligente'),
	(255, 15, 'Dirección General de Innovación y Gobierno Abierto'),
	(256, 15, 'Dirección General de Ciudad Moderna y Sustentable'),
	(257, 15, 'Dirección General de Gestión Digital'),
	(258, 15, 'Unidad de Auditoría Interna'),
	(259, 15, 'UPE JJOO de la Juventud Bs. As. 2018'),
	(260, 15, 'Parque de la Ciudad'),
	(261, 15, 'Consejo Económico y Social de la Ciudad Bs. As.'),
	(262, 15, 'Ente de Turismo'),
	(263, 15, 'Agencia de Bienes Sociedad del Estado Ley N° 5558'),
	(264, 16, 'Subsecretaría de Atención Hospitalaria'),
	(265, 16, 'Subsecretaría de Planificación Sanitaria'),
	(266, 16, 'Subsecretaría de Administración del Sistema de Salud'),
	(267, 16, 'Subsecretaría de Atención Primaria, Ambulatoria y Comunitaria'),
	(268, 16, 'Dirección General de Hospitales'),
	(269, 16, 'Dirección General de Sistema de Atención Médica de Emergencia'),
	(270, 16, 'Dirección General de Salud Mental'),
	(271, 16, 'Dirección General de Atención Primaria'),
	(272, 16, 'Dirección General de Salud Comunitaria'),
	(273, 16, 'Dirección General de Planificación Operativa'),
	(274, 16, 'Dirección General de Informática, Clínica, Estadística y Epidemiológica'),
	(275, 16, 'Dirección General de Coordinación, Tecnologías y Financiamiento en Salud'),
	(276, 16, 'Dirección General de Docencia, Investigación y Desarrollo Profesional'),
	(277, 16, 'Dirección General de Administración y Desarrollo de Recursos Humanos'),
	(278, 16, 'Dirección General de Sistemas Informáticos'),
	(279, 16, 'Dirección General Administrativa, Contable y Presupuesto'),
	(280, 16, 'Dirección General de Recursos Físicos en Salud'),
	(281, 16, 'Dirección General de Abastecimiento en Salud'),
	(282, 16, 'Dirección General Legal y Técnica'),
	(283, 16, 'Unidad de Auditoría Interna'),
	(284, 16, 'Hospitales y Centros de Salud'),
	(285, 16, 'Instituto de Transplante de la CABA'),
	(286, 17, 'Unidad de Auditoría Interna'),
	(287, 17, 'Procuración Gral. Adjunta de Asuntos Patrimoniales y Fiscales'),
	(288, 17, 'Procuración Gral. Adjunta de Asuntos Institucionales y Empleo Público'),
	(289, 17, 'Dirección General de Asuntos Tributarios y Recursos Fiscales'),
	(290, 17, 'Dirección General de Relaciones Contractuales'),
	(291, 17, 'Dirección General de Asuntos Patrimoniales'),
	(292, 17, 'Dirección General de Empleo Público'),
	(293, 17, 'Dirección General de Asuntos Institucionales'),
	(294, 17, 'Dirección General de Sumarios'),
	(295, 17, 'Dirección General de Asuntos Comunales'),
	(296, 17, 'Dirección General Técnica, Administrativa y Legal'),
	(297, 17, 'Dirección General de Información Jurídica y Extendión'),
	(298, 17, 'Dirección General de Asuntos Penales'),
	(299, 18, 'Relaciones Institucionales y Promoción Cultural Ciudadana'),
	(300, 18, 'Cultura del Servicio Público'),
	(301, 18, 'Onservatorio Cambio Cultural'),
	(302, 18, 'Identidad, Compromiso Barrial y Voluntariado'),
	(303, 18, 'Instituto Superior de la Carrera'),
	(304, 19, 'Subsecretaría de Deporte'),
	(305, 19, 'Subsecretaría de Bienestar Ciudadano'),
	(306, 19, 'Subsecretaría de Derechos Humanos y Pluralismo Cultural'),
	(307, 19, 'Deporte Social y Desarrollo Deportivo'),
	(308, 19, 'Infraestructura Deportiva'),
	(309, 19, 'Administración y Organización Deportiva'),
	(310, 19, 'Convivencia en la Diversidad'),
	(311, 19, 'Colectividades'),
	(312, 19, 'Políticas de Juventud'),
	(313, 19, 'Desarrollo Familiar'),
	(314, 19, 'Desarrollo Saludable'),
	(315, 19, 'Desarrollo Gastronómico'),
	(316, 19, 'Promoción de Políticas de Bienestar Ciudadano'),
	(317, 19, 'Consejo Asesor en Políticas Públicas de Memoria'),
	(318, 19, 'Consejo de Gestión del Parque de la Memoria y del Monumento a las Víctimas del Terrorismo de Estado'),
	(319, 20, 'Dirección General de Servicios Desconcentrados'),
	(320, 20, 'Dirección General de Descentralización Comunal'),
	(321, 20, 'Dirección General de Mantenimiento del Espacio Público Comunal'),
	(322, 20, 'Unidades de Atención Ciudadana'),
	(323, 20, 'Consejo de Coordinación Intercomunal'),
	(324, 20, 'Comunas'),
	(325, 22, 'Subsecretaría de Infraestructura Urbana y Coordinación Gubernamental'),
	(326, 22, 'Subsecretaría de Planeamiento y Gestión Comunitaria'),
	(327, 22, 'Dirección General de Proyectos y Diseño Urbano'),
	(328, 22, 'Dirección General de Coordinación Gubernamental'),
	(329, 22, 'Dirección General de Obras e Infraestructura'),
	(330, 22, 'Dirección General de Gestión Comunitaria'),
	(331, 22, 'Dirección General de Innovación Social y Planeamiento Participativo'),
	(332, 23, 'Subsecretaría de Medios y Prensa'),
	(333, 23, 'Subsecretaría de Comunicación Social'),
	(334, 23, 'Coordinación de Prensa'),
	(335, 23, 'Planeamiento de Medios'),
	(336, 23, 'Señal de Cable y Ciudad Abierta'),
	(337, 23, 'LS1 Radio de la Ciudad y FM 2x4'),
	(338, 24, 'Coordinación de Gestión'),
	(339, 24, 'Evaluación del Gasto'),
	(340, 24, 'Planificación Estratégica'),
	(341, 25, 'Sindicatura General de la Ciudad de Bs. As. '),
	(342, 21, 'Subsecretaría de Relaciones Internacionales e Institucionales'),
	(343, 21, 'Subsecretaría de Gestión Estratégica y Calidad Institucional'),
	(344, 21, 'Protocolo y Ceremonial'),
	(345, 21, 'Culto'),
	(346, 21, 'Relaciones Internacionales y Cooperación'),
	(347, 21, 'Gestión Estratégica'),
	(348, 21, 'Calidad Institucional'),
	(349, 21, 'Unidad de Gestión del Cumplimiento'),
	(350, 26, 'Dirección General de Opinión Pública'),
	(351, 26, 'Dirección General de Comunicación Digital'),
	(352, 26, 'Dirección General de Comunicación Directa'),
	(353, 26, 'Dirección General de Comunicación Participativa'),
	(354, 27, 'Dirección General de Planificación Comunicacional'),
	(355, 27, 'Dirección General de Producción General'),
	(356, 27, 'Dirección General de Contenidos y Marcas'),
	(357, 27, 'Dirección General de Eventos de Gobierno'),
	(358, 28, 'Coordinación y Promoción de Eventos'),
	(359, 29, 'Dirección General de Atención y Cercanía Ciudadana'),
	(360, 29, 'Dirección General de Gestión de Demanda Ciudadana'),
	(361, 29, 'Dirección General de Gestión de Calidad'),
	(362, 29, 'Dirección General de Defensa y Protección al Consumidor'),
	(363, 30, 'Eficiencia Administrativa'),
	(364, 30, 'Administración de Bases de Datos e Ingen. De Proyectos.'),
	(365, 30, 'Agencia de Sistemas de Información'),
	(366, 30, 'Coordinación General de Seguridad Informática'),
	(367, 30, 'Unidad de Auditoría Interna'),
	(368, 30, 'Dirección General de Servicios'),
	(369, 30, 'Dirección General de Integración de Sistemas'),
	(370, 30, 'Dirección General de Infraestructura'),
	(371, 30, 'Dirección General Técnica, Administrativa y Legal');
/*!40000 ALTER TABLE `area` ENABLE KEYS */;

-- Dumping data for table proyectos_ba_generated.comuna: ~15 rows (approximately)
DELETE FROM `comuna`;
/*!40000 ALTER TABLE `comuna` DISABLE KEYS */;
INSERT INTO `comuna` (`idComuna`, `abreviatura`, `nombre`) VALUES
	(1, 'C1', 'Comuna 1'),
	(2, 'C2', 'Comuna 2'),
	(3, 'C3', 'Comuna 3'),
	(4, 'C4', 'Comuna 4'),
	(5, 'C5', 'Comuna 5'),
	(6, 'C6', 'Comuna 6'),
	(7, 'C7', 'Comuna 7'),
	(8, 'C8', 'Comuna 8'),
	(9, 'C9', 'Comuna 9'),
	(10, 'C0', 'Comuna 10'),
	(11, 'C1', 'Comuna 11'),
	(12, 'C2', 'Comuna 12'),
	(13, 'C3', 'Comuna 13'),
	(14, 'C4', 'Comuna 14'),
	(15, 'C5', 'Comuna 15');
/*!40000 ALTER TABLE `comuna` ENABLE KEYS */;

-- Dumping data for table proyectos_ba_generated.comuna_por_proyecto: ~0 rows (approximately)
DELETE FROM `comuna_por_proyecto`;
/*!40000 ALTER TABLE `comuna_por_proyecto` DISABLE KEYS */;
/*!40000 ALTER TABLE `comuna_por_proyecto` ENABLE KEYS */;

-- Dumping data for table proyectos_ba_generated.eje_de_gobierno: ~5 rows (approximately)
DELETE FROM `eje_de_gobierno`;
/*!40000 ALTER TABLE `eje_de_gobierno` DISABLE KEYS */;
INSERT INTO `eje_de_gobierno` (`idEjeDeGobierno`, `nombre`, `descripcion`, `ejemplos`) VALUES
	(1, 'Disfrute', 'Tenemos una Ciudad hermosa con infinitas posibilidades para disfrutarla cada día más. Queremos convivir mejor en esta Ciudad: que\r\nlos vecinos se sientan movilizados y comprometidos, que la cuiden y respeten participando activamente a través de la cultura, el deporte y el turismo. Y lograr la mejor Ciudad para todos.', 'Seguridad\r\nHigiene y Reciclado\r\nCambio Cultural\r\nParticipación Ciudadana\r\nTurismo\r\nPlan Gastronómico\r\nJJOO de la Juventud\r\nCultura cerca de la gente\r\nEcoparque'),
	(2, 'Escala Humana', 'Queremos que la gente camine por la calle y se encuentre. El espacio público tiene que disfrutarse, no es solo un lugar para transitar.\r\nEl espacio público es un servicio público.\r\nEs socializador, igualador, y brinda las mismas\r\noportunidades para todos.', 'Mantenimiento\r\nRegeneración Urbana\r\nTransporte Público\r\nPaseo del Bajo\r\nSolicitudes y Trámites'),
	(3, 'Integración social', 'Queremos una Ciudad al alcance de todos, donde todos los vecinos se sientan parte. Por eso, es nuestra prioridad seguir trabajando en una reforma integral del sistema de salud, en la educación y en el acompañamiento a nuestros adultos mayores.', 'Desarrollo del Sur\r\nIntegración de Villas (foco en 31 y 20)\r\nMejoras en Educación\r\nReforma Integral de Salud\r\nAdultos Mayores'),
	(4, 'Creatividad', 'Queremos una Ciudad donde la creatividad, el diseño y el arte sean pilares fundamentales de\r\nnuestra cultura. Una Ciudad inteligente, que facilite la comunicación, que apoye los proyectos emprendedores y el espíritu de trabajo y de mejora continua. Por eso, trabajaremos promoviendo la inversión, la innovación técnica y la generación constante de nuevos empleos.', 'Cuidad Inteligente\r\nEmprendedorismo\r\nGobierno Eficiente y Transparente\r\nProyectos Público Privados\r\nDistritos Creativos');
/*!40000 ALTER TABLE `eje_de_gobierno` ENABLE KEYS */;

-- Dumping data for table proyectos_ba_generated.eje_de_gobierno_por_proyecto: ~0 rows (approximately)
DELETE FROM `eje_de_gobierno_por_proyecto`;
/*!40000 ALTER TABLE `eje_de_gobierno_por_proyecto` DISABLE KEYS */;
/*!40000 ALTER TABLE `eje_de_gobierno_por_proyecto` ENABLE KEYS */;

-- Dumping data for table proyectos_ba_generated.indicador_estrategico: ~361 rows (approximately)
DELETE FROM `indicador_estrategico`;
/*!40000 ALTER TABLE `indicador_estrategico` DISABLE KEYS */;
INSERT INTO `indicador_estrategico` (`idIndicadorEstrategico`, `idObjetivoJurisdiccional`, `indicador`, `descripcion`) VALUES
	(1, 2, 'Cantidad de Fiscalizaciones a Obras sin permiso detectadas y clausuradas', 'Sumatoria de fiscalizaciones a  obras sin persmiso detectadas y clausuradas'),
	(2, 2, 'Cantidad de Fiscalizaciones a Locales que fueron clausurados por falta de habilitación', 'Sumatoria de fiscalizaciones  realizadas por DGFyC que resultaron en clausuras por falta de habilitación'),
	(3, 2, 'Cantidad de Fiscalizaciones a locales comerciales (DGFYC)', 'Sumatoria de fiscalizaciones  realizadas  a locales comerciales por la DGFyC'),
	(4, 2, 'Cantidad de Fiscalizaciones a obras', 'Sumatoria de fiscalizaciones  realizadas  a obras por la GOFyCO'),
	(5, 1, 'Cantidad de Campañas presenciales de prevención y concientización', 'Sumatoria de salidas realizadas por movil AGC+sumatoria de salidas realizadas por voluntariado'),
	(6, 3, 'Tiempo promedio de firma de disposición de habilitaciones simples SIN planos aprobados', '(Sumatoria de los dias hábiles transcurridos desde el inicio hasta la firma de disposición y nunca fueron observados  / cantidad de tramites que se firmaron mediante disposición) - (Sumatoria de los dias hábiles transcurridos desde la generación de la Boleta de pago hasta que se lo verifica/ cantidad de tramites pagados)'),
	(7, 3, 'Tiempo promedio de firma de disposición de habilitaciones simples CON  planos hasta 500m2 aprobados', '(Sumatoria de los dias hábiles transcurridos desde el inicio hasta la firma de disposición  y nunca fueron observados / cantidad de tramites que se firmaron mediante disposición)  - (Sumatoria de los dias hábiles transcurridos desde la generación de la Boleta de pago hasta que se lo verifica/ cantidad de tramites pagados)'),
	(8, 3, 'Porcentaje de trámites de habilitaciones observados simples SIN plano', 'Sumatoria de la cantidad  de trámites de habilitaciones SSP ingresadas en el corriente año calendario que poseen observaciones / Sumatoria de la cantidad de tramites de Habilitaciones SSP ingresados  en el corriente año calendario *100'),
	(9, 3, 'Porcentaje de trámites de habilitaciones observados simples CON plano', 'Sumatoria de la cantidad  de trámites de habilitaciones SCP ingresadas en el corriente año calendario que poseen observaciones / Sumatoria de la cantidad de tramites de Habilitaciones SCP ingresados  en el corriente año calendario *100'),
	(10, 2, 'Tiempo promedio de respuesta de denuncias con estado cumplido', 'Sumatoria de los dias corridos transcurridos desde el ingreso de la denuncia a la AGC hasta el cumplimiento de la misma (estado final cumplido)/ cantidad de denuncias que fueron resueltas con estado cumplido.'),
	(11, 2, 'Porcentaje de Teatros independientes (fronterizos) que desarrollan actividad nocturna y  presentan clausuras o violaciones de clausura', 'Sumatoria de teatros independientes que desarrollan actividad nocturna considerados como fronterizos en actualidad/Sumatoria de teatros independientes que desarrollan actividad nocturna considerados como fronterizos en diciembre de 2015. A diciembre de 2015 existente 23 teatros independientes que tienen actividad nocturna q desvirtuan rubro, son clausurados o violan clausuran (se los considera fronterizos)'),
	(12, 2, 'Porcentaje de Hogares de niños con habilitación definitiva', '(Sumatoria de hogares de niños conveniados con el MDS que  cuentan con habilitación definitiva/ Sumatoria de hogares de niños conveniados)*100'),
	(13, 7, 'Market Share de Préstamos Hipotecarios', 'Saldo a fin de mes de préstamos hipotecarios del Banco Ciudad sobre el saldo de préstamos hipotecarios del Sistema Financiero x 100'),
	(14, 4, 'Market Share de Cartera Comercial', 'Saldo a fin de mes de préstamos comerciales del Banco Ciudad sobre el saldo de préstamos comerciales del Sistema Financiero x 100.'),
	(15, 4, 'Cantidad de clientes Pymes y Mypes', 'Sumatoria de clientes Pymes que poseen productos activos o pasivos y Mypes que poseen deuda'),
	(16, 5, 'Cantidad de sucursales comerciales', 'Sumatoria de la totalidad de sucursales comerciales del Banco en todos las localidades en las que opera'),
	(17, 5, '% de operaciones por canales electrónicos', 'Sumatoria del total de transacciones realizadas por Terminales de Autoservicio (TAS), cajeros automáticos (ATMs) y banca electrónica sobre la sumatoria del total de transacciones por TAS, ATMs, banca electrónica y cajas x 100'),
	(18, 5, 'Índice de reputación', 'El modelo contempla atributos que son calificados por los encuestados mediante un cuestionario. Los grados de satisfacción son ponderados por la importancia relativa, que refleja los intereses de los encuestados, devolviendo como resultado un índice de reputación ponderado (IRP). Escala: 1 a 5'),
	(19, 5, 'Cantidad de clientes con tarjeta de crédito activas', 'Sumatoria de resúmenes emitidos de tarjetas de crédito de clientes del Banco Ciudad del último mes del año'),
	(20, 6, 'Resultado sobre Patrimonio Neto del Banco Ciudad', 'Sumatoria del resultado de 12 meses sobre el promedio del patrimonio neto de los últimos 12 meses con 2 meses de rezago x 100'),
	(21, 14, 'Cantidad de Material Seco Recuperado', 'Promedio diario de toneladas recuperdas'),
	(22, 14, 'Porcentaje de Personas que evaluaron en forma satisfactoria el servicio de limpieza en general.', 'Total de personas que calificaron positivamente el servicio brindado sobre total de encuestados'),
	(23, 13, 'Cantidad de Compostaje de restos verdes en Parques', 'Promedio diario de toneladas recuperadas de material vegetal'),
	(24, 13, 'Cantidad de toneladas diarias recicladadas de Voluminosos', 'Promedio diario de toneladas recicladas de voluminosos'),
	(25, 13, 'Tiempo promedio de realización de trámites, certificados, constancias y registro.', 'Sumatoria de meses de todos los trámites / Total de trámites realizadas'),
	(26, 13, 'Toneladas recuperadas de Aceites Vegetales Usados domiciliarios para ser reutilizados como biodisel', 'promedio mensual de toneladas recibidas'),
	(27, 15, 'cantidad de reclamos de Baches pendientes', 'Sumatoria de reclamos no resueltos de Baches'),
	(28, 15, 'm2 construidos de calzadas', 'Sumatoria de M2 construidos'),
	(29, 12, 'Tiempo promedio de realización de los trámites', 'Sumatoria de meses de los trámites'),
	(30, 12, 'Cantidad de reclamos pendientes sobre uso del EP.', 'Sumatoria de reclamos no resueltos'),
	(31, 21, 'Cantidad de espectadores', 'En blanco'),
	(32, 20, 'Cantidad de jóvenes que identifican al CCR como referente de la cultura jóven de la ciudad', 'Sumatoria de participantes de las convocatorias e inscripciones a talleres del CCR, espectadores y seguidores en redes sociales'),
	(33, 19, 'Desarrollo del hábito de lectura', 'Sumatoria de usuarios nuevos y público concurrente'),
	(34, 21, 'Cantidad de Inscriptos a la Bienal y Festival Bienal', 'Sumatoria de inscriptos'),
	(35, 20, 'Cantidad de personas que experimentan la Experiencia Usina (2016)', 'Sumatoria de personas'),
	(36, 22, 'Proyectos presentados a Convocatoria y finalizados', 'Proyectos finalizados/proyectos aprobados'),
	(37, 23, 'Obras ejecutadas en UTIU´s', 'Obras ejecutadas/ obras planificadas'),
	(38, 23, 'Participación comunitaria en todas las instancias del proceso de construcción, puesta en valor y resignificación del espacio  en todas las UTIU´s.', '(Personas incluidas en procesos participativos/personas afectadas por las obras realizadas)*100'),
	(39, 23, 'Niños, niñas y adolescentes de villas participantes de actividades deportivas y artísticas', 'Niños, niñas y adolescentes de villas participantes de activ. deportivas y artísticas / niños, niñas y adolescentes residentes de villas'),
	(40, 24, 'Niños y niñas inscriptos en Centros de Primera Infancia', '(niños y niñas insertos en CPI/ niños y niñas que solicitaron el ingreso)*100'),
	(41, 24, 'Adultos Mayores beneficiarios de programas de Atención a la Tercera Edad', '(AM beneficiarios de programas de Atención a la Tercera Edad/AM solicitantes del recurso)*100'),
	(42, 24, 'Inclusión Digital y Social de Adultos Mayores', 'AM\'s incluidos digitalmente/AM\'s que pueden recibir la capacitación y que están interesados en recibirlas'),
	(43, 24, 'Adolescentes que finalizan los talleres recreativos', 'Adolescentes que finalizan talleres/adolescentes que inician'),
	(44, 24, 'Becas de Estudio', 'Total de Becas de Estudio / Total de Becas Otorgadas de Estudio + Becas de Formación Laboas (Becral)'),
	(45, 24, 'Ciudadanía Joven: cantidad de jóvenes beneficiados por el subsidio', 'Sumatoria de jóvenes beneficiados'),
	(46, 24, 'Ciudadanía Porteña ""Con Todo Derecho"": Total de hogares con demanda satisfecha.', 'Q de hogares que reciben el subsidio de Ciudadanía Porteña.'),
	(47, 24, 'Ciudadanía Joven: Cantidad de jóvenes no beneficiados por el subsidio.', 'Q de jóvenes no beneficiados por subsidio'),
	(48, 24, 'Ciudadanía Porteña con Todo Derecho: Total de hogares que solicitan el subsidio', 'Sumatoria de Hogares que solicitan el subsidio'),
	(49, 24, 'Nuestras Familias: total de familias subsidiadas', 'Sumatoria de familias subsidiadas'),
	(50, 24, 'Ticket Social: cantidad de familias beneficiadas', 'Sumatoria de familias beneficiadas'),
	(51, 24, 'Ticket Social: cantidad de personas beneficiadas', 'Sumatoria de personas beneficiadas por el Programa Ticket Social'),
	(52, 25, 'Adultos Mayores en situación de vulnerabilidad social cubiertos por asistencia a personas de la Tercera Edad', '(AM cubiertos por asistencia/AM solicitantes del recurso)*100'),
	(53, 25, 'Mujeres víctimas de violencia de género atendidas por dispositivos de GCBA', 'Mujeres atendidas / mujeres que presentan sus denuncias en la O.V.D.'),
	(54, 25, 'Personas solicitantes de atención y contención por uso de sustancias psicoactivas cubiertas por tratamiento.', '(Personas que solicitan atención y contención y que inician el tratamiento / personas que se presentan con la problemática)*100'),
	(55, 25, 'Respuesta ante situación de maltrato, abuso y violencia hacia los Adultos Mayores.', '(Atendidos/solicitantes)*100'),
	(56, 25, 'Niños, niñas y adolescentes acogidos en hogares del GCBA', 'Niños, niñas y adolesc. en hogares / niños, niñas y adolesc. que necesitan un lugar'),
	(57, 25, 'Buenos Aires Presente (BAP): Cantidad de asistencia e intervenciones de Buenos Aires Presente en calle', 'Cantidad de intervenciones de BAP en calle'),
	(58, 25, 'Buenos Aires Presente (BAP): cantidad de llamadas al 108', 'Sumatoria de llamadas al 108'),
	(59, 25, 'Familias en situación de calle: total de familias que reciben activamente el beneficio', 'Sumatoria de familias que reciben el subsidio activamente'),
	(60, 25, 'Total de familias  amparadas', 'Sumatoria de familias amparadas'),
	(61, 25, 'Cantidad de llamadas al 0800-MUJER', 'Sumatoria de llamadas al 0800-6668537 (MUJER)'),
	(62, 30, '75% de proyectos que en la planificación realiza algún encuentro/instancia de participación vecinal', 'Proyectos analizados con algún tipo de participación ciudadana/total de proyectos'),
	(63, 33, 'Viviendas paralizadas', '(Viviendas paralizadas/ Total de Viviendas a construir en 2016) *100'),
	(64, 33, 'Porcentaje de regularización dominial de complejos. 11% (del universo total). Viviendas a regularizar (no incluye las viviendas que poseen algún tipo de restricción judicial)', '(Viviendas regularizadas con dominio/total de viviendas)*100'),
	(65, 34, 'Intervalo real - Linea A', 'Sumatoria de minutos transcurridos entre llegada de una formación y otra/ total de formaciones'),
	(66, 34, 'Intervalo real - Linea B', 'Sumatoria de minutos transcurridos entre llegada de una formación y otra/ total de formaciones'),
	(67, 34, 'Intervalo real - Linea C', 'Sumatoria de minutos transcurridos entre llegada de una formación y otra/ total de formaciones'),
	(68, 34, 'Intervalo real - Linea E', 'Sumatoria de minutos transcurridos entre llegada de una formación y otra/ total de formaciones'),
	(69, 34, 'Millones de Pasajeros del Subte Pagos por día hábil', 'Sumatoria del total pasajeros que ingresan al sistema por día hábil'),
	(70, 34, 'Índice de satisfacción de los pasajeros del subte', 'En blanco'),
	(71, 34, 'Intervalo real - Linea D', 'Sumatoria de minutos transcurridos entre llegada de una formación y otra/ total de formaciones'),
	(72, 34, 'Intervalo real - Linea H', 'Sumatoria de minutos transcurridos entre llegada de una formación y otra/ total de formaciones'),
	(73, 35, 'Funcionamiento del Metrobus Juan B. Justo demora de un pasajero en transitar en hora pico la totalidad del corredor del Metrobus', 'Sumatoria de minutos que demora un pasajero en transitar en hora pico la totalidad del corredor del Metrobus'),
	(74, 35, 'Funcionamiento del Metrobus Sur demora un pasajero en transitar en hora pico la totalidad del corredor del Metrobus', 'Sumatoria de minutos que demora un pasajero en transitar en hora pico la totalidad del corredor del Metrobus/ total de pasajeros'),
	(75, 35, 'Funcionamiento del Metrobus Cabildo demora un pasajero en transitar en hora pico la totalidad del corredor del Metrobus', 'Sumatoria de minutos que demora un pasajero en transitar en hora pico la totalidad del corredor del Metrobus/ cantidad de pasajeros'),
	(76, 35, 'Funcionamiento del Metrobus 25 de Mayo demora un pasajero en transitar en hora pico la totalidad del corredor del Metrobus', 'Sumatoria de minutos que demora un pasajero en transitar en hora pico la totalidad del corredor del Metrobus/ cantidad de pasajeros'),
	(77, 35, 'Sistema de Transporte Público de Bicicletas', 'Sumatoria del total de usuarios activos sobre el total de usuarios'),
	(78, 35, 'Victimas fatales en corredores de MTB', 'Sumatoria de victimas fatales en corredores del MTB'),
	(79, 35, 'Arreglo de semáforo', 'Sumatoria de horas que tarde en hacerse efectivo el arreglo de óptica de semáforo solicitado por el vecino/ total de reclamos'),
	(80, 35, 'Funcionamiento del Metrobus 9 de Julio demora un pasajero en transitar en hora pico la totalidad del corredor del Metrobus', 'Sumatoria de minutos que demora un pasajero en transitar en hora pico la totalidad del corredor del Metrobus/ total de pasajeros'),
	(81, 40, '""Indice de confiabilidad"" de las instituciones educadoras.', 'En blanco'),
	(82, 36, 'Cantidad de escuelas a las que se ha brindado la asistencia técnica sobre curriculum por habilidades', 'Sumatoria de escuelas que han recibido asistencia técnico-pedagógica en CABA'),
	(83, 38, 'Porcentaje de repitencia en el nivel secundario en escuelas de gestión estatal', '%R= (Cantidad de alumnos repitentes/ Matrícula)*100'),
	(84, 38, 'FEPBA: Porcentaje de alumnosde 7mo grado de escuelas primarias estatales, ubicados en los Grupos de Desempeño 0 y 1 en Prácticas del Lenguaje', '(Cantidad de alumnos ubicados en los Grupos de Desempeño 0 y 1 en Prácticas del Lenguaje  / Matrícula de 7mo grado)*100'),
	(85, 38, 'FESBA: Porcentaje de alumnos de 5to y 6to año de establecimientos secundarios estatales ubicados en los Grupos de Desempeño 0 y 1 en Matemática por debajo del nivel.', '(Cantidad de alumnos por debajo del nivel bajo en matemática / Matrícula)*100'),
	(86, 36, 'Porcentaje de alumnos de sala de 3 que no obtienen una vacante', 'Cantidad de alumnos de 3 años en lista de espera / Matrícula de 3 * 100'),
	(87, 36, 'Brecha entre el puntaje promedio de las comunas que obtienen el puntaje más alto y más bajo en los resultados de las evaluaciones censales de matemática de FEPBA.', '(puntaje promedio de la comuna de menor nivel) / (puntaje promedio de la comuna de mayor nivel)'),
	(88, 36, 'Porcentaje de matrícula que concurre a jornada extendida en escuelas de gestión estatal.', '%A= (Matrícula de jornada extendida/ Matrícula de jornada simple)*100'),
	(89, 37, 'Porcentaje de matrícula de nivel inicial, primario y secundario registrada en  SIGED', '%M=(Matrícula registrada/Matrícula total)'),
	(90, 37, 'Matrícula total de los Institutos de Formación Docente', 'Sumatoria de alumnos que se matriculan en los Institutos de Formación Docente'),
	(91, 37, 'Porcentaje de alumnos que egresan de los Institutos de Formación Docente respecto a los que ingresan.', '%A=(Alumnos que egresan/Alumnos que ingresan)'),
	(92, 39, 'Porcentaje de docentes capacitados en nuevas tecnologías', '%D=(Docentes capacitados/Docentes totales)'),
	(93, 39, 'Cantidad de alumnos inscriptos en carreras afines a tecnologías en Institutos de Formación Superior con formación en tecnología', 'Sumatoria de alumnos'),
	(94, 38, 'FESBA: Porcentaje de alumnos de 5to y 6to año de establecimientos secundarios estatales ubicados en los Grupos de Desempeño 0 y 1 en Lengua y Literatura', '(Cantidad de alumnos ubicados en los Grupos de Desempeño 0 y 1 en Lengua y Literatura  / Matrícula de 5to y 6to año)*100'),
	(95, 36, 'Brecha entre el puntaje promedio de las comunas que obtienen el puntaje más alto y más bajo en los resultados de las evaluaciones censales de matemática de FESBA.', '(puntaje promedio de la comuna de menor nivel) / (puntaje promedio de la comuna de mayor nivel)'),
	(96, 37, 'Porcentaje de escuelas cuya infraestructura se encuentra en estado bueno', 'Para poder determinar el estado de una escuela en Muy buena, buena, regular o critica se utiliza una formula polinómica donde tiene en cuentas muchos factores que se ponderan.  Por ejemplo:  - Estructura - Espacios Exteriores - Espacios Interiores - Carpinterias - Instalación Electrica - Instalación Gas/termomecanica - Instalación Sanitaria - Ley de accesibilidad - Cocina/Baño - Cubierta/Techos - Funcionalidad  Cada uno de estos se valorizan y después se los pondera, y da como resultado un coeficiente.'),
	(97, 38, 'FEPBA: Porcentaje de alumnos de 7mo grado de escuelas primarias estatales ubicados en los Grupos de Desempeño 0 y 1 en Matemática', '(Cantidad de alumnos ubicados en los Grupos de Desempeño 0 y 1 en Matemática / Matrícula de 7mo grado)*100'),
	(98, 40, 'Porcentaje de adultos con nivel secundario completo.', 'En blanco'),
	(99, 36, 'Brecha  entre el porcentaje de abandono/deserción del secundario de la escuela de gestión estatal de la comuna con nivel más bajo y de la comuna con nivel más alto.', '(% de abandono de la comuna de menor nivel) / (% de abandono de la comuna de mayor nivel)'),
	(100, 38, 'Porcentaje de abandono/deserción en el nivel secundario en escuelas de gestión estatal.', '%A= (Cantidad de alumnos que salidos sin pase / Matrícula inicial)*100'),
	(101, 38, 'Porcentaje de promovidos en el nivel secundario en escuelas de gestión estatal.', '%P= (Cantidad de alumnos promovidos / Matrícula) * 100'),
	(102, 39, 'Nivel de desarrollo de habilidades socioemocionales de los alumnos', 'En blanco'),
	(103, 41, '1.3.- Cantidad de extranjeros residentes en la CABA capacitados', 'Sumatoria de extranjeros capacitados en el programa “En la Ciudad, Votas”'),
	(104, 41, '3.1.- Cantidad de pedidos de Acceso a la Informacion Publica (AIP) ingresados.', 'Sumatoria de Pedidos de Acceso a la Información Pública (AIP) ingresados a la Dirección General de Seguimiento de Organismos de Control y Acceso a la Información a través mesa de entrada, Centros de Gestión y Participación Comunales (CGP) y tramite a distancia (TAD), por los ciudadanos, Organizaciones Civiles, Legisladores, etc., en el marco de la Ley 104/1998 de la Ciudad.'),
	(105, 41, '2.5.1.- Tiempo promedio de expedicion de partidas de Nacimiento, Defuncion y Casamiento solicitadas en forma presencial CON APORTES de datos', 'Sumatoria de tiempo de expedición de partidas de Nacimiento, Defuncion y Casamiento solicitadas en forma presencial CON APORTES de datos sobre el total de partidas de Nacimiento, Defuncion y Casamiento solicitadas en forma presencial CON APORTES de datos'),
	(106, 41, '2.6.1.- Tiempo promedio de expedicion de partidas de Nacimiento, Defuncion y Casamiento solicitadas en forma presencial SIN APORTES de datos', 'Sumatoria de tiempo de expedición de partidas de Nacimiento, Defunción y Casamiento en forma presencial sin aporte de los datos, ya sean catastrales (numero de acta, tomo y año), DNI del que compone la partida o nombre, apellido y día de celebración del acontecimiento sobre el total de partidas de Nacimiento, Defuncion y Casamiento solicitadas en forma presencial SIN APORTES de datos'),
	(107, 41, '2.7.1.- Tiempo promedio de expedicion de partidas de Nacimiento, Defuncion y Casamiento solicitadas via Web CON APORTES de datos', 'Sumatoria de tiempo de expedición de partidas de Nacimiento, Defunción y Casamiento via Web con aporte de los datos, ya sean catastrales (numero de acta, tomo y año), DNI del que compone la partida o nombre, apellido y día de celebración del acontecimiento sobre el total de de partidas de Nacimiento, Defunción y Casamiento via Web con aporte de los datos, ya sean catastrales (numero de acta, tomo y año), DNI del que compone la partida o nombre, apellido y día de celebración del acontecimiento.'),
	(108, 41, '2.8.1.- Tiempo promedio de expedicion de partidas de Nacimiento, Defuncion y Casamiento solicitadas via Web SIN APORTES de datos', 'Sumatoria de tiempo de expedición de partidas de Nacimiento, Defunción y Casamiento via Web sin aporte de los datos, ya sean catastrales (numero de acta, tomo y año), DNI del que compone la partida o nombre, apellido y día de celebración del acontecimiento sobre el total de partidas de Nacimiento, Defunción y Casamiento via Web sin aporte de los datos, ya sean catastrales (numero de acta, tomo y año), DNI del que compone la partida o nombre, apellido y día de celebración del acontecimiento.'),
	(109, 41, '3.2.- Cantidad de Pedidos de Acceso a la información Publica contestados.', 'Sumatoria de pedidos de acceso a la Información Publica (AIP) contestados por las áreas correspondientes del Gobierno de la Ciudad de acuerdo a lo establecido por la Ley 104/1998'),
	(110, 41, '1.1.- Cantidad de establecimientos educativos nivel medio en donde se realizaron capacitaciones', 'Sumatoria de establecimientos capacitados en el programa ”Mi Voto, Mi Elección”'),
	(111, 42, '1.1.- Disposición mensual de RSU en Obra de Compatibilización de módulos en el Complejo Ambiental Norte III CEAMSE (Toneladas totales ""enterradas"" de residuos sólidos urbanos en relleno sanitario)', 'Suma de TN diarias dispuestas provenientes de la CABA y la PBA en Obra de Compatibilización de módulos'),
	(112, 42, '1.3.- Suma mensual de RSU provenientes de la CABA dispuestas en el Complejo Ambiental Norte III CEAMSE / Promedio diario  (Toneladas ""enterradas"" de residuos sólidos urbanos en relleno sanitario provenientes de la CABA)', 'Promedio diario de toneladas de residuos dispuestas por la CABA (calculado mensualmente) para cumplimiento Acuerdo CABA y PBA / Línea de base 2012'),
	(113, 43, '1.2.- Traspaso del inmueble a la CABA e inscripción en el RPI-Celebración convenio', 'Sumatoria de hectareas'),
	(114, 41, '2.6.- Cantidad de partidas de Nacimiento, Defuncion y Casamiento solicitadas en forma presencial SIN APORTES de datos', 'Sumatoria de solicitud de partidas de Nacimiento, Defuncion y Casamiento solicitadas en forma presencial SIN APORTES de datos'),
	(115, 41, '2.3.- Cantidad de trámites para la obtención del DNI de recien nacido ingresados', 'Sumatoria de los tramites de solicitud de DNI de recién nacidos en CABA ingresados'),
	(116, 41, '2.4.- Cantidad de trámites para la obtención de pasaportes ingresados', 'Sumatoria de solicitud de tramites para la obtención de pasaportes en general ingresados'),
	(117, 41, '2.5.- Cantidad de partidas de Nacimiento, Defuncion y Casamiento solicitadas en forma presencial CON APORTES de datos', 'Sumatoria de la solicitud de partidas de Nacimiento, Defuncion y Casamiento en forma presencial CON APORTE de datos'),
	(118, 41, '2.1.- Cantidad de partidas de defuncion expedidas', 'Sumatoria de partidas de defunción emitidas por la Gerencia de Defunciones ubicadas en las oficinas del Cementerio de la Chacarita, con sub Sede en Flores, pertenecientes al Registro Civil'),
	(119, 41, '2.2.- Cantidad de rectificaciones de partidas de Defuncion, Nacimiento y Casamiento', 'Sumatoria de partidas de Defuncion, Nacimiento y Casamientos rectificadas por la Sub Gerencia Registral'),
	(120, 41, '2.1.1.- Tiempo promedio de expedición de las partidas de defunción.', 'Cantidad Total'),
	(121, 41, '4.1.- Porcentaje de personas satisfechas que participaron del programa Conociendo BA', 'Porcentaje'),
	(122, 41, '1.2.- Porcentaje de establecimientos educativos de nivel medio en donde se realizaron capacitaciones.', 'Cantidad de establecimientos educativos de nivel medio capacitados sobre el total de establecimientos educativos de nivel medio'),
	(123, 41, '2.7.- Cantidad de partidas de Nacimiento, Defuncion y Casamiento solicitadas via Web CON APORTES de datos', 'Sumatoria de solicitudes de partida de Nacimiento, Defuncion y Casamiento solicitadas via Web CON APORTES de datos'),
	(124, 41, '2.8.- Cantidad de partidas de Nacimiento, Defuncion y Casamiento solicitadas via Web SIN APORTES de datos', 'Sumatoria de solicitudes de partida de Nacimiento, Defuncion y Casamiento solicitadas via Web SIN APORTES de datos'),
	(125, 41, '2.2.1.- Tiempo promedio de rectificaciones de partidas de defuncion, nacimiento y casamiento', 'Cantidad Total'),
	(126, 42, '1.2.- Porcentaje de Reducción de RSU provenientes de la CABA dispuestos en el Complejo Ambiental Norte III (Porcentaje de reducción de residuos sólidos urbanos ""enterrados"" en relleno sanitario provenientes de la CABA teniendo en cuenta Línea de Base)', 'Porcentaje de reducción en toneladas de residuos dispuestas por la CABA (calculado mensualmente)  para cumplimiento Acuerdo CABA y PBA/ Línea de base 2012'),
	(127, 45, 'Diseñar las Estructuras Organizativas correspondientes al Régimen Gerencial.', 'Cantidad de ministerios con estructuras del Régimen Gerencial readaptadas / Cantidad total de ministerios'),
	(128, 45, 'Proporción de agentes con evaluación de desempeño realizada y validada.', 'Cantidad de agentes con evaluación realizada y validada / cantidad total de agentes evaluables'),
	(129, 45, 'Análisis de dotaciones indicativas en diferentes áreas de Gobierno.', 'Sumatoria de la cantidad de análisis de dotación finalizados.'),
	(130, 44, 'Índice Financiamiento- Mercado Local e Internacional.', 'Monto financiamiento obtenido /  Programado (Planilla Nº 44 Anexa al Art. 11, modificatorias y leyes específicas)'),
	(131, 49, 'Variación porcentual de asistencia de los contribuyentes a dependencias.', '((ACC-ACA)/ACA)*100  ACC: Asistencia contribuyentes mes- año en curso ACA: Asistencia contribuyentes mes- año anterior'),
	(132, 44, 'Índice Perfil Deuda', 'IPDt= DT1 *1 + DT2 *2…+ DTn*n/sumDT  IPD: índice perfil deuda sumDT: sumatoria deuda total Tn: Año (Siendo t1 el año 2016 y t2 el año 2017)'),
	(133, 48, 'Dependencias Implementadas.', 'Cantidad de dependencias implementadas/Cantidad de dependencias planificadas'),
	(134, 48, 'Funcionalidades a Ciudadanos/ Proveedores Implementadas.', 'Cantidad de funcionalidades implementadas/Cantidad de funcionalidades planificadas'),
	(135, 48, 'Proyectos Internos Implementados.', 'Cantidad de proyectos implementadas/Cantidad de proyectos planificados'),
	(136, 49, 'Implementación de Modelo de Gestión.', 'N/A'),
	(137, 49, 'Variación de la Recaudación respecto a la meta interna anual.', '(Recaudación Mes (X+1) - Menos Recaudación Mes X) / Recaudación Mes X *100 X = Año'),
	(138, 44, 'Índice Financiamiento - Préstamos con Organismos Internacionales de Crédito.', 'Priorización Obtenida/ Presentada'),
	(139, 47, 'Variación del gasto anual en Becas de Alimentación del Ministerio Educación 2016 respecto de 2015.', 'Diferencia semestral acumulada 2016 respecto mismo período 2015'),
	(140, 47, 'Variación del gasto anual en Contratos Locación de Servicios 2016 respecto de 2015.', 'Diferencia Trimestral acumulada 2016 respecto mismo período 2015'),
	(141, 47, 'Variación del gasto acumulado anual en Seguridad Privada 2016 respecto de 2015', 'Diferencia trimestral acumulada 2016 respecto mismo período 2015'),
	(142, 46, 'Índice Informe Ingresos', 'Informes Mensuales de  Ingresos Realizados/Informes Mensuales de Ingresos Programados (8)'),
	(143, 46, 'Índice Informe Variables Macro', 'Informes Mensuales de Coyuntura Macro Realizados/Informes Mensuales de Coyuntura Macro Programados (3)'),
	(144, 46, 'Índice Informe Gastos', 'Informes Mensuales de Gastos Realizados/Informes Mensuales de Gastos Programados (8)'),
	(145, 51, 'Porcentaje de mediaciones comunitarias concluidas', '(mediaciones concluidas/total mediaciones)*100'),
	(146, 51, 'Porcentaje de personas que perciben una posibilidad alta de ser víctima de un delito en su barrio.', 'respuestas EAV muy alto+ respuestas alto/ total de personas encuestadas en EAV *100'),
	(147, 51, 'Porcentaje de oficiales de la PM sin experiencia previa graduados', '(Aspirantes Egresados / Aspirantes Incorporados) *100'),
	(148, 51, 'Porcentaje de oficiales de la PM evaluados', '(oficiales evaluados / total de oficiales a evaluar) *100'),
	(149, 51, 'Porcentaje de personas con una percepción positiva de la actuación de la Policía en su barrio.', 'respuestas EAV MUY BIEN+ respuestas BIEN/ total de personas encuestadas EAV*100'),
	(150, 70, 'Monto de inversiones comprometidas a través de herramientas financieras innovadoras', 'Sumatoria de inversiones comprometidas por año'),
	(151, 70, 'Cantidad de nuevas empresas generadas por financiación recibida por estas herramientas.', 'Sumatoria de empresas creadas.'),
	(152, 70, 'Monto de inversiones gestionadas por herramientas de innovación financiera (2017)', 'Sumatoria de inversiones realizadas por año'),
	(153, 65, 'Candidatos finales presentados', 'Sumatoria de candidatos presentados'),
	(154, 65, 'Participantes de programas de inserción conectados con Pymes', '( Total de participantes del programa contratados / Total de cantidad de participantes de los programas ) * 100'),
	(155, 52, 'Participación de las exportaciones de servicios CABA (USD) en el total exportado.', 'Aporte exportaciones servicios PBI CABA 2016 / PBI 2016'),
	(156, 52, 'Cantidad de proyectos de transferencia tecnológica generados por UVTs radicados en la ciudad', 'Aporte exportaciones servicios PBI CABA 2016 / PBI 2016'),
	(157, 54, 'Cantidad de nuevos emprendimientos en la Ciudad', 'Cantidad de emprendimientos creados en 2016'),
	(158, 63, 'Cantidad de emprendimientos y empresas orientadas al impacto y la inclusión social', 'Encuesta'),
	(159, 57, 'Porcentaje de la población alcanzada por la MI BA.', '(Cantidad de usuarios MI BA residentes en CABA/Población CABA)*100'),
	(160, 57, 'Cantidad de descargas de data sets', 'Cantidad de descargas de sets de datos abiertos.'),
	(161, 63, 'Porcentaje de emprendimientos por necesidad', 'Total emprendedoras por necesidad / Total de emprendedores'),
	(162, 67, 'Avance de obra', 'Sumatoria de % de avance de obras/ total de obras'),
	(163, 68, 'Ranking Trip Advisor ""Top 25""', 'Posición Ranking  Trip Advisor 2016'),
	(164, 68, 'Dimensión del retorno sobre la inversión de eventos en publicaciones de prensa extranjera.', '(Visitas al sitio web de Turismo GCBA 2016 - Visitas al sitio web de Turismo GCBA 2015) /Visitas al sitio web de Turismo GCBA 2015'),
	(165, 61, 'Gasto de los cruceristas extranjeros que pernoctan en CABA.', 'Encuesta a cruceristas en puerto, incluye alojamiento, alimentación, traslado, compras y otros.'),
	(166, 61, 'Cantidad de los cruceristas en CABA.', 'Variación interanual total de cruceristas'),
	(167, 61, 'Crecimiento del turismo proveniente de los EEUU y Canadá', 'Variación interanual de entradas de turistas por Ezeiza y Aeroparque'),
	(168, 61, 'Gasto de los asistentes extranjeros a congresos en CABA', 'Gasto promedio diario en base  a encuesta en conjunto con el observatorio de reuniones de la Nación'),
	(169, 72, 'Capacitaciones operadores', 'Sumatoría de  capacitaciones anuales'),
	(170, 72, 'Congresos ICCA (International Congress and Convention Association)', 'Sumatoría de cantidad de congresos ICCA'),
	(171, 58, 'Ferias Nacionales o Internacionales nuevas en las que se participa', 'Sumatoria de las Ferias Nacionales o Internacionales en las que se participa anualmente'),
	(172, 67, 'Beneficiarios de eventos del Programa Educativo y Cultural', 'Sumatorias de personas beneficiadas'),
	(173, 59, 'Participantes activos de clínica deportiva', 'Participantes activos'),
	(174, 67, 'Porcentaje de eventos sustentables', '( Cantidad de eventos sustentables / Total de eventos )*100'),
	(175, 59, 'Participantes  pasivos de clínica deportiva', 'Sumatoria de participantes pasivos en clínicas deportivas 2015'),
	(176, 59, 'Participantes pasivos en actividades escolares', 'Sumatoria de participantes pasivos de actividades escolares 2015'),
	(177, 59, 'Participantes activos en actividades escolares', 'Sumatoria de participantes activos de actividades escolares 2015'),
	(178, 59, 'Grado de conocimiento de los Juegos Olímpicos', 'Porcentaje de encuestados que respondió que tenía conocimiento de los Juegos/cantidad de encuestados'),
	(179, 62, 'Monto inversiones gestionadas por la SSI vs año anterior', '( Cantidad de millones en U$D de inversiones realizadas durante 2016 - Cantidad de millones en U$D de inversiones realizadas durante 2015 ) / Cantidad de millones U$D de inversiones realizadas durante 2015'),
	(180, 62, 'Incremento de la cantidad de inversiones gestionadas por la SSI', '( Cantidad de inversiones realizadas en 2016 - Cantidad de inversiones realizadas en 2015 ) / Cantidad de inversiones realizadas en 2015'),
	(181, 69, 'Incremento en la cantidad de nuevos puestos de trabajo generado en empresas.', '( Cantidad de nuevos puestos de trabajos generados 2016 - Cantidad de nuevos puestos de trabajo generados 2015 ) / Cantidad de nuevos puestos de trabajo generados 2015'),
	(182, 69, 'Incremento en el Monto de Inversiones Privadas en Distritos de la CABA.', '( Cantidad de Inversiones Privadas en Distritos CABA 2016 - Cantidad de Inversiones Privadas en Distritos CABA 2015 ) / Cantidad de Inversiones Privadas en Distritos CABA 2015'),
	(183, 69, 'Incremento en la cantidad de nuevas empresas radicas en los Distritos de la CABA', '( Cantidad de nuevas empresas instaladas en Distritos 2016 - Cantidad de nuevas empresas instaladas en Distritos 2015 ) / Cantidad de nuevas empresas instaladas en Distritos 2015'),
	(184, 65, 'Crecimiento de Pymes en BA', '((Total de Pymes 2016 - Total de Pymes 2015 ) / Total de Pymes 2015)*100'),
	(185, 65, 'Pymes asesoradas', 'Total registros en el sistema Ventanilla Única Pyme / Total Pymes CABA'),
	(186, 65, 'Satisfacción de las Pymes Asesoradas', 'Puntaje promedio general de encuesta con rango de puntaje entre 1  y 5.'),
	(187, 64, 'Índice de Disponibilidad de Tecnología Informes ""Cities of Oportunities"" PWC', 'Posición ranking'),
	(188, 64, 'Participantes de plataforma de innovación participativa.', 'Suma total de participantes'),
	(189, 64, 'Cantidad de proyectos evaluados', 'Sumatoria de proyectos evaluados.'),
	(190, 71, 'Nivel de concientización sobre prácticas sustentables del gobierno.', '(Puntaje general de encuesta de concientización sobre prácticas sustentables 2016 - Puntaje general de encuesta de concientización sobre prácticas sustentables T0)/ Puntaje general de encuesta de concientización sobre prácticas sustentables T0'),
	(191, 71, 'Crecimiento de la cantidad de material reciclado en Puntos Verdes', '(Cantidad de material reciclable recibido 2016 - Cantidad de material reciclable 2015) / Cantidad de material recicable recibido 2015'),
	(192, 71, 'Porcentaje del consumo del material PET reciclabe en infraestructura', '(Cantidad de material reciclado convertido en infraestructura / Cantidad de material reciclable disponible)*100'),
	(193, 71, 'Concientización vecinos áreas de ZUS', '(Puntaje general de encuesta de concientización ZUS  - Puntaje general de encuesta de concientización ZUS T0)/ Puntaje general de encuesta de concientización sobre ZUS T0'),
	(194, 71, 'Reducción Huella de Carbono', 'Sumatoria de CO2 ahorrado por implementación de actividades de mitigación.'),
	(195, 71, 'Indice ""Sustentabilidad y Medio Ambiente"" del Informe ""Cities of Oportunities"" de PWV', 'Posición en el eje ""Sustentabilidad y Medio Ambiente"" del Informe ""Cities of Oportunities""'),
	(196, 53, 'Personas radicadas en la zona sur empleadas en el proyecto', 'Sumatoria de puestos de trabajos cubiertos con vecinos de la zona sur.'),
	(197, 53, 'Empleos ocupados con personas de la zona sur', 'Sumatoria de puestos de trabajos cubiertos con vecinos de la zona sur/ cantidad de nuevos puestos generados por el Comité organizador.'),
	(198, 57, 'Incremento de visitantes recurrentes activos digitales.', '(Porcentaje de visitantes recurrentes 2016 - Porcentaje de visitantes recurrentes 2015)  / Porcentaje de visitantes recurrentes 2015'),
	(199, 57, 'Crecimiento de descargas de APPs.', '((Cantidad de descargas de APPs 2016 - Cantidad de descargas APPs 2015 )/ Cantidad de descargas APPs 2015)*100'),
	(200, 55, 'Cantidad de estudiantes carreras de Ciencia e Innovación', 'Sumatoria de inscriptos en carreras vinculadas a las Ciencias Básicas, Ciencias Aplicadas y Ciencias de la Salud.'),
	(201, 55, 'Posición en el ranking de Global Creativity Index.', 'Posición en el ranking'),
	(202, 55, 'Cantidad de empresas que participaron de las estrategias de internacionalización del GCBA', 'Sumatoria de empresas participantes por año'),
	(203, 55, 'Buenos Aires en el Indice Global de Ciudades Innovadoras Latam', 'Posición en el ranking'),
	(204, 52, 'Exportaciones de servicios de CABA', 'Volumen exportadaciones servicios  (USD) CABA  2016 - Volumen exportaciones servicios (USD) CABA 2015 ) / Volumen exportaciones servicios (USD) CABA 2015'),
	(205, 52, 'Nivel de articulación - vinculación con actores del ecosistema local', 'Cantidad de instituciones privadas con las que se vinculan las acciones y programas de la SS.'),
	(206, 54, 'Involucramiento ciudadanía en actividades emprendedoras', 'Nivel de participación GEM'),
	(207, 54, 'Participación actividades de promoción y desarrollo de emprendedores', 'Sumatoria de participantes en los diferentes programas destinados a emprendedores'),
	(208, 66, 'Cantidad de proyectos de reforma legislativa pública.', 'Cantidad de proyectos de reforma legislativa pública.'),
	(209, 60, '% de empleo formal en Industrias Creativas', '(Cantidad de empleos formalizados Industrias Creativas 2016 / Total Empelos Industrias Creativas)'),
	(210, 73, 'Crecimiento de sesiones en BA WIFI.', '(Cantidad de sesiones exitosas  BA Wifi 2016- Cantidad de sesiones exitosas  BA Wifi 2015)/Cantidad de sesiones exitosas BA Wifi 2015'),
	(211, 70, 'Cantidad de proyectos financiados por fondos de inversion (2017)', 'Sumatoria de empresas financiadas'),
	(212, 70, 'Cantidad de nuevos puestos de trabajo generado en empresas (2017)', 'Sumatoria de empleos comprometidos por año'),
	(213, 65, 'Alcance del programa de valores', 'Sumatoria de personas alcanzadas por la campaña digital del Programa de Valores'),
	(214, 52, 'Cantidad total de usuarios de la plataforma de acceso al Ecosistema', 'Sumatoria de usuarios únicos visitantes de la plataformas 2016'),
	(215, 60, 'Porcentaje del PBI que representan las Industrias Creativas', 'PB Industrias Creativas /PB GCBA'),
	(216, 63, 'Cantidad de nuevos empleos generados por programas de emprendedorismo.', 'Sumatoria de nuevos empleos generados por programa de emprendedorismo.'),
	(217, 73, 'Interacciones en infraestructuras inteligentes.', 'Sumatoria de interacciones en plataformas inteligentes'),
	(218, 73, 'Nuevos usuarios de BA Wifi.', 'Sumatoria de nuevos usuarios de  BA WIfi'),
	(219, 68, 'Visitas orgánicas al sitio web de Turismo GCBA', '(Visitas al sitio web de Turismo GCBA 2016 - Visitas al sitio web de Turismo GCBA 2015) /Visitas al sitio web de Turismo GCBA 2015'),
	(220, 58, 'Crecimiento del turismo internacional.', '(Entradas turismo internacional Ezeiza, Aeroparque y Puerto 2016 - Entradas turismo internacional Ezeiza, Aeroparque y Puerto 2015) /Entradas turismo internacional Ezeiza, Aeroparque y Puerto 2015'),
	(221, 56, 'Negociaciones colectivas', '(Cantidad de negociaciones colectivos celebrados / Total de audiencias)*100'),
	(222, 56, 'Acuerdos Individuales', '(Cantidad de acuerdos individuales celebrados 2016 - Cantidad de acuerdos individuales celebrados en 2015 ) / Cantidad de acuerdos celebrados en 2015'),
	(223, 73, 'Crecimiento de la cantidad de interacciones por visitante', '(Promedio de interacciones por visitante 2016 - Promedio de interacciones por visitante 2015)/Promedio de interacciones por visitante 2015'),
	(224, 57, 'Incremento de visitantes únicos activos digitales.', '(Cantidad de visitantes únicos en plataformas digitales 2016 - Cantidad de visitantes únicos en plataformas digitales 2015)/Cantidad de visitates únicos de plataformas digitales 2015'),
	(225, 73, 'Cantidad de nuevos usuarios en infraestructuras inteligentes.', 'Sumatoria de  nuevos usuarios en plataformas inteligentes'),
	(226, 70, '% Inversiones efectuadas versus comprometidas (2017)', '( Cantidad de millones de U$D invertidos / Cantidad de millones de U$D comprometidos ) *100'),
	(227, 75, 'Cantidad de equipos básicos de salud conformados en comunas priorizadas (Comunas 4, 8 y 9)', 'Sumatoria de equipos básicos de salud en comunas priorizadas'),
	(228, 75, 'Porcentaje de actividades comunitarias realizadas en las UTIU.', 'Número de actividades comunitarias efectivamente realizadas sobre la cantidad de actividades comunitarias programadas en las UTIU'),
	(229, 76, 'Ratio de profesionales disponibles sobre demanda efectiva de emergencias de SAME.', 'Cantidad de profesionales/demanda total de atención'),
	(230, 76, 'Cantidad de referencias-contrareferencias  realizada por la Red de Hospitales.', 'Número de referencias-contrareferencias realizadas por la red de Hospitales.'),
	(231, 77, '% Aumento del ingreso de los programas financiados por terceros.', 'Ingreso de los programas financiados por terceros 2016 - ingreso de los programas financiados por tercero  2015 /   ingreso de los programas financiados por tercero  2015'),
	(232, 78, '% de turnos programados exclusivamente por línea 147/web', 'Cantidad de turnos otorgados por 147/web sobre cantidad de turnos programables por 147/web'),
	(233, 78, '% de turnos programables', 'Cantidad de turnos programables sobre cantidad total de turnos (Brindados via sistema web, telefonica y presencial)'),
	(234, 74, 'Cobertura interdisciplinaria de la población altamente vulnerable en comunas priorizadas (4, 8 y 9)', 'Número de población altamente vulnerable a cargo de la UTIU con equipos inter-ministeriales funcionando sobre el total de población altamente vulnerable a cargo de la UTIU.'),
	(235, 75, 'Porcentaje de Cobertura de la Red de CEMAR/CESAC de población objetivo ( con cobertura de salud pública exclusiva)', 'Población atendida en CEMAR/CESAC  sobre población objetivo'),
	(236, 78, '% de Cesac con HCUE (identificacion de personas, gestion centralizada agendas y documentación clínica).', 'Cantidad total de Cesac con HCUE (identif de personas, gestion centralizada agendas y documentación clínica)/ Cantidad total de Cesac (14)'),
	(237, 78, 'Porcentaje de Cesac con HCUE (modulo prescripción de medicamentos y farmacias ).', 'Cantidad total de Cesac con HCUE (modulo prescripción de medicamentos y farmacias)/ Cantidad total de Cesac (14)'),
	(238, 75, '% de personas de la población objetivo* dentro del radio de cobertura de los CESAC/CEMAR (a 15 minutos de su vivienda)', 'Cantidad de personas de la  población objetivo que se encuentran a una distancia de hasta 15 minutos del CESAC-CEMAR/cantidad de personas de la población objetivo'),
	(239, 78, '% de Cesac con HCUE (práctica clínica y laboratorio).', 'Cantidad total de Cesac con HCUE (prática clínica y laboratorio )/ Cantidad total de Cesac (14)'),
	(240, 78, '% de celulares con acceso a wifi y empadronados en población objetivo en UTIU en comunas priorizadas (4, 8 y 9).', 'Cantidad de celulares con acceso a wi fi y empadronados en población objetivo en UTIU/total de celulares con acceso a wifi en la población objetivo en UTIU en comunas priorizadas'),
	(241, 78, '% de Cesac con agenda de turnos programados (SIGHEOS)', 'Cantidad total de Cesac con agenda sigheos / Cantidad total de Cesac (14)'),
	(242, 78, '% de turnos programados', 'Cantidad de turnos programados/cantidad de turnos programables'),
	(243, 78, 'Tasa de asistencia a consultas programadas', 'Cantidad de personas atendidas con turno programado/cantidad de turnos programados'),
	(244, 80, 'Embajadores reclutados', 'Certificados emitidos'),
	(245, 80, 'Calidad y pertinencia de las capacitaciones', 'Sumatoria de puntaje promedio de satisfacción / total de encuestados'),
	(246, 80, 'Cantidad de empleados capacitados', 'Certificados emitidos'),
	(247, 80, 'Jóvenes que finalizan el programa Jóvenes Profesionales', 'Cantidad de JP con desempeño mayor a 70'),
	(248, 80, 'Satisfacción con el Programa Momentos de Cambio', 'Sumatoria de puntaje promedio de satisfacción / total encuestados'),
	(249, 79, 'Organizaciones barriales comprometidas en políticas de cambio cultural', 'Cantidad de organizaciones barriales que firman compromiso'),
	(250, 79, 'Vecinos Comprometidos', 'Cantidad de vecinos que se suman voluntariamente a la base de datos'),
	(251, 79, 'Empresas alineadas con los objetivos de cambio cultural participantes en diversas acciones vinculadas a RSE y sustentabilidad para mejora de convivencia entre vecinos', 'Sumatoria de Empresas que participaron en programas'),
	(252, 79, 'ONGs alineadas con los objetivos de cambio cultural participantes en acciones de RSE y sustentabilidad para mejora de convivencia entre vecinos', 'Sumatoria ONGs que participaron en programas'),
	(253, 79, 'Calidad de informes demográficos y etnográficos generados sobre actitudes y comportamientos de las personas que permita intervenciones más eficientes y monitorear el nivel de cambio y evolución cultural', 'Sumatoria del puntaje promedio de satisfacción / total encuestados'),
	(254, 97, '% de Intervenciones realizadas/intervenciones planificadas de Arbolado', 'Intervenciones realizadas divido las intervenciones planificadas'),
	(255, 94, 'Promedio de satisfacción con la resolución de reclamos ingresados por SUACI (todas las prestaciones)', 'Sumatoria de puntaje de satisfacción con la resolución de los reclamos/total de encuestados'),
	(256, 93, 'Cantidad de eventos organizados por las Comunas', 'La suma de los eventos organizados por la Comuna.'),
	(257, 93, 'Cantidad de interacciones de los vecinos con las fan page de  todas las Comunas y BA COMUNAS en Facebook.', 'La suma de todas las interacciones (like, share) de los vecinos en las publicaciones que realizan las Comunas en sus redes sociales.'),
	(258, 93, 'Cantidad de newsletters enviados a los vecinos desde las Comunas.', 'La suma de los newsletters enviados a los vecinos desde las Comunas.'),
	(259, 95, 'Promedio de satisfacción de los asistentes a las capacitaciones internas', 'Sumatoria de puntaje de satisfacción con la capacitación/total de encuestados'),
	(260, 93, 'Cantidad de asistentes a eventos organizados por la SECDES.', 'La suma de los asistentes a todos los eventos.'),
	(261, 93, 'Cantidad de servicios desconcentrados disponibles en las UACs.', 'La suma de los servicios que se encuentran disponibles de manera desconcentrada en las Unidades de Atención Ciudadana.'),
	(262, 95, 'Cantidad de capacitaciones ofrecidas por la SECDES (internas)', 'La suma de las capacitaciones internas brindadas.'),
	(263, 95, 'Cantidad de capacitaciones ofrecidas a las Comunas (Externas)', 'La suma de todas las capacitaciones brindadas por la SECDES.'),
	(264, 96, 'Cantidad de articulaciones de la SECDES con otras jurisdicciones para coordinar acciones junto a las Comunas.', 'La suma de las articulaciones de la SECDES con otras jurisdicciones para coordinar acciones junto a las Comunas.'),
	(265, 96, 'Cantidad de propuestas de otras áreas de gobierno compartidas por la SECDES.', 'La suma de todas las piezas compartidas por la SECDES de otras dependientes del GCBA en Facebook.'),
	(266, 93, 'Cantidad de asistentes a eventos organizados por las Comunas.', 'La suma de los asistentes a los eventos organizados en las Comunas'),
	(267, 93, 'Cantidad de eventos organizados por la SECDES.', 'La suma de los eventos organizados por la SECDES'),
	(268, 95, 'Promedio de satisfacción de los asistentes a las capacitaciones externas', 'Sumatoria de puntaje de satisfacción con la capacitación/total de encuestados'),
	(269, 95, 'Porcentaje de participación en las reuniones del Consejo Consultivo Intercomunal.', 'sumatoria de asistentes/total de asistentes esperados'),
	(270, 94, 'Promedio de satisfacción con la atención recibida en las UACs', 'Sumatoria de puntaje de satisfacción con la atención recibida/total de encuestados'),
	(271, 97, '% de hectáreas descentralizadas mantenidas/total de hectáreas descentralizadas (EEVV)', 'Cantidad de hectáreas mantenidas dividido la cantidad de hectáreas descentralizadas.'),
	(272, 97, '% de Intervenciones realizadas/intervenciones planificadas de Veredas (por corte de raíz y extracciones)', 'Intervenciones realizadas dividido las intervenciones planificadas.'),
	(273, 94, '% de Intervenciones realizadas/intervenciones planificadas de Bacheo', 'Cantidad de intervenciones realizadas dividido la cantidad de intervenciones planificadas'),
	(274, 100, 'Cantidad de módulos participativos realizados', 'Cantidad de módulos participativos'),
	(275, 100, 'Porcentaje de proyectos que contemplen los resultados de sus instancias participativas', 'Proyectos que contemplan los resultados de sus instancias particpativas/ Total de proyectos'),
	(276, 101, 'Porcentaje de familias en situación vulnerable', 'Porcentaje de familias según índice de vulnerabilidad social'),
	(277, 101, 'Cantidad de servicios y programas gubernamentales (Ciudad y Nación) existentes mantenidos y centralizados en Casa Común', 'Cantidad de servicios gubernamentales mantenidos en El Galpón'),
	(278, 100, 'Calles pavimentadas', 'Suma de metros de calles intervenidas'),
	(279, 98, 'Cantidad de vivienda nueva construida', 'Cantidad de viviendas construidas'),
	(280, 98, 'Familias relocalizadas', 'Suma de unidades familiares'),
	(281, 101, 'Gente benificiaria de un programa social', 'Sumatoria de cantidad de beneficiarios'),
	(282, 101, 'Porcentaje de familias vulnerables acompañadas mediante un abordaje integral', 'Familias acompañadas / Total de familias en situación vulnerable'),
	(283, 99, 'Cantidad de personas que participaron en actividades del CEDEL', 'Sumatoria de cantidad de participantes y beneficiarios'),
	(284, 100, 'Oferta de transporte público en el barrio', 'Sumatoria de colectivos que entran en un día hábil en el barrio'),
	(285, 98, 'Cantidad de viviendas dominiadas', 'Sumatoria de viviendas dominiadas'),
	(286, 99, 'Cantidad de comercios formalizados', 'Sumatoria de comercios formalizados'),
	(287, 100, 'Porcentaje de población con necesidades básicas insatisfechas', 'Población con necesidades básicas insatisfechas / total de la población'),
	(288, 98, 'porcentaje de hogares en situación de hacinamiento', 'Cantidad de hogares en situación de hacinamiento / total de hogares del barrio'),
	(289, 98, 'Viviendas intervenidas', 'Monto de inversión total en mejoramiento de vivienda'),
	(290, 99, 'Espacios comerciales intervenidos', 'Sumatoria de espacios comerciales intervenidos'),
	(291, 99, 'Porcentaje de habitantes del barrio que tienen un trabajo formal', 'Habitantes que tienen un trabajo formal / Total de habitantes empleados'),
	(292, 99, 'porcentaje de personas económicamente activas en situación laboral precaria', 'Personas empleadas en forma precaria / Total de personas empleadas'),
	(293, 99, 'Puestos de la feria regulados e intervenidos', 'Sumatoria de la cantidad de puestos'),
	(294, 100, 'Metros de infraestructura en la red de tendido electrico construidos', 'Suma de metros construidos por red de servicio'),
	(295, 101, 'Cantidad de basura recolectada en el sistema de mantenimiento y recolección de residuos', 'Sumatoria de kg de basura'),
	(296, 100, 'Espacios públicos intervenidos', 'Suma de M2'),
	(297, 100, 'Metros de infraestructura de red cloacal construidos', 'Suma de metros construidos por red de servicio'),
	(298, 100, 'Metros de red de agua construidos', 'Suma de metros construidos por red de servicio'),
	(299, 100, 'Metros de red de pluviales construidos', 'Suma de metros construidos por red de servicio'),
	(300, 106, 'COMPROMISO DE MITIGACIÓN DE RIESGOS', 'Cantidad de Organismos que han firmado compromisos de mitigación de riesgos/Cantidad total de Organismos con Matriz de Riesgos diseñada'),
	(301, 106, 'Nivel de Madurez de Control Interno.', 'Cantidad de Organismos que han firmado compromiso para elevar su nivel de Madurez / Cantidad Total de Organismos con Autodiagnóstico de MAdurez realizado.'),
	(302, 105, 'Impacto de la acciones correctivas, preventivas y oportunidades de mejora en el Sistema de Gestión de Calidad medido en: Alto, Medio y Bajo y ponderado según estos resultados.', 'Sumaproducto de acciones y nivel de impacto en el Sistema de cada una de ellas (medido en: Alto, Medio y Bajo y ponderado respectivamente) / Cantidad de acciones totales implementadas.'),
	(303, 106, 'Satisfacción de los usuarios del Manual de Control Interno.', 'Cantidad de encuestas con resultado ""Satisfecho""/ Cantidad total de encuestas recibidas.'),
	(304, 107, 'Satisfacción de los participantes de Encuentros Interministeriales', 'Cantidad de Encuestas con resultado ""Satisfecho""/ Cantidad total de Encuestas recibidas.'),
	(305, 106, 'Satisfacción de los participantes de los Encuentros Académicos', 'Cantidad de encuestas con resultado ""Satisfecho""/Cantidad total de encuestas recibidas'),
	(306, 105, 'Satisfacción de los Organismos Auditados.', 'Cantidad de encuestas con resultado ""Satisfecho""/ Cantidad total de encuestas recibidas.'),
	(307, 106, 'Satisfacción de las Áreas asesoradas para la Certificación ISO 9001:2015', 'Cantidad de Encuestas con resultado ""Satisfecho""/Cantidad total de encuestas recibidas.'),
	(308, 119, 'Tiempo promedio de respuesta en el delivery a solicitudes recibidas. De acuerdo a la  Implementación del Modelo de Entrega de Servicios', 'Sumatoria(Fecha de Inicio de Requerimiento - Fecha Entrega de Requerimiento)/Cantidad total de Requerimientos'),
	(309, 122, 'Cantidad de sistemas integrados con RIC', 'Sumatoria de sistemas integrados'),
	(310, 122, 'Nuevos programas con implementación TUS', 'Cantidad de  nuevos programas en TUS'),
	(311, 120, '% de ataques al sistema del GCBA minimizados', 'Cantidad de Ataques efectivos/cantidad de ataques mensuales'),
	(312, 120, 'Usuarios con Firma Digital', 'Usuarios con Firma Digital'),
	(313, 121, 'Porcentaje de cobertura de fibra óptica interconectada en CABA', 'KM fibra optica /superficie ciudad'),
	(314, 121, 'WI FI Disponible para conectarse', 'Cantidad de antenas de wi fi'),
	(315, 121, 'Telefonia IP - % de edificios públicos con telefonía IP', 'Cantidad de Edificios Publicos conectados con TIP/Q Edificios Publicos Totales'),
	(316, 122, 'Cantidad de reparticiones con Tableros de Control disponibilizados', 'Sumatoria de reparticiones'),
	(317, 122, 'Cantidad de boletas de pago para Hacienda integradas a Expediente Electronico', 'Sumatoria de boletas de pago integradas a EE'),
	(318, 121, 'Consumo mensual de datos BAWIFI', 'Sumatoria Mensual de Consumos en Proxys'),
	(319, 114, '% de solicitudes de MAyEP verificadas', 'Cantidad de solicitudes Verificadas /Cantidad de solicitudes ingresadas'),
	(320, 117, '% de llamadas al 147 contestadas antes de 30 segundos', 'total llamadas contestadas antes de 30 seg / total recibidas'),
	(321, 115, 'Tiempo promedio de obtencion de turno para Otorgamiento y renovacion de licencias', 'Sumatoria (día del turno - día de solicitud) / cantidad de turnos solicitados'),
	(322, 115, '% de licencias otorgadas dentro de los plazos establecidos', 'cantidad de licencias otorgadas dentro de los plazos establecidos/ total de licencias otorgadas'),
	(323, 114, '% de solicitudes de MAyEP atendidas', 'Cantidad de solicitudes atendidas/ cantidad de solicitudes ingresadas'),
	(324, 114, 'Tiempo promedio de permanencia de Autos abandonados en via pública desde su denuncia hasta su traslado', 'Sumatoria (día de traslado - día de denuncia) / cantidad de autos abandonados'),
	(325, 114, 'Grado de satisfacción en solicitudes por reclamos de MAyEP cumplidas', 'Cantidad de encuestados satisfechos / cantidad de encuestados de solicitudes cumplidas'),
	(326, 118, 'Porcentaje de Acuerdos en audiencias de conciliación', 'cantidad de acuerdos en audiencias de conciliación / cantidad de audiencias de conciliación'),
	(327, 116, 'Cantidad de usuarios de nuevo canal Facebook', 'Cantidad de usuarios por nuevo canal facebook'),
	(328, 116, 'Cantidad de gente haciendo fila sin turno para atención primaria en establecimientos de salud', 'Sumatoria de gente que hace fila sin turno Cantidad de gente haciendo fila sin turno para atención primaria en establecimientos de salud'),
	(329, 115, '% de satisfacción General en Tramites de Licencias', '% de encuestados satisfechos con el trámite / total de encuestados'),
	(330, 114, 'Tiempo promedio de verificación del TOTAL  de solicitudes ingresadas', 'Sumatoria del tiempo de verificación desde que se ingresa la solicitud hasta que se inspecciona/ cantidad de solicitudes ingresadas'),
	(331, 118, '% de empresas reincidentes sancionadas', 'cantidad de empresas reincidentes sancionadas/ cantidad total de empresas reincidentes'),
	(332, 115, 'Tiempo promedio de notificacion al ciudadano de sanciones a empresas realizadas por Defensa del Consumidor', 'Sumatoria de tiempo transcurrido desde la sanción hasta la notificación/ cantidad de sanciones realizadas'),
	(333, 115, 'Tiempo promedio en realización de audiencia conciliación', 'Sumatoria del tiempo entre el inicio y la fecha de confirmación de la audiencia/ cantidad de audiencias realizadas'),
	(334, 115, 'Tiempo promedio para la Solicitud de turno para realizar denuncias por 147', 'Sumatoria del tiempo de otorgamiento de turno para realizar denuncias/ cantidad de solicitudes'),
	(335, 115, '% de áreas con Certificación ISO 9001:2015', 'cantidad de áreas de servicio certificadas / cantidad de áreas más importantes certificables'),
	(336, 116, 'Cantidad de nuevos canales', 'cantidad de nuevos canales'),
	(337, 116, 'Cantidad de usuarios de nuevo canal whatsapp', 'cantidad usuarios nuevo canal'),
	(338, 117, 'Porcentaje de satisfacción atención en 147', 'Cantidad de encuestados que declararon estar satisfechos con el servicio/cantidad de encuestados *100'),
	(339, 117, 'Tasa de abandono de llamadas al 147', 'llamadas abandonadas / recibidas'),
	(340, 114, '% cumplimiento SLA MAyEP Asfalto', 'Cantidad de Solicitudes cumplidas en el tiempo establecido/ total de solicitudes ingresadas verificadas'),
	(341, 114, '% cumplimiento SLA MAyEP Alumbrado', 'Cantidad de Solicitudes cumplidas en el tiempo establecido/ total de solicitudes ingresadas verificadas'),
	(342, 114, '% cumplimiento SLA MAyEP Mantenimiento espacios verdes', 'Cantidad de Solicitudes cumplidas en el tiempo establecido/ total de solicitudes ingresadas verificadas'),
	(343, 114, '% cumplimiento SLA MAyEP Pluviales', 'Cantidad de Solicitudes cumplidas en el tiempo establecido/ total de solicitudes ingresadas verificadas'),
	(344, 114, '% cumplimiento SLA HU Higiene-Reciclado', 'Cantidad de Solicitudes cumplidas en el tiempo establecido/ total de solicitudes ingresadas verificadas'),
	(345, 114, '% cumplimiento SLA HU Higiene- Limpieza', 'Cantidad de Solicitudes cumplidas en el tiempo establecido/ total de solicitudes ingresadas verificadas'),
	(346, 87, 'Cantidad de usuarios de estaciones saludables', 'Sumatoria de usuario'),
	(347, 87, 'Porcentaje de Escuelas Públicas que participan del programa mi escuela saludable', 'Cantidad de Escuelas que adhieren al programa sobre el total de escuelas publicas'),
	(348, 82, 'Mercado de CABA', 'Sumatoria de Mercados'),
	(349, 82, 'Paseos Gastronómicos', 'Sumatoria de Paseos Gastronómicos'),
	(350, 82, 'Cantidad de Restaurant de CABA', 'Sumatoria de Restaurant'),
	(351, 88, 'Cantidad de Turistas en CABA', 'Sumatoria de Turistas'),
	(352, 88, 'Frecuencia en que los porteños comen fuera del hogar como forma de entretenimiento', 'Promedio mensual de salidas a comer por porteño mayor de 18 años'),
	(353, 89, 'Usuarios de programas deportivos de la Subse', 'Usuarios semanales de las actividades dirigidas'),
	(354, 89, 'Clubes Barriales Inscriptos en el RUID', 'Sumatoria de Instituciones deportivas'),
	(355, 89, 'Participantes de actividades de eventos deportivos en la vía pública', 'Sumatoria de participantes'),
	(356, 86, 'Cantidad de participantes de las colectividades en la vida pública en la CABA (BA Celebra)', 'Sumatoria de participantes en eventos BA Celebra'),
	(357, 86, 'Participantes en Visitas guiadas al Parque de la Memoria', 'Sumatoria de participantes en visitas guiadas al Parque'),
	(358, 86, 'Usuarios de Casa Trans (comunidad LGBTI)', 'Sumatoria de servicios brindados por la Casa Trans'),
	(359, 83, 'Oportunidades laborales concretadas', 'Sumatoria de Oportunidades Laborales concretadas'),
	(360, 83, 'Entrevistas realizadas de orientación vocacional', 'Sumatoria de Entrevistas'),
	(361, 83, 'Bandas Musicales Inscriptas (a Bandas por Barrio)', 'Sumatoria de Bandas Inscriptas anualmente');
/*!40000 ALTER TABLE `indicador_estrategico` ENABLE KEYS */;

-- Dumping data for table proyectos_ba_generated.poblacion_meta: ~14 rows (approximately)
DELETE FROM `poblacion_meta`;
/*!40000 ALTER TABLE `poblacion_meta` DISABLE KEYS */;
INSERT INTO `poblacion_meta` (`idPoblacionMeta`, `nombre`) VALUES
	(1, 'Niño/Primera Infancia'),
	(2, 'Joven'),
	(3, 'Adulto'),
	(4, 'Adulto Mayor'),
	(5, 'Estudiante'),
	(6, 'Trabajador'),
	(7, 'Emprendedor'),
	(8, 'Desempleado'),
	(9, 'Ni estudia Ni trabaja'),
	(10, 'PyME'),
	(11, 'Empresa Grande'),
	(12, 'Turista'),
	(13, 'Mujer'),
	(14, 'Ciudadano en General');
/*!40000 ALTER TABLE `poblacion_meta` ENABLE KEYS */;

-- Dumping data for table proyectos_ba_generated.poblacion_meta_por_proyecto: ~0 rows (approximately)
DELETE FROM `poblacion_meta_por_proyecto`;
/*!40000 ALTER TABLE `poblacion_meta_por_proyecto` DISABLE KEYS */;
/*!40000 ALTER TABLE `poblacion_meta_por_proyecto` ENABLE KEYS */;

-- Dumping data for table proyectos_ba_generated.presupuesto_por_anio: ~10 rows (approximately)
DELETE FROM `presupuesto_por_anio`;

-- Dumping data for table proyectos_ba_generated.proyecto: ~23 rows (approximately)
DELETE FROM `proyecto`;

-- Dumping data for table proyectos_ba_generated.rol: ~2 rows (approximately)
DELETE FROM `rol`;
/*!40000 ALTER TABLE `rol` DISABLE KEYS */;
INSERT INTO `rol` (`idRol`, `nombre`, `descripcion`) VALUES
	(1, 'Secretaría', 'Secretaría'),
	(2, 'Operador de jurisdicción', 'Operador de jurisdicción');
/*!40000 ALTER TABLE `rol` ENABLE KEYS */;

-- Dumping data for table proyectos_ba_generated.usuario: ~199 rows (approximately)
DELETE FROM `usuario`;
/*!40000 ALTER TABLE `usuario` DISABLE KEYS */;
INSERT INTO `usuario` (`idUsuario`, `nombre`, `apellido`, `email`, `descripcion`, `activo`) VALUES
	(100, NULL, NULL, 'cperret@buenosaires.gob.ar', NULL, 1),
	(102, NULL, NULL, 'nviceconte@buenosaires.gob.ar', NULL, 1),
	(103, NULL, NULL, 'nalmanza@buenosaires.gob.ar', NULL, 1),
	(104, NULL, NULL, 'airiarte@buenosaires.gob.ar', NULL, 1),
	(105, NULL, NULL, 'nmontovio@buenosaires.gob.ar', NULL, 1),
	(106, NULL, NULL, 'iuranga@buenosaires.gob.ar', NULL, 1),
	(107, NULL, NULL, 'bgrigioni@buenosaires.gob.ar', NULL, 1),
	(108, NULL, NULL, 'rlopezsaubidet@buenosaires.gob.ar', NULL, 1),
	(109, NULL, NULL, 'cdcostagliola@buenosaires.gob.ar', NULL, 1),
	(110, NULL, NULL, 'masoledadroman@buenosaires.gob.ar', NULL, 1),
	(111, NULL, NULL, 'fmaya@buenosaires.gob.ar', NULL, 1),
	(112, NULL, NULL, 'vhassan@buenosaires.gob.ar', NULL, 1),
	(113, NULL, NULL, 'gmortola@buenosaires.gob.ar', NULL, 1),
	(114, NULL, NULL, 'smccormick@buenosaires.gob.ar', NULL, 1),
	(115, NULL, NULL, 'rbeccarvarela@buenosaires.gob.ar', NULL, 1),
	(116, NULL, NULL, 'ezequielferrari@buenosaires.gob.ar', NULL, 1),
	(117, NULL, NULL, 'agarzon@buenosaires.gob.ar', NULL, 1),
	(118, NULL, NULL, 'ichuburu@buenosaires.gob.ar', NULL, 1),
	(119, NULL, NULL, 'claudioromero@buenosaires.gob.ar', NULL, 1),
	(120, NULL, NULL, 'vpalleiro@buenosaires.gob.ar', NULL, 1),
	(121, NULL, NULL, 'egiraldez@buenosaires.gob.ar', NULL, 1),
	(122, NULL, NULL, 'maguerre@buenosaires.gob.ar', NULL, 1),
	(123, NULL, NULL, 'cpedrini@buenosaires.gob.ar', NULL, 1),
	(124, NULL, NULL, 'snagata@buenosaires.gob.ar', NULL, 1),
	(125, NULL, NULL, 'echierasco@buenosaires.gob.ar', NULL, 1),
	(126, NULL, NULL, 'luisina.vueso@buenosaires.gob.ar', NULL, 1),
	(127, NULL, NULL, 'nportela@buenosaires.gob.ar', NULL, 1),
	(128, NULL, NULL, 'cpazos@buenosaires.gob.ar', NULL, 1),
	(129, NULL, NULL, 'iperezriba@buenosaires.gob.ar', NULL, 1),
	(130, NULL, NULL, 'dbreuer@buenosaires.gob.ar', NULL, 1),
	(131, NULL, NULL, 'apasero@buenosaires.gob.ar', NULL, 1),
	(132, NULL, NULL, 'mariasolsuarez@buenosaires.gob.ar', NULL, 1),
	(133, NULL, NULL, 'smancini@buenosaires.gob.ar', NULL, 1),
	(134, NULL, NULL, 'ignacioruiz@buenosaires.gob.ar', NULL, 1),
	(135, NULL, NULL, 'gbarrientos@buenosaires.gob.ar', NULL, 1),
	(136, NULL, NULL, 'mariaricard@buenosaires.gob.ar', NULL, 1),
	(137, NULL, NULL, 'fochoa@buenosaires.gob.ar', NULL, 1),
	(138, NULL, NULL, 'sscappini@buenosaires.gob.ar', NULL, 1),
	(139, NULL, NULL, 'acampos@buenosaires.gob.ar', NULL, 1),
	(140, NULL, NULL, 'jsantapaola@buenosaires.gob.ar', NULL, 1),
	(141, NULL, NULL, 'ifagalde@buenosaires.gob.ar', NULL, 1),
	(142, NULL, NULL, 'amarasas@buenosaires.gob.ar', NULL, 1),
	(143, NULL, NULL, 'ceciliagutman@buenosaires.gob.ar', NULL, 1),
	(144, NULL, NULL, 'melodygomez@buenosaires.gob.ar', NULL, 1),
	(145, NULL, NULL, 'belen.bagnati@buenosaires.gob.ar', NULL, 1),
	(146, NULL, NULL, 'mariamartinez@buenosaires.gob.ar', NULL, 1),
	(147, NULL, NULL, 'rcerdan@buenosaires.gob.ar', NULL, 1),
	(148, NULL, NULL, 'ggazzaneo@buenosaires.gob.ar', NULL, 1),
	(149, NULL, NULL, 'ldegiulio@buenosaires.gob.ar', NULL, 1),
	(150, NULL, NULL, 'ngarciasaenz@buenosaires.gob.ar', NULL, 1),
	(151, NULL, NULL, 'ldente@buenosaires.gob.ar', NULL, 1),
	(152, NULL, NULL, 'evegalera@buenosaires.gob.ar', NULL, 1),
	(153, NULL, NULL, 'lvelazquez@buenosaires.gob.ar', NULL, 1),
	(154, NULL, NULL, 'cerramouspe@buenosaires.gob.ar', NULL, 1),
	(155, NULL, NULL, 'vbouza@buenosaires.gob.ar', NULL, 1),
	(156, NULL, NULL, 'costuni@buenosaires.gob.ar', NULL, 1),
	(157, NULL, NULL, 'fvedoya@buenosaires.gob.ar', NULL, 1),
	(158, NULL, NULL, 'mazar@buenosaires.gob.ar', NULL, 1),
	(159, NULL, NULL, 'ftirelli@buenosaires.gob.ar', NULL, 1),
	(160, NULL, NULL, 'vbursztyn@buenosaires.gob.ar', NULL, 1),
	(161, NULL, NULL, 'pamelamalewicz@buenosaires.gob.ar', NULL, 1),
	(162, NULL, NULL, 'abendersky@buenosaires.gob.ar', NULL, 1),
	(163, NULL, NULL, 'mbarbara@buenosaires.gob.ar', NULL, 1),
	(164, NULL, NULL, 'fpereyra@buenosaires.gob.ar', NULL, 1),
	(165, NULL, NULL, 'nsteinberg@buenosaires.gob.ar', NULL, 1),
	(166, NULL, NULL, 'aimevazquez@buenosaires.gob.ar', NULL, 1),
	(167, NULL, NULL, 'gungar@buenosaires.gob.ar', NULL, 1),
	(168, NULL, NULL, 'magdalenaacuna@buenosaires.gob.ar', NULL, 1),
	(169, NULL, NULL, 'macarenalopez@buenosaires.gob.ar', NULL, 1),
	(170, NULL, NULL, 'mcguzmansoria@buenosaires.gob.ar', NULL, 1),
	(171, NULL, NULL, 'mcskou@buenosaires.gob.ar', NULL, 1),
	(172, NULL, NULL, 'mgravagna@buenosaires.gob.ar', NULL, 1),
	(173, NULL, NULL, 'agustinaurta@buenosaires.gob.ar', NULL, 1),
	(174, NULL, NULL, 'arianaacuna@buenosaires.gob.ar', NULL, 1),
	(175, NULL, NULL, 'mmaunier@buenosaires.gob.ar', NULL, 1),
	(176, NULL, NULL, 'sofiamatricali@buenosaires.gob.ar', NULL, 1),
	(177, NULL, NULL, 'pdichiaro@buenosaires.gob.ar', NULL, 1),
	(178, NULL, NULL, 'mboix@buenosaires.gob.ar', NULL, 1),
	(179, NULL, NULL, 'dgroisman@buenosaires.gob.ar', NULL, 1),
	(180, NULL, NULL, 'jlaporte@buenosaires.gob.ar', NULL, 1),
	(181, NULL, NULL, 'smanzano@buenosaires.gob.ar', NULL, 1),
	(182, NULL, NULL, 'mfreda@buenosaires.gob.ar', NULL, 1),
	(183, NULL, NULL, 'ilobos@buenosaires.gob.ar', NULL, 1),
	(184, NULL, NULL, 'victoriaronco@buenosaires.gob.ar', NULL, 1),
	(185, NULL, NULL, 'ujablonski@buenosaires.gob.ar', NULL, 1),
	(186, NULL, NULL, 'fvalderrama@buenosaires.gob.ar', NULL, 1),
	(187, NULL, NULL, 'mbreda@buenosaires.gob.ar', NULL, 1),
	(188, NULL, NULL, 'gaxelrud@buenosaires.gob.ar', NULL, 1),
	(189, NULL, NULL, 'lmagnasco@buenosaires.gob.ar', NULL, 1),
	(190, NULL, NULL, 'fernandobenegas@buenosaires.gob.ar', NULL, 1),
	(191, NULL, NULL, 'vrodriguezbrizi@buenosaires.gob.ar', NULL, 1),
	(192, NULL, NULL, 'ldubois@buenosaires.gob.ar', NULL, 1),
	(193, NULL, NULL, 'lcerrella@buenosaires.gob.ar', NULL, 1),
	(194, NULL, NULL, 'mguaita@buenosaires.gob.ar', NULL, 1),
	(195, NULL, NULL, 'scostabel@buenosaires.gob.ar', NULL, 1),
	(196, NULL, NULL, 'jscrigna@buenosaires.gob.ar', NULL, 1),
	(197, NULL, NULL, 'icattaneo@buenosaires.gob.ar', NULL, 1),
	(198, NULL, NULL, 'jcombale@buenosaires.gob.ar', NULL, 1),
	(199, NULL, NULL, 'jmiramont@buenosaires.gob.ar', NULL, 1),
	(200, NULL, NULL, 'idiamint@buenosaires.gob.ar', NULL, 1),
	(201, NULL, NULL, 'lrusconimoix@buenosaires.gob.ar', NULL, 1),
	(202, NULL, NULL, 'wlensinas@buenosaires.gob.ar', NULL, 1),
	(203, NULL, NULL, 'kevinfay@buenosaires.gob.ar', NULL, 1),
	(204, NULL, NULL, 'psalerno@buenosaires.gob.ar', NULL, 1),
	(205, NULL, NULL, 'lgranda@buenosaires.gob.ar', NULL, 1),
	(206, NULL, NULL, 'lnovillosaravia@buenosaires.gob.ar', NULL, 1),
	(207, NULL, NULL, 'mdrajzibner@buenosaires.gob.ar', NULL, 1),
	(208, NULL, NULL, 'mtolan@buenosaires.gob.ar', NULL, 1),
	(209, NULL, NULL, 'sgeyer@buenosaires.gob.ar', NULL, 1),
	(210, NULL, NULL, 'acorgniati@buenosaires.gob.ar', NULL, 1),
	(211, NULL, NULL, 'schaneton@buenosaires.gob.ar', NULL, 1),
	(212, NULL, NULL, 'mnogueira@buenosaires.gob.ar', NULL, 1),
	(213, NULL, NULL, 'mildredferrer@buenosaires.gob.ar', NULL, 1),
	(214, NULL, NULL, 'mzevallosmalaspina@buenosaires.gob.ar', NULL, 1),
	(215, NULL, NULL, 'pmolteni@buenosaires.gob.ar', NULL, 1),
	(216, NULL, NULL, 'pgalardi@buenosaires.gob.ar', NULL, 1),
	(217, NULL, NULL, 'mmartinmoratorio@buenosaires.gob.ar', NULL, 1),
	(218, NULL, NULL, 'afourcade@buenosaires.gob.ar', NULL, 1),
	(219, NULL, NULL, 'fcalvi@buenosaires.gob.ar', NULL, 1),
	(220, NULL, NULL, 'ocattaneo@buenosaires.gob.ar', NULL, 1),
	(221, NULL, NULL, 'mnachon@buenosaires.gob.ar', NULL, 1),
	(222, NULL, NULL, 'apalmisciano@buenosaires.gob.ar', NULL, 1),
	(223, NULL, NULL, 'nserra@buenosaires.gob.ar', NULL, 1),
	(224, NULL, NULL, 'fcarrera@buenosaires.gob.ar', NULL, 1),
	(225, NULL, NULL, 'ymartelli@buenosaires.gob.ar', NULL, 1),
	(226, NULL, NULL, 'jpappano@buenosaires.gob.ar', NULL, 1),
	(227, NULL, NULL, 'lmolouny@buenosaires.gob.ar', NULL, 1),
	(228, NULL, NULL, 'jpbecerra@buenosaires.gob.ar', NULL, 1),
	(229, NULL, NULL, 'mmorlesin@buenosaires.gob.ar', NULL, 1),
	(230, NULL, NULL, 'crisau@buenosaires.gob.ar', NULL, 1),
	(231, NULL, NULL, 'msmith@buenosaires.gob.ar', NULL, 1),
	(232, NULL, NULL, 'cilc@buenosaires.gob.ar', NULL, 1),
	(233, NULL, NULL, 'fflaxmarco@buenosaires.gob.ar', NULL, 1),
	(234, NULL, NULL, 'abaum@buenosaires.gob.ar', NULL, 1),
	(235, NULL, NULL, 'frecondo@buenosaires.gob.ar', NULL, 1),
	(236, NULL, NULL, 'lalassia@buenosaires.gob.ar', NULL, 1),
	(237, NULL, NULL, 'oscarperez@buenosaires.gob.ar', NULL, 1),
	(238, NULL, NULL, 'abouperez@buenosaires.gob.ar', NULL, 1),
	(239, NULL, NULL, 'mlugani@buenosaires.gob.ar', NULL, 1),
	(240, NULL, NULL, 'msilinger@buenosaires.gob.ar', NULL, 1),
	(241, NULL, NULL, 'mtojo@buenosaires.gob.ar', NULL, 1),
	(242, NULL, NULL, 'jbulacio@buenosaires.gob.ar', NULL, 1),
	(243, NULL, NULL, 'mlpellegrini@buenosaires.gob.ar', NULL, 1),
	(244, NULL, NULL, 'amitidieri@buenosaires.gob.ar', NULL, 1),
	(245, NULL, NULL, 'dszuchter@buenosaires.gob.ar', NULL, 1),
	(246, NULL, NULL, 'mdagostino@buenosaires.gob.ar', NULL, 1),
	(247, NULL, NULL, 'slospennato@buenosaires.gob.ar', NULL, 1),
	(248, NULL, NULL, 'psbilbao@buenosaires.gob.ar', NULL, 1),
	(249, NULL, NULL, 'fdellacqua@buenosaires.gob.ar', NULL, 1),
	(250, NULL, NULL, 'bbottajaime@buenosaires.gob.ar', NULL, 1),
	(251, NULL, NULL, 'dschmulewitz@buenosaires.gob.ar', NULL, 1),
	(252, NULL, NULL, 'cgarciarodriguez@buenosaires.gob.ar', NULL, 1),
	(253, NULL, NULL, 'ffernandezcisneros@buenosaires.gob.ar', NULL, 1),
	(254, NULL, NULL, 'lbullrich@buenosaires.gob.ar', NULL, 1),
	(255, NULL, NULL, 'alvaroquiroga@buenosaires.gob.ar', NULL, 1),
	(256, NULL, NULL, 'apagano@buenosaires.gob.ar', NULL, 1),
	(257, NULL, NULL, 'cpegoraro@buenosaires.gob.ar', NULL, 1),
	(258, NULL, NULL, 'ctejerina@buenosaires.gob.ar', NULL, 1),
	(259, NULL, NULL, 'gredelico@buenosaires.gob.ar', NULL, 1),
	(260, NULL, NULL, 'gabrieldangelo@buenosaires.gob.ar', NULL, 1),
	(261, NULL, NULL, 'jcalesina@buenosaires.gob.ar', NULL, 1),
	(262, NULL, NULL, 'dcuri@buenosaires.gob.ar', NULL, 1),
	(263, NULL, NULL, 'lianaacosta@buenosaires.gob.ar', NULL, 1),
	(264, NULL, NULL, 'jdaura@buenosaires.gob.ar', NULL, 1),
	(265, NULL, NULL, 'afeoli@buenosaires.gob.ar', NULL, 1),
	(266, NULL, NULL, 'javier.romero@buenosaires.gob.ar', NULL, 1),
	(267, NULL, NULL, 'mipalacios@buenosaires.gob.ar', NULL, 1),
	(268, NULL, NULL, 'jjudas@buenosaires.gob.ar', NULL, 1),
	(269, NULL, NULL, 'gstorani@buenosaires.gob.ar', NULL, 1),
	(270, NULL, NULL, 'mvalcaraz@buenosaires.gob.ar', NULL, 1),
	(271, NULL, NULL, 'iroccavieitez@buenosaires.gob.ar', NULL, 1),
	(272, NULL, NULL, 'msemberoiz@buenosaires.gob.ar', NULL, 1),
	(273, NULL, NULL, 'mariogallo@buenosaires.gob.ar', NULL, 1),
	(274, NULL, NULL, 'pdistefano@buenosaires.gob.ar', NULL, 1),
	(275, NULL, NULL, 'rsilvosa@buenosaires.gob.ar', NULL, 1),
	(276, NULL, NULL, 'mocampos@buenosaires.gob.ar', NULL, 1),
	(277, NULL, NULL, 'villalongajuancarlos@buenosaires.gob.ar', NULL, 1),
	(278, NULL, NULL, 'mmayor@buenosaires.gob.ar', NULL, 1),
	(279, NULL, NULL, 'afehrmann@buenosaires.gob.ar', NULL, 1),
	(280, NULL, NULL, 'camilalopez@buenosaires.gob.ar', NULL, 1),
	(281, NULL, NULL, 'abeveraggigasquet@buenosaires.gob.ar', NULL, 1),
	(282, NULL, NULL, 'mmason@buenosaires.gob.ar', NULL, 1),
	(283, NULL, NULL, 'tomasbullrich@buenosaires.gob.ar', NULL, 1),
	(284, NULL, NULL, 'florvalia@buenosaires.gob.ar', NULL, 1),
	(285, NULL, NULL, 'lserrenhopfefferkorn@buenosaires.gob.ar', NULL, 1),
	(286, NULL, NULL, 'carolinaalvarado@buenosaires.gob.ar', NULL, 1),
	(287, NULL, NULL, 'ignacioimperatrice@buenosaires.gob.ar', NULL, 1),
	(288, NULL, NULL, 'frositano@buenosaires.gob.ar', NULL, 1),
	(289, NULL, NULL, 'camilamartelli@buenosaires.gob.ar', NULL, 1),
	(290, NULL, NULL, 'lgreco@buenosaires.gob.ar', NULL, 1),
	(291, NULL, NULL, 'lvasser@buenosaires.gob.ar', NULL, 1),
	(292, NULL, NULL, 'fpaterson@buenosaires.gob.ar', NULL, 1),
	(293, NULL, NULL, 'bfaccone@buenosaires.gob.ar', NULL, 1),
	(294, NULL, NULL, 'erodriguez@buenosaires.gob.ar', NULL, 1),
	(295, NULL, NULL, 'vlopreite@buenosaires.gob.ar', NULL, 1),
	(296, NULL, NULL, 'silvinagalarza@buenosaires.gob.ar', NULL, 1),
	(297, NULL, NULL, 'slucerotorres@buenosaires.gob.ar', NULL, 1);
/*!40000 ALTER TABLE `usuario` ENABLE KEYS */;

-- Dumping data for table proyectos_ba_generated.rol_por_usuario: ~198 rows (approximately)
DELETE FROM `rol_por_usuario`;
/*!40000 ALTER TABLE `rol_por_usuario` DISABLE KEYS */;
INSERT INTO `rol_por_usuario` (`rol_idRol`, `usuario_idUsuario`) VALUES
	(1, 100),
	(1, 102),
	(1, 103),
	(1, 104),
	(1, 105),
	(1, 106),
	(1, 107),
	(1, 183),
	(1, 184),
	(1, 185),
	(1, 186),
	(1, 187),
	(1, 188),
	(1, 189),
	(1, 190),
	(1, 191),
	(1, 192),
	(1, 193),
	(1, 194),
	(1, 195),
	(1, 196),
	(1, 197),
	(1, 198),
	(1, 199),
	(1, 200),
	(1, 201),
	(1, 202),
	(1, 203),
	(1, 204),
	(1, 205),
	(1, 206),
	(1, 207),
	(1, 208),
	(1, 209),
	(1, 210),
	(1, 211),
	(1, 212),
	(1, 213),
	(1, 214),
	(1, 215),
	(1, 216),
	(1, 217),
	(1, 218),
	(1, 219),
	(1, 220),
	(2, 108),
	(2, 109),
	(2, 110),
	(2, 111),
	(2, 112),
	(2, 113),
	(2, 114),
	(2, 115),
	(2, 116),
	(2, 117),
	(2, 118),
	(2, 119),
	(2, 120),
	(2, 121),
	(2, 122),
	(2, 123),
	(2, 124),
	(2, 125),
	(2, 126),
	(2, 127),
	(2, 128),
	(2, 129),
	(2, 130),
	(2, 131),
	(2, 132),
	(2, 133),
	(2, 134),
	(2, 135),
	(2, 136),
	(2, 137),
	(2, 138),
	(2, 139),
	(2, 140),
	(2, 141),
	(2, 142),
	(2, 143),
	(2, 144),
	(2, 145),
	(2, 146),
	(2, 147),
	(2, 148),
	(2, 149),
	(2, 150),
	(2, 151),
	(2, 152),
	(2, 153),
	(2, 154),
	(2, 155),
	(2, 156),
	(2, 157),
	(2, 158),
	(2, 159),
	(2, 160),
	(2, 161),
	(2, 162),
	(2, 163),
	(2, 164),
	(2, 165),
	(2, 166),
	(2, 167),
	(2, 168),
	(2, 169),
	(2, 170),
	(2, 171),
	(2, 172),
	(2, 173),
	(2, 174),
	(2, 175),
	(2, 176),
	(2, 177),
	(2, 178),
	(2, 179),
	(2, 180),
	(2, 181),
	(2, 182),
	(2, 221),
	(2, 222),
	(2, 223),
	(2, 224),
	(2, 225),
	(2, 226),
	(2, 227),
	(2, 228),
	(2, 229),
	(2, 230),
	(2, 231),
	(2, 232),
	(2, 233),
	(2, 234),
	(2, 235),
	(2, 236),
	(2, 237),
	(2, 238),
	(2, 239),
	(2, 240),
	(2, 241),
	(2, 242),
	(2, 243),
	(2, 244),
	(2, 245),
	(2, 246),
	(2, 247),
	(2, 248),
	(2, 249),
	(2, 250),
	(2, 251),
	(2, 252),
	(2, 253),
	(2, 254),
	(2, 255),
	(2, 256),
	(2, 257),
	(2, 258),
	(2, 259),
	(2, 260),
	(2, 261),
	(2, 262),
	(2, 263),
	(2, 264),
	(2, 265),
	(2, 266),
	(2, 267),
	(2, 268),
	(2, 269),
	(2, 270),
	(2, 271),
	(2, 272),
	(2, 273),
	(2, 274),
	(2, 275),
	(2, 276),
	(2, 277),
	(2, 278),
	(2, 279),
	(2, 280),
	(2, 281),
	(2, 282),
	(2, 283),
	(2, 284),
	(2, 285),
	(2, 286),
	(2, 287),
	(2, 288),
	(2, 289),
	(2, 290),
	(2, 291),
	(2, 292),
	(2, 293),
	(2, 294),
	(2, 295),
	(2, 296),
	(2, 297);
/*!40000 ALTER TABLE `rol_por_usuario` ENABLE KEYS */;

-- Dumping data for table proyectos_ba_generated.tema_transversal: ~2 rows (approximately)
DELETE FROM `tema_transversal`;
/*!40000 ALTER TABLE `tema_transversal` DISABLE KEYS */;
/*!40000 ALTER TABLE `tema_transversal` ENABLE KEYS */;

-- Dumping data for table proyectos_ba_generated.usuario_por_jurisdiccion: ~2 rows (approximately)
DELETE FROM `usuario_por_jurisdiccion`;

-- Dumping data for table proyectos_ba_generated.permiso_entidad: ~18 rows (approximately)
DELETE FROM `permiso_entidad`;
/*!40000 ALTER TABLE `permiso_entidad` DISABLE KEYS */;
INSERT INTO `permiso_entidad` (`idPermisoEntidad`, `alta`, `idRol`, `baja`, `modificacion`, `nombre`, `gestion`) VALUES
	(1, 0, 2, 0, 0, 'Gestion de Proyectos', 1),
	(2, 0, 2, 0, 0, 'Consulta de Proyectos', 0),
	(3, 0, 2, 0, 0, 'Gestion de Objetivo jurisdiccional', 1),
	(4, 0, 2, 0, 0, 'Consulta de Objetivo jurisdiccional', 0),
	(5, 0, 2, 0, 0, 'Gestion de Objetivo operativo', 1),
	(6, 0, 2, 0, 0, 'Consulta de Objetivo operativo', 0),
	(7, 0, 2, 0, 0, 'Puede importar proyectos', 1),
	(8, 0, 2, 0, 0, 'Puede mover proyectos', 1),
	(9, 0, 1, 0, 0, 'Gestion de Proyectos', 1),
	(10, 0, 1, 0, 0, 'Consulta de Proyectos', 0),
	(11, 0, 1, 0, 0, 'Gestion de Objetivo jurisdiccional', 1),
	(12, 0, 1, 0, 0, 'Consulta de Objetivo jurisdiccional', 0),
	(13, 0, 1, 0, 0, 'Gestion de Objetivo operativo', 1),
	(14, 0, 1, 0, 0, 'Consulta de Objetivo operativo', 0),
	(15, 0, 1, 0, 0, 'Puede importar proyectos', 1),
	(16, 0, 1, 0, 0, 'Puede mover proyectos', 1),
	(17, 0, 1, 0, 0, 'Gestion de usuarios', 1),
	(18, 0, 1, 0, 0, 'Consulta de usuarios', 0);
/*!40000 ALTER TABLE `permiso_entidad` ENABLE KEYS */;
/*!40000 ALTER TABLE `usuario_por_jurisdiccion` DISABLE KEYS */;
INSERT INTO `usuario_por_jurisdiccion` (`jurisdiccion_idJurisdiccion`, `usuario_idUsuario`) VALUES
	(1, 100),
	(1, 101);
/*!40000 ALTER TABLE `usuario_por_jurisdiccion` ENABLE KEYS */;
/*!40101 SET SQL_MODE=IFNULL(@OLD_SQL_MODE, '') */;
/*!40014 SET FOREIGN_KEY_CHECKS=IF(@OLD_FOREIGN_KEY_CHECKS IS NULL, 1, @OLD_FOREIGN_KEY_CHECKS) */;
/*!40101 SET CHARACTER_SET_CLIENT=@OLD_CHARACTER_SET_CLIENT */;
