-- --------------------------------------------------------
-- Host:                         127.0.0.1
-- Server version:               10.1.14-MariaDB - mariadb.org binary distribution
-- Server OS:                    Win64
-- HeidiSQL Version:             9.1.0.4867
-- --------------------------------------------------------

/*!40101 SET @OLD_CHARACTER_SET_CLIENT=@@CHARACTER_SET_CLIENT */;
/*!40101 SET NAMES utf8mb4 */;
/*!40014 SET @OLD_FOREIGN_KEY_CHECKS=@@FOREIGN_KEY_CHECKS, FOREIGN_KEY_CHECKS=0 */;
/*!40101 SET @OLD_SQL_MODE=@@SQL_MODE, SQL_MODE='NO_AUTO_VALUE_ON_ZERO' */;


-- Dumping data for table proyectos_ba_generated.jurisdiccion: ~31 rows (approximately)
DELETE FROM `jurisdiccion`;
/*!40000 ALTER TABLE `jurisdiccion` DISABLE KEYS */;
INSERT INTO `jurisdiccion` (`idJurisdiccion`, `nombre`, `abreviatura`, `mision`, `codigo`) VALUES
	(1, 'Agencia Gubernamental de Control', 'AGC', 'Transformar las conductas del ciudadano incrementando su nivel de compromiso en el cumplimiento de "las normas ciudadanas" a través de un estado que administra un modelo de gestión de la convivencia con herramientas ágiles, transparentes e inteligentes.', 'AGC'),
	(2, 'Banco Ciudad de Buenos Aires', 'Bco. Cdad.', 'Hacer foco en la banca social y la banca de desarrollo siendo rentables', 'BCBA'),
	(3, 'Corporación Buenos Aires Sur', 'Corp. BsAs Sur', '', 'CBAS'),
	(4, 'Ministerio de Ambiente y Espacio Público', 'MAYEP', 'Entender en la ejecución y planificación de políticas tendientes a la recuperación del espacio público, así como en aquellas obras de regeneración urbana y puesta en valor integral a implementarse en las distintas áreas de la Ciudad de Buenos Aires. Diseñar y ejecutar las políticas de Mantenimiento Integral del Espacio Público en pos de la conservación y remodelación de la Ciudad de Buenos Aires. Promover políticas de calidad en pos de un adecuado uso del espacio, así como entender en la ejecución y planificación de políticas que tiendan a su recuperación. Implementar programas y proyectos de Higiene Urbana relacionados con la recuperación, reutilización, reciclado, tratamiento y disposición final de los residuos sólidos urbanos. Volver a la CABA una ciudad más sustentable y resiliente. Contribuyendo a su vez en un adecuado control de las poblaciones que la componen. Así como agilizando y eficientizando los procesos de comunicación hacia el organismo. ', 'MAYEPGC'),
	(5, 'Ministerio de Desarrollo Urbano y Transporte', 'MDU', '', 'MDUYTGC'),
	(6, 'Instituto de Vivienda de la Ciudad de Buenos Aires', 'Inst Viv.', '', 'MDUYTGCIVC'),
	(7, 'Ministerio de Desarrollo Urbano y Transporte (SBASE)', 'MDU (SBASE)', '', 'MDUYTGCSBASE'),
	(8, 'Ministerio de Desarrollo Urbano y Transporte (STRANS)', 'MDU (STRANS)', '', 'MDUYTGCSTRANS'),
	(9, 'Ministerio de Cultura', 'Min. Cul.', 'Repensar y promover la Cultura en la Ciudad con la mirada puesta en el Siglo XXI', 'MCGC'),
	(10, 'Ministerio de Desarrollo Humano y Hábitat', 'Min. Des. Hum. Y Háb.', 'Dar una respuesta integral y transversal a las diferentes problemáticas que condicionan la igualdad real de oportunidades y de trato en las distintas etapas de la vida, asegurando la integralidad de las prestaciones con eje en la familia, creando las condiciones que garanticen la inclusión social y la participación comunitaria, a través de la gestión social del hábitat.', 'MHYDHGC'),
	(11, 'Ministerio de Educación', 'Min. Edu.', 'Transformar a la Ciudad de Buenos Aires en una "Ciudad Educadora" de calidad y orientada al futuro con escuelas que inviten a la inclusión, promuevan la igualdad de oportunidades y acompañen la entrada de los chicos al siglo XXI.', 'MEGC'),
	(12, 'Ministerio de Gobierno', 'Min. Gob', 'En ejercicio pleno de su autonomía, posicionar a la CABA como ejemplo de gestión transparente e innovadora, convivencia e integración metropolitana', 'MGOBGC'),
	(13, 'Ministerio de Hacienda', 'Min. Hac.', 'Contribuir al desarrollo y concreción de los proyectos del gobierno mediante una gestión eficiente que garantice la generación de recursos, la optimización de gastos, la coordinación de recursos humanos y la simplificación de los procedimientos.', 'MHGC'),
	(14, 'Ministerio de Justicia y Seguridad', 'Min. Just. Y Seg.', '', 'MJYSGC'),
	(15, 'Ministerio de Modernización, Innovación y Tecnología', 'Min. Mod.', 'Convertir a CABA en el eje impulsor de innovación del país y en la capital de innovación de América Latina. Duplicar el impacto que el turismo tiene en el desarrollo económico de CABA. Organizar los mejores juegos olímpicos de la juventud de la historia. Hacer de CABA la mayor usina emprendedora y de trabajo productivo de América Latina. Articular la mayor inversión público privada de la historia de una gestión en CABA. ', 'MMIYTGC'),
	(16, 'Ministerio de Salud', 'Min. Sal.', 'Sistema de Salud en Red con priorización de la APS basado en las necesidades y la participación de la comunidad, brindando servicios de calidad en forma eficiente con incremento en los niveles de satisfacción del ciudadano.', 'MSGC'),
	(17, 'Procuración General', 'Proc. Gral.', '', 'PG'),
	(18, 'Secretaría de Cultura Ciudadana y Función Pública', 'Sec. Cult. Ciud. Y Fun. Publ.', 'Promover los cambios culturales necesarios en la implementación de políticas públicas que contribuyan a tener una organización alineada con un servicio de calidad y la buena convivencia entre vecinos, a fin de lograr que BA sea el mejor lugar para vivir.', 'SECCCYFP'),
	(19, 'Secretaría de Desarrollo Ciudadano (Vicejefatura)', 'Sec. Des. Ciud.', '', 'SECDC'),
	(20, 'Secretaría de Descentralización', 'Sec. Desc.', 'Consolidar la presencia del Estado a través de Comunas abiertas, democráticas y participativas. Los pilares serán la cercanía y calidez en la atención al vecino y garantizar la constancia en la prosecución de los objetivos preestablecidos.', 'SECDES'),
	(21, 'Secretaría General y Relaciones Internacionales', 'Sec. Gral. Y Rel. Int.', 'Contribuir al logro del mejor gobierno de la historia de la Ciudad', 'SGYRI'),
	(22, 'Secretaría de Integración Social y Urbana - Villa 31', 'Sec. Int. Soc Y Urb.', 'Diseñar estrategias, planes, políticas y proyectos vinculados a la integración urbana, social y económica Retiro – Puerto y de las Villas 31 y 31bis, coordinando pautas y acciones comunes con los actores comunitarios y otros organismos de orden municipal y nacional en el ejercicio del proyecto de urbanización y de inclusión socioeconómica; generando herramientas para que sus habitantes puedan desarrollar sus proyectos de vida', 'SECISYU'),
	(24, 'Secretaría de Planificación, Evaluación y Coordinación de Gestión', 'Sec. Plan. Ev. Y Cont. Gest.', '', 'SECPECG'),
	(25, 'Sindicatura General de la Ciudad de Buenos Aires', 'Sind. Gral.', 'Acompañar la gestión de gobierno, asegurando un Sistema de Control Interno que genere y consolide todas las medidas de gobierno para gestionar anticipadamente los riesgos  de la administración y aumentar las probabilidades de alcanzar los objetivos y metas establecidas por el Jefe de Gobierno en los aspectos normativos y transparencia de la gestión.', 'SGCBA'),
	(26, 'Subsecretaría de Comunicación', 'Subs. Comun.', 'Cominicación directa y personalizada con el vecino.', 'SSCOMUNIC'),
	(27, 'Subsecretaría de Contenidos', 'Subs. Cont.', 'Lograr una buena percepción, por parte de los vecinos, de la Ciudad y de su Gobierno', 'SSCON'),
	(28, 'Subsecretaría de Coordinación y Promoción de Eventos', 'Subs. Coord. Y Prom. Ev.', 'Posicionar a la Ciudad como polo generador de eventos unicos gratuitos para los vecinos, que fomenten el encuentro, la participación y la concientización.', 'SSCYPE'),
	(29, 'Subsecretaría de Demanda Ciudadana, Calidad y Cercanía', 'Subs. Dem. Ciud. Cal. Y Cerc.', 'Escuchar, Conocer e Interpretar al Ciudadano,  sus Demandas y Necesidades desde una fuerte Política de Cercanía, con un Seguimiento y Control de la Respuesta que damos como Gobierno, midiendo su Calidad y la Satisfacción del vecino.', 'SSDCCYC'),
	(30, 'Subsecretaría de Sistemas y Procesos', 'Subst. Sist. Y Proc.', 'Participar en forma activa en el diseño y la coordinación de la políticas de transformación y modernización en las distintas áreas del gobierno y proponer normas en esta materia. Organizar y coordinar con todas las dependencias del Poder Ejecutivo, la infraestructura informática, de telecomunicaciones y de los sistemas de información como así también los procesos operativos y de gestión.', 'SSSYP'),
	(31, 'Ente Autarquico Teatro Colón', 'T. Colón', 'La misión del Teatro Colón es brindar una programación con un alto nivel de excelencia y calidad artística. El Teatro debe llevar a cabo este encargo velando por el interés cultural, artístico y social de su programa; permitiendo una profunda integración con la sociedad toda.', 'EATC');
/*!40000 ALTER TABLE `jurisdiccion` ENABLE KEYS */;

-- Dumping data for table proyectos_ba_generated.objetivo_jurisdiccional: ~136 rows (approximately)
DELETE FROM `objetivo_jurisdiccional`;
/*!40000 ALTER TABLE `objetivo_jurisdiccional` DISABLE KEYS */;
INSERT INTO `objetivo_jurisdiccional` (`idObjetivoJurisdiccional`, `idJurisdiccion`, `codigo`, `nombre`, `idJurisdiccionAux`) VALUES
	(1, 1, 'AGC.2', 'Incrementar 4 puntos porcentuales el cumplimimiento de las normas por parte de los vecinos de la ciudad de buenos aires medido por la proporcion de las fiscalizaciones SIN IRREGULARIDADES para 2019.', 1),
	(2, 1, 'AGC.3', 'Incrementar, para 2019, la satisfaccion del administrado que realiza tramites dentro de la AGC a 7 medido por el indice de satisfaccion calculado mediante encuestas.', 1),
	(3, 2, 'BCBA.1', 'Para 2019, lograr un crecimiento en la asistencia crediticia a Pymes y Mypes (con énfasis en empresas que promuevan la tecnología y la innovación) logrando superar los 5.000 clientes y alcanzando un market share de préstamos a empresas del 3,5% del mercad', 2),
	(4, 2, 'BCBA.2', 'Brindar servicios bancarios ágiles, accesibles y de calidad a más ciudadanos, logrando para 2019 que el 15% de la población activa de CABA sea un cliente que consuma con las tarjetas de crédito o débito del Banco (2015: 11%) y superando el 4,25 (sobre 5) ', 2),
	(5, 2, 'BCBA.3', 'Mantener el valor real del patrimonio neto, alcanzando un ROE positivo en términos reales en 2019 (ROE mayor a la inflación).', 2),
	(6, 2, 'BCBA.4', 'Para 2019, alcanzar un 16% de market share de préstamos hipotecarios ofreciendo alternativas accesibles de financiamiento a la vivienda para familias y promover la inclusión financiera de los segmentos de bajos ingresos instalando posiciones del Banco en ', 2),
	(7, 2, 'BCBA.5', 'Para 2019, alcanzar las 80 sucursales y realizar un 88% de operaciones por canales electrónicos (cajeros automáticos, terminales de autoservicio, homebanking y aplicaciones móviles) para lograr cercanía tanto con presencia física como a través de canales ', 2),
	(8, 31, 'EATC.1', 'Solventar los Gastos Variables de la Temporada 2017 con Recursos Propios', 31),
	(9, 31, 'EATC.2', 'Continuar ofreciendo una temporada artística de nivel y calidad aumentado en 5 % la cantidad de abonados para Temporada 2017; alcanzando un 10 % para la Temporada 2018', 31),
	(10, 31, 'EATC.3', 'Profundizar la integración del Teatro con la sociedad, incrementado un 17 % la cantidad de funciones gratuitas y populares dentro y fuera de la sala durante 2017 , alcanzando un nivel de ocupacion de sala del 85 %', 31),
	(11, 31, 'EATC.4', 'Continuar formando artistas del máximo nivel aumentando para 2019 un 15% la cantidad de alumnos del ISA ( 5% anual)', 31),
	(12, 4, 'MAYEPGC.1', 'Consolidar a la ciudad de Buenos Aires como una "ciudad a escala humana" mejorando la calidad y/o uso de los espacios públicos a traves de la implementación de las acciones necesarias para promover la satisfacción y disfrute de los vecinos con respecto al', 4),
	(13, 4, 'MAYEPGC.2', 'Para 2019, mejorar en un 5% los estándares ambientales de la Ciudad de Buenos Aires, medido en un único Indicador de Calidad Ambiental (ICA) que contemplará, entre otras variables; aire, agua, suelo, urbanismo y evolución sociodemográfica. En 2030, esa ci', 4),
	(14, 4, 'MAYEPGC.3', 'Lograr que la ciudad esté más limpia.  Instrumentos de medición: - Índice de calidad de limpieza (trimestral): Elaboración de estándard de limpieza, análisis por comuna. "x" % de cuadras cumplen con el estándar de limpieza. (en diciembre tendremos los re', 4),
	(15, 4, 'MAYEPGC.4', 'Que la ciudadanía acceda a un Espacio Público conservado y accesible, mejorando la transitabilidad vial y peatonal en un XX% para 2019.', 4),
	(16, 4, 'MAYEPGC.5', 'Se desarrollaran proyectos que restauren y reconstruyan el tejido físico de la Ciudad y su patrimonio caratulando 51 proyectos de Regeneración Urbana en el 2017, dando respuesta a los problemas sociales y económicos de la Ciudad de una manera integrada. ', 4),
	(17, 4, 'MAYEPGC.6', 'Promover el bienestar animal y la tenencia responsable de mascotas y contribuir con la convivencia armónica en el espacio público, incrementando en un 40% el número de castraciones de perros y gatos, machos y hembras y realizando 9 eventos educativos masi', 4),
	(18, 4, 'MAYEPGC.7', 'Servicio eficiente de recolección de húmedos y secos. Mayor capacidad de tratamiento de residuos secos. Medición de recolección de húmedos: Promedio de toneladas diarias enterradas en CEAMSE. Objetivo 2017: "X" toneladas promedio de material diario enterr', 4),
	(19, 4, 'MAYEPGC.8', 'Que la Ciudad sea un XX% más sustentable en 2019, mediante la implementación de tecnología LED y paneles solares', 4),
	(20, 4, 'MAYEPGC.9', 'Garantizar una mejor calidad de vida a la ciudadanía, mediante la optimización de las tecnologías para prevenir y reducir el impacto de las inundaciones en un XX% para 2019.', 4),
	(21, 9, 'MCGC.1', 'En el año 2017 garantizar la actividad de teatros, clubes de música y centros culturales independientes de la Ciudad de Buenos Aires, a  través de mesas de diálogo, posibilitando las habilitaciones  correspondientes, y agilizando la asignación de fondos e', 9),
	(22, 9, 'MCGC.2', 'Superar en 2017 el millón de personas espectadoras en los corsos y carnavales, las Noches de la Ciudad y milongas de las 15 comunas porteñas.', 9),
	(23, 9, 'MCGC.3', 'Para 2018 aumentar en un 5% la audiencia de nuevos públicos en las actividades culturales de las 15 comunas de la Ciudad a través de 300 actividades nuevas para niños, jóvenes y adultos en los 36 centros culturales dependientes del gobierno de la Ciudad, ', 9),
	(24, 9, 'MCGC.4', 'En 2017, renovar la diagramación cultural de la Ciudad, activando una participación de más de 100.000 personas en la Usina del Arte, más de 200.000 jóvenes menores de 30 años en el Centro Cultural Recoleta, el desarrollo de programas para el Distrito de l', 9),
	(25, 9, 'MCGC.5', 'Aumentar la circulación del trabajo artístico de jóvenes menores de 30 años en el territorio nacional a partir de la realización de Festivales de música y de ampliar los artistas involucrados para Bienal Arte Joven en el año 2017.', 9),
	(26, 9, 'MCGC.6', 'Implementar 50 nuevas asignaturas en los planes académicos de los dos Conservatorios y los dos Institutos de Música dependientes del gobierno de la Ciudad, y programar conciertos de docentes y alumnos mensuales.', 9),
	(27, 10, 'MHYDHGC.1', 'Asegurar la integralidad y eficacia de las prestaciones', 10),
	(28, 10, 'MHYDHGC.2', 'Crear las condiciones que garanticen la inclusión social y la participación comunitaria a través de la gestión social del Hábitat en villas, asentamientos y su entorno inmediato.', 10),
	(29, 10, 'MHYDHGC.3', 'Garantizar la Igualdad de Oportunidades', 10),
	(30, 10, 'MHYDHGC.4', 'Respuesta ante las situaciones de emergencia social', 10),
	(31, 5, 'MDUYTGC.1', 'Continuar con la Implementación del Plan Hidráulico, aumentando en "X" M3 la capacidad de recepción de los ductos y extendiendo "X" la cantidad de Metros líneales (Ml) de ductos', 5),
	(32, 5, 'MDUYTGC.3', 'Fomentar la ejecución de proyectos público-privados, incrementando la cartera de proyectos del Ministerio, mediante un aumento-si corresponde- de las licitaciones que tengan un potencial uso/usufructo privado en alguna de sus instancias.', 5),
	(33, 5, 'MDUYTGC.5', 'Modernizar la gestión y la atención al vecino, mediante la reducción de los tiempos de trámite por parte del vecino.', 5),
	(34, 5, 'MDUYTGC.7', 'Promover el desarrollo sostenible de la Ciudad de Bs.As. mediante la implementación de obras de regeneración urbana, alcanzando "X" M2 nuevos de aceras y "Y" M2 espacio verde por persona.', 5),
	(35, 5, 'MDUYTGC.8', 'Ejecución de obras Juegos Olímpicos, mediante la implementación del 100% de avance físico , que incluye las obras de vivienda, de infraestructura deportiva, etc)', 5),
	(36, 7, 'MDUYTGCSBASE.1', 'Mejorar y extender la red de subterráneos mediante la mejora de la frecuencia de las formaciones, la extensión de la red de subterráneos, el incremento de la cantidad de pasajeros y la satisfacción de los mismos.', 7),
	(37, 8, 'MDUYTGCSTRANS.1', 'Mejorar el transporte público en superficie, mediante la estimación del funcionamiento de la red de Metrobúses en la hora pico; la cantidad de usuarios del sistema público de bicicletas; la reducción de la cantidad de víctimas fatales en los corredores de', 8),
	(38, 11, 'MEGC.1', 'Asegurar la equidad educativa: Ampliando la cobertura educativa en niños, con 30 nuevas escuelas con sala de 3 años, para que puedan alcanzar su máximo potencial; Logrando que el IVE del 100% de las escuelas de todos los sectores de gestión y niveles de e', 11),
	(39, 11, 'MEGC.2', 'Asegurar la sustentabilidad del sistema educativo: Eliminando al 2019 los edificios escolares dependientes del ME-GCBA con infraestructura en estado crítico, reduciendo en 18,9 puntos el % de edificios escolares en estado regular, aumentando en 24 puntos ', 11),
	(40, 11, 'MEGC.3', 'Mejorar la Calidad Educativa: Duplicando para 2019 el número de alumnos con conocimientos avanzados de matemática en las escuelas públicas de gestión estatal (Compromiso HRL) ; Reduciendo al 2019 en 8 puntos el % de estudiantes de 7° grado de primaria de ', 11),
	(41, 11, 'MEGC.4', 'Orientar la escuela hacia el futuro capacitando al 100% de los docentes en las habilidades necesarias para una escuela orientada hacia el futuro.', 11),
	(42, 12, 'MGOBGC.1', 'Aumentar la percepción de una cultura metropolitana sin límites políticos entre las jurisdicciones que integran el AMBA, para los próximos tres años, en foco a seguridad, vivienda, salud, medio ambiente y puesta en valor de accesos de ingreso y egreso a l', 12),
	(43, 12, 'MGOBGC.2', 'Asegurar la representación de la Ciudad, durante los próximos tres años, en entornos de gestión y toma de decisión que involucren organismos interjurisdiccionales, autárquicos, demás organizaciones', 12),
	(44, 12, 'MGOBGC.3', 'Potenciar el ejercicio pleno de la autonomía, durante los próximos tres años, a través de la detección y traspaso de las competencias y bienes en posesión del Estado Nacional o Provincial que deberían estar bajo la órbita de la Ciudad', 12),
	(45, 12, 'MGOBGC.4', 'Fomentar las relaciones con las provincias y municipios, durante los próximos tres años, a través de la difusión cultural, artística, educativa y turística de la Ciudad, con el fin de fortalecer el vinculo con los gobiernos, representantes legislativos y ', 12),
	(46, 12, 'MGOBGC.5', 'Generar el consenso con el Poder Legislativo de la Ciudad, durante estos próximos tres años, mediante el trabajo en equipo en las comisiones de la Legislatura, para promover, fortalecer y mejorar la creación de leyes beneficiosas para el desarrollo de la ', 12),
	(47, 12, 'MGOBGC.6', 'Durante los próximos tres años, potenciar la gestión innovadora y transparente, a través de la redacción de proyectos de reforma en materia política electoral, de la creación de nuevos canales de atención ciudadana y del fortalecimiento del acceso a la In', 12),
	(48, 13, 'MHGC.1', 'Consolidar alternativas de financiamiento de corto y largo plazo destinadas a cubrir necesidades financieras del presupuesto anual y de los proyectos estratégicos garantizando un perfil de deuda sostenible para la Ciudad Autónoma de Buenos Aires.', 13),
	(49, 13, 'MHGC.2', 'Contribuir al desarrollo de servidores públicos comprometidos y orientados a brindar servicios de calidad a los ciudadanos, mediante estructuras organizativas y dotaciones ajustadas a las necesidades de la gestión, alcanzando el 50% de cargos de régimen g', 13),
	(50, 13, 'MHGC.3', 'Consolidar un modelo de programación económica para el periodo 2017-2019 que permita una mejora continua en la calidad de información para la toma de decisiones mediante informes y proyecciones de ingresos, gastos y variables macroeconómicas.', 13),
	(51, 13, 'MHGC.4', 'Para el período 2017-2019, profundizar la implementación de acciones que generen alternativas de ahorros y nuevas oportunidades de ingresos no tributarios para su aplicación en el financiamiento de inversiones y proyectos estratégicos.', 13),
	(52, 13, 'MHGC.5', 'Profundizar la simplificación de procedimientos mediante la revisión de procesos y la incorporación de nuevas herramientas tecnológicas que garanticen eficiencia y agilidad en la gestión operativa, económica y financiera, y en la interacción con ciudadano', 13),
	(53, 13, 'MHGC.6', 'Para el período 2017-2019, incrementar en forma sostenida anual un (xx%) los ingresos tributarios mediante la implementación de políticas que aumenten la percepción del riesgo y fortalezcan la inteligencia fiscal y a través del desarrollo de acciones que ', 13),
	(54, 14, 'MJYSGC.1', 'Promover el control institucional', 14),
	(55, 14, 'MJYSGC.2', 'Velar por la convivencia y la seguridad ciudadana', 14),
	(56, 14, 'MJYSGC.3', 'Afianzar la coordinación, integración y efectividad de la gestión territorial de las emergencias', 14),
	(57, 14, 'MJYSGC.4', 'Implementar el proceso de transferencia de funciones y facultades de seguridad no federales ejercidas en la CABA', 14),
	(58, 15, 'MMIYTGC.1', 'Para 2019, incrementar en un 5% las empresas de base científico tecnológica en la Ciudad, teniendo en cuenta las patentes licenciadas, medido según datos de instituciones educativas y de investigación (UBA, CONICET, INTA, INIS, DGCYT, MINCYT)', 15),
	(59, 15, 'MMIYTGC.2', 'Hasta octubre de 2018, promover el Desarrollo Sustentable en la Zona Sur de la Ciudad de Buenos Aires, en los ejes social, económico y ambiental.', 15),
	(60, 15, 'MMIYTGC.3', 'Para 2019, aumentar un 20% la Tasa de Actividad Emprendedora de la Ciudad, y en un 12% la cantidad de emprendimientos por oportunidad medido según el Global Entrepreneurship Monitor', 15),
	(61, 15, 'MMIYTGC.6', 'Para 2019, tener acceso al 100% de la información y trámites de la Ciudad, vía web, y poder transaccionar el 50% a través de un teléfono móvil', 15),
	(62, 15, 'MMIYTGC.7', 'Aumentar para el 2019 el gasto promedio de viaje por turista extranjero en CABA en 35% acumulado. (gasto promedio en pesos corrientes)', 15),
	(63, 15, 'MMIYTGC.8', 'Para octubre de 2018, incrementar el número de adolescentes de la Ciudad de Buenos Aires que practican deportes y/o actividad física regularmente.', 15),
	(64, 15, 'MMIYTGC.9', 'Para 2019, incrementar en un 15% la participación de las industrias creativas en el PBI de la CABA, medido según la Dirección General de Estadísticas y Censos de la Ciudad.', 15),
	(65, 15, 'MMIYTGC.10', 'Aumentar para el 2019 en un XX% la cantidad de llegadas de turistas extranjeros a CABA', 15),
	(66, 15, 'MMIYTGC.11', 'Destinar el producido de al menos el 50% de la inversión público privada gestionada hasta el 2019 a proyectos con alto impacto social (proyectos desarrollados en las comunas 1, 4, 7, 8, 9, 11 y 15)', 15),
	(67, 15, 'MMIYTGC.12', 'Para 2019, aumentar un XX % el ecosistema local emprendedor que motorice la innovación y potencie el crecimiento de emprendimientos en CABA, ponderando el presupuesto asignado al emprendedurismo en la Ciudad, la cantidad de emprendedores en CABA y cantida', 15),
	(68, 15, 'MMIYTGC.13', 'Para 2019 alcanzar un 60% de percepción de innovación del Gobierno de la Ciudad (Muy innovador + Bastante innovador) entre los vecinos en base a Informe Innovación GCBA.', 15),
	(69, 15, 'MMIYTGC.14', 'Reducir para el 2019 al menos un 20% la brecha de desempleo entre las comunas (*).', 15),
	(70, 15, 'MMIYTGC.15', 'Para 2019, aumentar en un 20% la participación de las iniciativas sociales y empresas de la denominada Economía Colaborativa en la economía local, según el informe del Observatorio de Economía Creativa', 15),
	(71, 15, 'MMIYTGC.16', 'Para octubre de 2018, haber difundido los valores olímpicos de Amistad, Respeto y Excelencia en los niños y jóvenes de la Ciudad de Buenos Aires.', 15),
	(72, 15, 'MMIYTGC.17', 'Posicionar en los proximos 4 años a Buenos Aires entre las 10 ciudades mas atractivas del mundo según los rankings Trip Advisor', 15),
	(73, 15, 'MMIYTGC.18', 'Aumentar para 2019 la inversión privada en la CABA en un 10% en términos reales.', 15),
	(74, 15, 'MMIYTGC.19', 'Canalizar entre 2016 y 2019 (ambos inclusive) 500 millones de pesos de inversión privada, en particular de emprendedores y PyMEs, a través de instrumentos de innovación financiera (un instrumento de innovación financiera es una herramienta de financiación', 15),
	(75, 15, 'MMIYTGC.20', 'Para 2019, medir y compensar el 30% de la Huella de Carbono de GCBA.', 15),
	(76, 15, 'MMIYTGC.21', 'Incrementar la cantidad de puestos de trabajo de la Industria Turistica en caba para el 2019 en un 10,3%', 15),
	(77, 15, 'MMIYTGC.22', 'Entre el 2017 y 2019 brindar conectividad via sistemas de gobierno (Wifi, Totems, MiBa, etc) a un 30% de los ciudadanos que habitan en zonas vulnerables (comunas 1, 4, 7, 8, 9, 11 y 15)', 15),
	(78, 15, 'MMIYTGC.23', 'Para 2019, incrementar en un XX% los desarrollos tecnológicos transferidos, medido según datos de instituciones educativas y de investigación. (UBA, CONICET, INTA, INIS, DGCYT, MINCYT)', 15),
	(79, 15, 'MMIYTGC.24', 'Para el 2019, incrementar 5 % la cantidad de empresas exportadoras de servicios, según los datos del informe de exportación de servicios realizado por el área en conjunto con consultora.', 15),
	(80, 15, 'MMIYTGC.25', 'Para 2019, aumentar en un 20% la participación de MIPEs,Emprendimientos (SAS), Empresas Sociales (SBIC), Cooperativas, Oscs y Fundaciones y Talleres Protegidos, en las compras públicas de la Ciudad, según el Registro Informatizado de Compras y Contratacio', 15),
	(81, 15, 'MMIYTGC.26', 'Aumentar para 2019 un 30% la satisfacción de las Pymes en la interacción con GCBA.', 15),
	(82, 15, 'MMIYTGC.27', 'Para 2019, incrementar el posicionamiento de la Ciudad del 4to al 3er puesto a nivel LATAM, medido según el índice de ciudades innovadoras.', 15),
	(83, 15, 'MMIYTGC.28', 'Duplicar la cantidad de empresas radicadas en distritos para 2019.', 15),
	(84, 15, 'MMIYTGC.29', 'Para 2019 posicionar al GCBA en el primer lugar de Ciudades con información abierta de Argentina (Argentina Open Data Census).', 15),
	(85, 16, 'MSGC.1', 'Promover e implementar acuerdos y planificación intersectorial con otros instituciones de gobierno, no gubernamentales, comunitarias y otras jurisdicciones para avanzar en estrategias intersectoriales para el fortalecimiento de las políticas sanitarias', 16),
	(86, 16, 'MSGC.2', 'Fortalecer la red pública de cuidados integrales a través de la mejora en la red del primer nivel de atención incorporando nuevos centros de salud y optimizando la atención con la implementación de nuevos equipos de salud y la informatización de los siste', 16),
	(87, 16, 'MSGC.3', 'Fortalecer y perfilar la especialización de la red de hospitales a través del diseño del "Plan Hospitales 2030” a partir del concepto de redes integradas de salud, priorizando la ejecución y finalización de obras y fortaleciendo la asignación de RRHH', 16),
	(88, 16, 'MSGC.4', 'Mejorar el desempeño económico del sistema público de salud, haciendo más eficiente los gastos hospitalarios, optimizando la compra de medicamentos e incrementando el recupero por facturaciones a terceros', 16),
	(89, 16, 'MSGC.5', 'Mejorar y ampliar sistema de información y comunicación, integrando y fortaleciendo los sistemas existentes,con la implementación de la historia clínica única electrónica las estrategias de salud móvil y la optimización gestión de turnos en todos los efec', 16),
	(90, 18, 'SECCCYFP.1', 'Lograr para el 2019, que en Buenos Aires los vecinos seamos protagonistas de una Ciudad que disfruta del encuentro y la convivencia en el espacio público, de forma tal que el 60% de los vecinos estén muy de acuerdo con la afirmación “En la Ciudad de Bueno', 18),
	(91, 18, 'SECCCYFP.2', 'Para 2019, lograr una organización alineada con el valor de servicio, reflejada en una relación de calidad hacia el vecino y una cultura interna consolidada en los valores del GCBA; lo cual se evidenciaría con la medición de Barret, pasando del nivel 4 (t', 18),
	(92, 19, 'SECDC.1', 'Desarrollo familiar de los vecinos de la ciudad', 19),
	(93, 19, 'SECDC.2', 'Desarrollo gastronómico de la Ciudad de Buenos Aires', 19),
	(94, 19, 'SECDC.3', 'Estimular la formación vocacional y profesional de los jóvenes de la Ciudad desde un abordaje integrador', 19),
	(95, 19, 'SECDC.4', 'Instalar a la familia como valor social', 19),
	(96, 19, 'SECDC.5', 'Posicionar a Buenos Aires como la ciudad con mejores indicadores en conductas saludables de la juventud en Latinoamérica', 19),
	(97, 19, 'SECDC.6', 'Posicionar a la Ciudad de Buenos Aires como referente en la defensa y promoción de los Derechos Humanos; haciendo eje en la convivencia, el diálogo, el encuentro, la inclusión y el pluralismo cultural', 19),
	(98, 19, 'SECDC.7', 'Prevención de obesidad y sobrepeso infantil; promoción de hábitos saludables en la población.', 19),
	(99, 19, 'SECDC.9', 'Promover la actividad física como derecho y contenido de la calidad de vida de toda la población', 19),
	(100, 19, 'SECDC.10', 'Promover las distintas expresiones de la juventud aumentando su participación y relevancia en la vida de los vecinos de la Ciudad', 19),
	(101, 19, 'SECDC.11', 'Promover las relaciones interjurisdiccionales', 19),
	(102, 20, 'SECDES.1', 'Posicionar a las Comunas como primer referente de Gobierno ante las demandas ciudadanas y como promotor de espacios para la participación de la comunidad en el desarrollo local. Indicadores: Q de reuniones de CCI, Q programas de GCBA implementados en las ', 20),
	(103, 20, 'SECDES.2', 'Desarrollar sedes comunales con espacios adecuados para el funcionamiento de los servicios desconcentrados y mejorar la calidad en la atención al vecino en las 15 Comunas. Indicadores: Q servicios brindados, calidad de atención (índice de satisfacción), Q', 20),
	(104, 20, 'SECDES.3', 'Mejorar los espacios públicos comunales y los espacios verdes descentralizados en respuesta a las demandas y necesidades vecinales. Indicadores: Q baldíos higienizados, m2 higienizados, Q baches (m3, toneladas), Q capacitaciones y Q personal capacitado, Q', 20),
	(105, 20, 'SECDES.4', 'Unieron este objetivo con el de "Acercar a la comuna..." y generaron un solo objetivo estratégico para los dos.', 20),
	(106, 20, 'SECDES.5', 'Coordinar y monitorear la descentralización de las competencias exclusivas y ejecutar las competencias concurrentes con las Comunas, para mejorar el desempeño en la prestación de servicios.  Indicadores: Q de intervenciones realizadas (totales y x comunas', 20),
	(107, 22, 'SECISYU.1', 'Garantizar que la totalidad de los residentes del barrio habiten viviendas con una ventilación, iluminación, instalaciones eléctricas, sanitarias y edilicias adecuadas para 2019. Para fines de 2017 se completará de 35% de lo planeado y para fines de 2018 ', 22),
	(108, 22, 'SECISYU.2', 'Formalizar la totalidad de la actividad comercial en el barrio para 2019', 22),
	(109, 22, 'SECISYU.3', 'Garantizar que la totalidad de los residentes del barrio cuenten con acceso a los servicios públicos básicos de calidad (recolección de residuos, agua, electricidad, cloacas, alumbrado público y asfaltado de calles) su mantenimiento y un espacio público a', 22),
	(110, 22, 'SECISYU.4', 'Garantizar que los habitantes del barrio tengan acceso a los servicios sociales, de salud y educación públicos para 2019.', 22),
	(111, 21, 'SGYRI.1', 'Apoyar las prioridades estratégicas de gobierno y agendas transversales e interjurisdiccionales', 21),
	(112, 21, 'SGYRI.2', 'Impulsar un plan sistemático de relaciones del gobierno con actores políticos, sociales y privados', 21),
	(113, 21, 'SGYRI.3', 'Proyectar internacionalmente la ciudad, la gestión de gobierno y la figura del jefe de gobierno.', 21),
	(114, 25, 'SGCBA.1', 'Mejoramiento y Consolidación del Sistema de Control Interno del Gobierno de la Ciudad de Buenos Aires.', 25),
	(115, 25, 'SGCBA.2', 'Profundizar la eficiencia y buenas prácticas en todos los procesos de Auditoría de la Sindicatura General y las Unidades de Auditoría Interna', 25),
	(116, 25, 'SGCBA.3', 'Fortalecimiento del vínculo del Control Interno con los Ministerios y Organismos Descentralizados.', 25),
	(117, 25, 'SGCBA.4', 'Promover la excelencia académica y profesional de todos los agentes de la Sindicatura General y la Unidades de Auditoría Interna.', 25),
	(118, 26, 'SSCOMUNIC.2', 'Fomentar la participación ciudadana con el objeto de que el 70% de la población conozca el proyecto y el 30% participe, en un plazo de 2 años.', 26),
	(119, 27, 'SSCON.1', 'Colaborar en el posicionamiento del GCBA y el Jefe de Gobierno mediante la generación de contenidos de comunicación.', 27),
	(120, 28, 'SSCYPE.1', 'Fomentar el encuentro, la participación y la concientización, incrementando un 25% la cantidad de eventos realizados respecto del año anterior y aumentando un 10% la cantidad de asistentes para 2019.', 28),
	(121, 29, 'SSDCCYC.1', 'Lograr la resolución eficiente de las solicitudes de los vecinos alcanzando un 90 % de cumplimiento de los SLA establecidos .', 29),
	(122, 29, 'SSDCCYC.2', 'Garantizar la calidad y eficiencia de la respuesta y atención del gobierno a las demandas ciudadanas, aumentando o logrando un total de 6 servicios certificados por Normas ISO. Alcanzando un 90 % de cumplimiento de los SLA establecidos y un 85 % de satisf', 29),
	(123, 29, 'SSDCCYC.3', 'Mejorar la Calidad de Atencion en las Areas que brindan servicios y tramites , en salud y comisarias logrando un 85 % de satisfacción del vecino, optimizando los sistemas y promoviendo la autogestión. Incorporaremos dos nuevos Canales de atención', 29),
	(124, 29, 'SSDCCYC.5', 'Promover y Proteger los derechos de los consumidores atendiendo al 100% de las denuncias, solucionando el 75 % de las controversias en instancia de conciliación y sancionando al 100% de las empresas que reincidan en prácticas comerciales abusivas', 29),
	(125, 30, 'SSSYP.2', 'Fortalecer la seguridad del acceso y custodia de los activos informáticos, previniendo el 99,9% de ataques detectados.', 30),
	(126, 30, 'SSSYP.3', 'Garantizar los niveles de servicio, logrando que XX% de la infraestructura e integración de sistemas cumplan con los estandares establecidos e Y% de satisfacción de usuarios acordados en SLA.', 30),
	(127, 30, 'SSSYP.4', 'Generar eficiencia y transparencia en la gestion interna y en el servicio al ciudadano, logrando que X% de los servicios/trámites planificados cumplan con los tiempos óptimos establecidos para 2019.', 30),
	(128, 6, 'MDUYTGCIVC.1', 'Para el 2019, reducir el déficit habitacional en CABA en un 13%, a través de la construcción de viviendas nuevas y mejoramiento en viviendas existentes en villas, complejos bajo la órbita del IVC y conventillos de la Boca.', 6),
	(129, 6, 'MDUYTGCIVC.2', 'Para el 2019, reducir el déficit habitacional cuantitativo en CABA en un 10%, a través del otorgamiento de créditos individuales y colectivos', 6),
	(130, 6, 'MDUYTGCIVC.3', 'Para el 2019, reducir la tenencia irregular de viviendas en CABA en un 5,4%, a través de la regularización dominial de viviendas nuevas y unidades funcionales administradas por el IVC.', 6),
	(131, 17, 'PG.1', 'Asegurar la continuidad de servicios jurídicos gratuitos a favor de la comunidad', 17),
	(132, 17, 'PG.2', 'Aumentar la recaudación y reducir los tiempos de cobro en los casos en que el GCBA actúe como demandante', 17),
	(133, 17, 'PG.3', 'Brindar asesoramiento oportuno sobre proyectos o iniciativas de actos administrativos que luego deban someterse a dictamen de la PG', 17),
	(134, 17, 'PG.4', 'Contribuir a disminuir la conflictividad y los costos por las demandas entabladas en contra del GCBA ', 17),
	(135, 17, 'PG.5', 'Mejorar la calidad profesional mediante la implementación de buenas prácticas y la capacitación permanente de los integrantes de la PG', 17),
	(136, 17, 'PG.6', 'Realizar un seguimiento acerca de los juicios más relevantes del GCBA', 17);
/*!40000 ALTER TABLE `objetivo_jurisdiccional` ENABLE KEYS */;


-- Dumping data for table proyectos_ba_generated.archivos_proyecto: ~0 rows (approximately)
DELETE FROM `archivos_proyecto`;
/*!40000 ALTER TABLE `archivos_proyecto` DISABLE KEYS */;
/*!40000 ALTER TABLE `archivos_proyecto` ENABLE KEYS */;

-- Dumping data for table proyectos_ba_generated.area: ~371 rows (approximately)
DELETE FROM `area`;
/*!40000 ALTER TABLE `area` DISABLE KEYS */;
INSERT INTO `area` (`idArea`, `idJurisdiccion`, `nombre`) VALUES
	(1, 1, 'Unidad de Prensa y Comunicación Institucional'),
	(2, 1, 'Unidad de Auditoría Interna'),
	(3, 1, 'Jefatura de Gabinete'),
	(4, 1, 'Dirección General Legal y Técnica'),
	(5, 1, 'Unidad de Coord. General'),
	(6, 1, 'Unidad de Gestión de la Información y Coordinación Operativa'),
	(7, 1, 'Unidad de Coordinación Administrativa'),
	(8, 1, 'Unidad de Sistemas Informáticos y Procesos'),
	(9, 1, 'Dirección General de Habilitaciones y Permisos'),
	(10, 1, 'Dirección General de Fiscalización y Control'),
	(11, 1, 'Dirección General de Fiscalización y Control de Obras'),
	(12, 1, 'Dirección General de Higiene y Seguridad Alimentaria'),
	(13, 2, 'Banco Ciudad de Buenos Aires'),
	(14, 3, 'Corporación Bs. As. Sur'),
	(15, 31, 'Ente Autárquico Teatro Colón'),
	(16, 4, 'Secretaría de Uso del Espacio Público'),
	(17, 4, 'Secretaría de Higiene Urbana'),
	(18, 4, 'Secretaría de Mantenimiento del Espacio Público'),
	(19, 4, 'Dirección General de Mantenimientos y Talleres'),
	(20, 4, 'Dirección General de Ferias y Mercados'),
	(21, 4, 'Dirección General de Ordenamiento del Espacio Público'),
	(22, 4, 'Dirección General de Fiscalización del Espacio Público'),
	(23, 4, 'Dirección General de Regeneración Urbana'),
	(24, 4, 'Dirección General de Obras de Regeneración Urbana'),
	(25, 4, 'Dirección General de Cementerios'),
	(26, 4, 'Dirección General de Alumbrado'),
	(27, 4, 'Dirección General de Espacios Verdes'),
	(28, 4, 'Dirección General de Sistema Pluvial'),
	(29, 4, 'Dirección General de Limpieza'),
	(30, 4, 'Dirección General de Tratamiento y Nuevas Tecnologías'),
	(31, 4, 'Dirección General de Recilado'),
	(32, 4, 'Dirección General de Técnica, Administrativa y Legal'),
	(33, 4, 'Dirección General de Control de Gestión'),
	(34, 4, 'Dirección General de Comunicación'),
	(35, 4, 'Dirección General de Planificación y Presupuesto'),
	(36, 4, 'Unidad de Auditoría Interna'),
	(37, 4, 'Ente de Mantenimiento Urbano Integral'),
	(38, 4, 'Ente de Higiene Urbana'),
	(39, 4, 'Agencia de Protección Ambiental'),
	(40, 4, 'Unidad de Coordinación General de Control de Gestión'),
	(41, 4, 'Unidad de Auditoría Interna'),
	(42, 4, 'Unidad de Coordinación General de Gestión Ambiental'),
	(43, 4, 'DG de Evaluación Técnica'),
	(44, 4, 'DG de Estrategias Ambientales'),
	(45, 4, 'DG de Control Ambiental'),
	(46, 4, 'DG Técnica, Administrativa y Legal'),
	(47, 9, 'Subsecretaría de Políticas Culturales y Nuevas Audiencias'),
	(48, 9, 'Subsecretaría de Gestión Cultural'),
	(49, 9, 'Dirección General del Libro, Bibliotecas y Promoción de la Lectura'),
	(50, 9, 'Centro Cultural Gral. San Martín'),
	(51, 9, 'Centro Cultural Recoleta'),
	(52, 9, 'Dirección General de Enseñanza Artística'),
	(53, 9, 'Dirección General de Festivales y Eventos Centrales'),
	(54, 9, 'Dirección General de Música'),
	(55, 9, 'Dirección General de Promoción Cultural'),
	(56, 9, 'Complejo Teatral Ciudad de Bs. As.'),
	(57, 9, 'Dirección General de Patrimonio, Museos y Casco Histórico'),
	(58, 9, 'Dirección General Técnica, Administrativa y Legal'),
	(59, 9, 'Unidad de Auditoría Interna'),
	(60, 5, 'Consejo Asesor de Plan Urbano Ambiental'),
	(61, 5, 'Unidad de Auditoría Interna'),
	(62, 5, 'Subsecretaría de Obras'),
	(63, 5, 'Subsecretaría de Proyectos'),
	(64, 5, 'Subsecretaría de Registros, Interpretación y Catastro'),
	(65, 5, 'Subsecretaría de Planeamiento'),
	(66, 5, 'Dirección General de Obras de Ingeniería y Arquitectura'),
	(67, 5, 'Dirección General de Infraestructura Gubernamental'),
	(68, 5, 'Dirección General de Obras de Infraestructura Urbana'),
	(69, 5, 'Dirección General de Innovación Urbana'),
	(70, 5, 'Dirección General de Antropología Urbana'),
	(71, 5, 'Dirección General de Interpretación Urbanística'),
	(72, 5, 'Dirección General de Registro de Obra y Catastro'),
	(73, 5, 'Dirección General de Planeamiento Urbano'),
	(74, 5, 'Dirección General de Datos, Estadística y Proyección Urbana'),
	(75, 5, 'Dirección General de Coordinación Institucional y Comunicación'),
	(76, 5, 'Dirección General de Técnica, Administrativa y Legal'),
	(77, 5, 'Dirección General de Seguimiento de Gestión'),
	(78, 5, 'UPE Plan Hidráulico'),
	(79, 5, 'UPE Obras Red de Subterráneos'),
	(80, 5, 'UPE Villa Olímpica'),
	(81, 5, 'UPE Relocalización y Gestión Integral de Edificios del GCBA'),
	(82, 5, 'Unidad Ejecutora para la Renovación Urbana de la Traza de la ExAU'),
	(83, 5, 'Autopistas Urbanas SA (AUSA)'),
	(84, 6, 'Ministerio de Desarrollo Urbano y Transporte (IVC)'),
	(85, 7, 'Subterráneos de Bs. As. S.E.'),
	(86, 8, 'Subsecretaría de Tránsito y Transporte'),
	(87, 8, 'Subsecretaría de Movilidad Sustentable'),
	(88, 8, 'Dirección General de Planificación de la Movilidad'),
	(89, 8, 'Dirección General de Tránsito y Transporte'),
	(90, 8, 'Dirección General de Transportes Masivos de Buses Rápidos'),
	(91, 8, 'Dirección General de Movilidad Saludable'),
	(92, 8, 'Dirección General de Licencias'),
	(93, 8, 'Dirección General de Cuerpo de Agentes de Control de Tránsito y Seguridad Vial'),
	(94, 11, 'Subsecretaría de Carrera Docente'),
	(95, 11, 'Subsecretaría de Planeamiento e Innovación Educativa'),
	(96, 11, 'Subsecretaría de Coordinación Pedagógica Equidad Educativa'),
	(97, 11, 'Subsecretaría de Gestión Económico Financiera y Adm. De Recursos'),
	(98, 11, 'Dirección General de Personal Docente y no Docente'),
	(99, 11, 'Dirección General de Carrera Docente'),
	(100, 11, 'Dirección General de Educación de Gestión Privada'),
	(101, 11, 'Dirección General de Educación de Gestión Estatal'),
	(102, 11, 'Dirección General de Educación Superior'),
	(103, 11, 'Dirección General de Escuela Abierta'),
	(104, 11, 'Dirección General de Fortalecimiento de la Comunidad Educativa'),
	(105, 11, 'Dirección General de Infraestructura y Mantenimiento Escolar'),
	(106, 11, 'Dirección General de Servicios a Escuelas'),
	(107, 11, 'Dirección General de Administración de Recursos'),
	(108, 11, 'Dirección General de Escuela de Maestros'),
	(109, 11, 'Dirección General de Planeamiento Educativo'),
	(110, 11, 'Dirección General de Coordinación Legal e Institucional'),
	(111, 11, 'Dirección General de Comunicaciones y Relaciones Institucionales'),
	(112, 11, 'Dirección General de Tecnología Educativa'),
	(113, 11, 'Dirección General de Planeamiento y Control de Gestión'),
	(114, 11, 'Unidad de Evaluación Integral de la Calidad y Equidad Educativa'),
	(115, 11, 'UPE Educación para la Sustentabilidad'),
	(116, 11, 'Unidad de Auditoría Interna'),
	(117, 12, 'Subsecretaría de Gobierno'),
	(118, 12, 'Subsecretaría de Asuntos Internacionales'),
	(119, 12, 'Subsecretaría de Reforma Política'),
	(120, 12, 'Asuntos Legislativos'),
	(121, 12, 'Reg. Del Estado Civil y Capac. De las Personas'),
	(122, 12, 'Relaciones con las Provincias y Municipios'),
	(123, 12, 'Reforma Política y Electoral'),
	(124, 12, 'Seguimiento de Organismos de Contenidos y Acceso a la Información'),
	(125, 12, 'Asuntos Interjurisdiccionales y Transferencias de Competencias'),
	(126, 12, 'Programas de Cooperación Interjurisdiccional y Casas de la Ciudad'),
	(127, 12, 'UPE Cuenca - Matanza - Riachuelo'),
	(128, 12, 'UPE Área Metropolitana de Bs. As.'),
	(129, 12, 'Sociedad Administradora del Puerto-Sap'),
	(130, 12, 'Corporación Mercado Central'),
	(131, 12, 'Corporación Antiguo Puerto Madero'),
	(132, 12, 'Coordinación Ecológica Área Metropolitana Sociedad del Estado'),
	(133, 12, 'Unidad de Auditoría Interna'),
	(134, 13, 'Subsecretaría de Finanzas'),
	(135, 13, 'Subsecretaría de Gestión y Administración Económica'),
	(136, 13, 'Subsecretaría de Gestión de RRHH'),
	(137, 13, 'Subsecretaría de Gestión Operativa'),
	(138, 13, 'Dirección General de Seguros'),
	(139, 13, 'Dirección General de Relaciones Fiscales'),
	(140, 13, 'Dirección General de Crédito Público'),
	(141, 13, 'Dirección General de Compras y Contrataciones'),
	(142, 13, 'Dirección General Gestión de la Flota Automotor'),
	(143, 13, 'Dirección General de Redeterminación de Precios'),
	(144, 13, 'Dirección General Unidad Informática de Administración Financiera'),
	(145, 13, 'Dirección General de Planificación y Control Operativo'),
	(146, 13, 'Dirección General de Desarrollo del Servicio Civil'),
	(147, 13, 'Dirección General de Relaciones Laborales'),
	(148, 13, 'Dirección General de Administración y Liquidación de Haberes'),
	(149, 13, 'Dirección General de Asuntos Laborales y Previsionales'),
	(150, 13, 'Dirección General de Administración de Medicina de Trabajo'),
	(151, 13, 'Dirección General de Oficina de Gestión Pública y Presupuesto'),
	(152, 13, 'Dirección General de Tesorería'),
	(153, 13, 'Dirección General de Contaduría'),
	(154, 13, 'Dirección General Técnica, Administrativa y Legal'),
	(155, 13, 'Unidad de Auditoría Interna'),
	(156, 13, 'Administración Gubernamental de Ingresos Públicos'),
	(157, 13, 'Unidad de Financiamiento con Organismos Multilaterales de Créditos'),
	(158, 13, 'Obra Social de la Ciudad de Bs. As. '),
	(159, 13, 'Instituto de Juego y Apuestas'),
	(160, 13, 'Dirección General de Estadística y Censos'),
	(161, 13, 'Dirección General de Rentas'),
	(162, 13, 'Dirección General Legal y Técnica'),
	(163, 13, 'Dirección General de Relaciones Institucionales'),
	(164, 13, 'Dirección General de Análisis Fiscal'),
	(165, 13, 'Dirección General de Planificación y Control'),
	(166, 10, 'Secretaría de Tercera Edad'),
	(167, 10, 'Subsecretaría de Fortalecimiento Familia y Comunitario'),
	(168, 10, 'Subsecretaría de Hábitat e Inclusión'),
	(169, 10, 'Subsecretaría de Promoción Social'),
	(170, 10, 'Dirección General de Servicios y Dependencia'),
	(171, 10, 'Dirección General de Protección e Inclusión'),
	(172, 10, 'Dirección General de Nuevos Estándares y Tecnologías'),
	(173, 10, 'Dirección General de Ciudadanía Porteña'),
	(174, 10, 'Dirección General de Economía Social'),
	(175, 10, 'Dirección General de Servicios Sociales Zonales'),
	(176, 10, 'Dirección General de Atención Inmediata'),
	(177, 10, 'Dirección General de Fortalecimiento de la Sociedad Civil'),
	(178, 10, 'Dirección General de Niñez y Adolescencia'),
	(179, 10, 'Dirección General de la Mujer'),
	(180, 10, 'Dirección General de Políticas Sociales en Adicciones'),
	(181, 10, 'Dirección General de Atención y Asistencia a la Víctima'),
	(182, 10, 'Dirección General de Desarrollo Territorial'),
	(183, 10, 'Dirección General de Desarrollo Inclusivo'),
	(184, 10, 'Dirección General de Hábitat'),
	(185, 10, 'Dirección General de Inclusión Social'),
	(186, 10, 'Dirección General Técnica, Administrativa y Legal'),
	(187, 10, 'Dirección General de Red Integral de Protección Social'),
	(188, 10, 'Dirección General de Infraestructura Social'),
	(189, 10, 'Unidad de Auditoría Interna'),
	(190, 10, 'Unidad de Gestión de Intervención Social (UGIS)'),
	(191, 10, 'COPIDIS Ley N°447'),
	(192, 10, 'Consejo Social'),
	(193, 14, 'Secretaría de Seguridad'),
	(194, 14, 'Subsecretaría de Prevención del Delito'),
	(195, 14, 'Subsecretaría de Vinculación Ciudadana con la Seguridad'),
	(196, 14, 'Subsecretaría de Seguridad Operativa'),
	(197, 14, 'Subsecretaría de Seguridad Ciudadana'),
	(198, 14, 'PFA - Jefatura CABA'),
	(199, 14, 'Subsecretaría de Jefatura de Policía Metropolitana'),
	(200, 14, 'Subjefatura de Policía Metropolitana'),
	(201, 14, 'Subsecretaría de Emergencias'),
	(202, 14, 'Subsecretaría de Justicia'),
	(203, 14, 'Subsecretaría de Administración de Seguridad'),
	(204, 14, 'Dirección General de Diagnóstico y Diseño de Políticas de Intervención Temprana de la Seguridad'),
	(205, 14, 'Dirección General de Contención Primaria de la Ciudadanía Ante Delitos'),
	(206, 14, 'Dirección General de Eventos Masivos'),
	(207, 14, 'Dirección General de Seguridad Privada'),
	(208, 14, 'Dirección General de Custodia de Bienes'),
	(209, 14, 'Dirección General de Planificación de Seguridad con Recursos No Policiales'),
	(210, 14, 'Dirección General de Coordinación Operativa'),
	(211, 14, 'Dirección General de Información y Estadística Criminal'),
	(212, 14, 'Dirección General de Investigación Criminal'),
	(213, 14, 'Dirección General de Justicia, Registro y Mediación'),
	(214, 14, 'Dirección General de Administración de Infracciones'),
	(215, 14, 'Dirección General Técnica, Administrativa y Legal'),
	(216, 14, 'Dirección General de Estudios y Tecnologías de la Información'),
	(217, 14, 'Dirección General de Comunicación y Relaciones Institucionales'),
	(218, 14, 'Dirección General Electoral'),
	(219, 14, 'Dirección General de Logística'),
	(220, 14, 'Dirección General de Guardia de Auxilio y Emergencias'),
	(221, 14, 'Dirección General de Defensa Civil'),
	(222, 14, 'Dirección General de Planeamiento de Emergencia y Coordinación de Bomberos'),
	(223, 14, 'Dirección General Administrativa y Legal de Seguridad'),
	(224, 14, 'Dirección General de Administración de Recursos Humanos de Seguridad'),
	(225, 14, 'Dirección General de Suministros de Seguridad'),
	(226, 14, 'Dirección General de Infraestructura de Seguridad'),
	(227, 14, 'Unidad de Auditoría Interna'),
	(228, 14, 'Auditoría Externa Policial'),
	(229, 14, 'Comité de Planificación Estratégica'),
	(230, 14, 'Unidad de Enlace del Consejo de Seguridad y Prevención del Delito'),
	(231, 14, 'Obra Social de la Policía Metropolitana'),
	(232, 14, 'Comité de Seguimiento del Sistema de Seguridad Pública'),
	(233, 14, 'Registro de Verificación de Autopartes'),
	(234, 14, 'Organización del Registro Público de Com. Y Cont. De Personas Jurídicas'),
	(235, 14, 'Instituto Superior de Seguridad Pública'),
	(236, 14, 'Comité de Prevención y Seguridad para Eventos Deportivos'),
	(237, 14, 'UPE para la Transferencia de Funciones y Facultades en Materia de Seguridad'),
	(238, 14, 'Unidad Administrativa de Control de Faltas'),
	(239, 14, 'Unidad de Enlace de Faltas Especiales'),
	(240, 14, 'Unidad de Enlace de Faltas de Tránsito'),
	(241, 14, 'Unidad Organización Electoral'),
	(242, 15, 'Subsecretaría de Trabajo, Industria y Comercio'),
	(243, 15, 'Subsecretaría de Ciudad Inteligente'),
	(244, 15, 'Subsecretaría de Inversiones'),
	(245, 15, 'Subsecretaría de Economía Creativa y Comercio Exterior'),
	(246, 15, 'Dirección General de Empleo'),
	(247, 15, 'Dirección General de Protección del Trabajo'),
	(248, 15, 'Dirección General de Negociaciones Laborales'),
	(249, 15, 'Dirección General de Industrias Creativas'),
	(250, 15, 'Dirección General de Emprendedores'),
	(251, 15, 'Dirección General de Ciencia y Tecnología'),
	(252, 15, 'Dirección General de Promoción de Inversiones'),
	(253, 15, 'Dirección General de Gestión de Inversiones'),
	(254, 15, 'Dirección General de Proyectos de Ciudad Inteligente'),
	(255, 15, 'Dirección General de Innovación y Gobierno Abierto'),
	(256, 15, 'Dirección General de Ciudad Moderna y Sustentable'),
	(257, 15, 'Dirección General de Gestión Digital'),
	(258, 15, 'Unidad de Auditoría Interna'),
	(259, 15, 'UPE JJOO de la Juventud Bs. As. 2018'),
	(260, 15, 'Parque de la Ciudad'),
	(261, 15, 'Consejo Económico y Social de la Ciudad Bs. As.'),
	(262, 15, 'Ente de Turismo'),
	(263, 15, 'Agencia de Bienes Sociedad del Estado Ley N° 5558'),
	(264, 16, 'Subsecretaría de Atención Hospitalaria'),
	(265, 16, 'Subsecretaría de Planificación Sanitaria'),
	(266, 16, 'Subsecretaría de Administración del Sistema de Salud'),
	(267, 16, 'Subsecretaría de Atención Primaria, Ambulatoria y Comunitaria'),
	(268, 16, 'Dirección General de Hospitales'),
	(269, 16, 'Dirección General de Sistema de Atención Médica de Emergencia'),
	(270, 16, 'Dirección General de Salud Mental'),
	(271, 16, 'Dirección General de Atención Primaria'),
	(272, 16, 'Dirección General de Salud Comunitaria'),
	(273, 16, 'Dirección General de Planificación Operativa'),
	(274, 16, 'Dirección General de Informática, Clínica, Estadística y Epidemiológica'),
	(275, 16, 'Dirección General de Coordinación, Tecnologías y Financiamiento en Salud'),
	(276, 16, 'Dirección General de Docencia, Investigación y Desarrollo Profesional'),
	(277, 16, 'Dirección General de Administración y Desarrollo de Recursos Humanos'),
	(278, 16, 'Dirección General de Sistemas Informáticos'),
	(279, 16, 'Dirección General Administrativa, Contable y Presupuesto'),
	(280, 16, 'Dirección General de Recursos Físicos en Salud'),
	(281, 16, 'Dirección General de Abastecimiento en Salud'),
	(282, 16, 'Dirección General Legal y Técnica'),
	(283, 16, 'Unidad de Auditoría Interna'),
	(284, 16, 'Hospitales y Centros de Salud'),
	(285, 16, 'Instituto de Transplante de la CABA'),
	(286, 17, 'Unidad de Auditoría Interna'),
	(287, 17, 'Procuración Gral. Adjunta de Asuntos Patrimoniales y Fiscales'),
	(288, 17, 'Procuración Gral. Adjunta de Asuntos Institucionales y Empleo Público'),
	(289, 17, 'Dirección General de Asuntos Tributarios y Recursos Fiscales'),
	(290, 17, 'Dirección General de Relaciones Contractuales'),
	(291, 17, 'Dirección General de Asuntos Patrimoniales'),
	(292, 17, 'Dirección General de Empleo Público'),
	(293, 17, 'Dirección General de Asuntos Institucionales'),
	(294, 17, 'Dirección General de Sumarios'),
	(295, 17, 'Dirección General de Asuntos Comunales'),
	(296, 17, 'Dirección General Técnica, Administrativa y Legal'),
	(297, 17, 'Dirección General de Información Jurídica y Extendión'),
	(298, 17, 'Dirección General de Asuntos Penales'),
	(299, 18, 'Relaciones Institucionales y Promoción Cultural Ciudadana'),
	(300, 18, 'Cultura del Servicio Público'),
	(301, 18, 'Onservatorio Cambio Cultural'),
	(302, 18, 'Identidad, Compromiso Barrial y Voluntariado'),
	(303, 18, 'Instituto Superior de la Carrera'),
	(304, 19, 'Subsecretaría de Deporte'),
	(305, 19, 'Subsecretaría de Bienestar Ciudadano'),
	(306, 19, 'Subsecretaría de Derechos Humanos y Pluralismo Cultural'),
	(307, 19, 'Deporte Social y Desarrollo Deportivo'),
	(308, 19, 'Infraestructura Deportiva'),
	(309, 19, 'Administración y Organización Deportiva'),
	(310, 19, 'Convivencia en la Diversidad'),
	(311, 19, 'Colectividades'),
	(312, 19, 'Políticas de Juventud'),
	(313, 19, 'Desarrollo Familiar'),
	(314, 19, 'Desarrollo Saludable'),
	(315, 19, 'Desarrollo Gastronómico'),
	(316, 19, 'Promoción de Políticas de Bienestar Ciudadano'),
	(317, 19, 'Consejo Asesor en Políticas Públicas de Memoria'),
	(318, 19, 'Consejo de Gestión del Parque de la Memoria y del Monumento a las Víctimas del Terrorismo de Estado'),
	(319, 20, 'Dirección General de Servicios Desconcentrados'),
	(320, 20, 'Dirección General de Descentralización Comunal'),
	(321, 20, 'Dirección General de Mantenimiento del Espacio Público Comunal'),
	(322, 20, 'Unidades de Atención Ciudadana'),
	(323, 20, 'Consejo de Coordinación Intercomunal'),
	(324, 20, 'Comunas'),
	(325, 22, 'Subsecretaría de Infraestructura Urbana y Coordinación Gubernamental'),
	(326, 22, 'Subsecretaría de Planeamiento y Gestión Comunitaria'),
	(327, 22, 'Dirección General de Proyectos y Diseño Urbano'),
	(328, 22, 'Dirección General de Coordinación Gubernamental'),
	(329, 22, 'Dirección General de Obras e Infraestructura'),
	(330, 22, 'Dirección General de Gestión Comunitaria'),
	(331, 22, 'Dirección General de Innovación Social y Planeamiento Participativo'),
	(338, 24, 'Coordinación de Gestión'),
	(339, 24, 'Evaluación del Gasto'),
	(340, 24, 'Planificación Estratégica'),
	(341, 25, 'Sindicatura General de la Ciudad de Bs. As. '),
	(342, 21, 'Subsecretaría de Relaciones Internacionales e Institucionales'),
	(343, 21, 'Subsecretaría de Gestión Estratégica y Calidad Institucional'),
	(344, 21, 'Protocolo y Ceremonial'),
	(345, 21, 'Culto'),
	(346, 21, 'Relaciones Internacionales y Cooperación'),
	(347, 21, 'Gestión Estratégica'),
	(348, 21, 'Calidad Institucional'),
	(349, 21, 'Unidad de Gestión del Cumplimiento'),
	(350, 26, 'Dirección General de Opinión Pública'),
	(351, 26, 'Dirección General de Comunicación Digital'),
	(352, 26, 'Dirección General de Comunicación Directa'),
	(353, 26, 'Dirección General de Comunicación Participativa'),
	(354, 27, 'Dirección General de Planificación Comunicacional'),
	(355, 27, 'Dirección General de Producción General'),
	(356, 27, 'Dirección General de Contenidos y Marcas'),
	(357, 27, 'Dirección General de Eventos de Gobierno'),
	(358, 28, 'Coordinación y Promoción de Eventos'),
	(359, 29, 'Dirección General de Atención y Cercanía Ciudadana'),
	(360, 29, 'Dirección General de Gestión de Demanda Ciudadana'),
	(361, 29, 'Dirección General de Gestión de Calidad'),
	(362, 29, 'Dirección General de Defensa y Protección al Consumidor'),
	(363, 30, 'Eficiencia Administrativa'),
	(364, 30, 'Administración de Bases de Datos e Ingen. De Proyectos.'),
	(365, 30, 'Agencia de Sistemas de Información'),
	(366, 30, 'Coordinación General de Seguridad Informática'),
	(367, 30, 'Unidad de Auditoría Interna'),
	(368, 30, 'Dirección General de Servicios'),
	(369, 30, 'Dirección General de Integración de Sistemas'),
	(370, 30, 'Dirección General de Infraestructura'),
	(371, 30, 'Dirección General Técnica, Administrativa y Legal');
/*!40000 ALTER TABLE `area` ENABLE KEYS */;

-- Dumping data for table proyectos_ba_generated.comuna: ~15 rows (approximately)
DELETE FROM `comuna`;
/*!40000 ALTER TABLE `comuna` DISABLE KEYS */;
INSERT INTO `comuna` (`idComuna`, `abreviatura`, `nombre`) VALUES
	(1, 'C1', 'Comuna 1'),
	(2, 'C2', 'Comuna 2'),
	(3, 'C3', 'Comuna 3'),
	(4, 'C4', 'Comuna 4'),
	(5, 'C5', 'Comuna 5'),
	(6, 'C6', 'Comuna 6'),
	(7, 'C7', 'Comuna 7'),
	(8, 'C8', 'Comuna 8'),
	(9, 'C9', 'Comuna 9'),
	(10, 'C0', 'Comuna 10'),
	(11, 'C1', 'Comuna 11'),
	(12, 'C2', 'Comuna 12'),
	(13, 'C3', 'Comuna 13'),
	(14, 'C4', 'Comuna 14'),
	(15, 'C5', 'Comuna 15');
/*!40000 ALTER TABLE `comuna` ENABLE KEYS */;

-- Dumping data for table proyectos_ba_generated.comuna_por_proyecto: ~0 rows (approximately)
DELETE FROM `comuna_por_proyecto`;
/*!40000 ALTER TABLE `comuna_por_proyecto` DISABLE KEYS */;
/*!40000 ALTER TABLE `comuna_por_proyecto` ENABLE KEYS */;

-- Dumping data for table proyectos_ba_generated.eje_de_gobierno: ~5 rows (approximately)
DELETE FROM `eje_de_gobierno`;
/*!40000 ALTER TABLE `eje_de_gobierno` DISABLE KEYS */;
-- Dumping data for table proyectos_ba_generated.eje_de_gobierno: ~4 rows (approximately)
DELETE FROM `eje_de_gobierno`;
/*!40000 ALTER TABLE `eje_de_gobierno` DISABLE KEYS */;
INSERT INTO `eje_de_gobierno` (`idEjeDeGobierno`, `nombre`, `descripcion`, `ejemplos`) VALUES
	(1, 'Disfrute', 'Una ciudad que favorezca la convivencia y donde sus ciudadanos puedan pasarla bien según su estilo de vida', 'Proyectos que colaboren con los objetivos del eje: Ser una ciudad donde los vecinos estén y se sientan seguros. Reducir a 0 las fatalidades por accidentes de tránsito. Fomentar la buena convivencia y respeto por las normas entre todos los que viven y vienen a la ciudad. Fortalecer la función pública para que sea percibida por los ciudadanos como un rol profesional y de servicio a los demás. Hacer partícipes a los vecinos para a través de sus opiniones e intereses dar forma a la ciudad en que todos queremos vivir. Fomentar y acercar la cultura a la gente para potenciar la participación y disfrute de todos los ciudadanos. Organizar los mejores JJOO de la Juventud de la historia, que actúen de canal para seguir desarrollando el sur, para posicionar internacionalmente a BA y para transmitir los valores del GCBA. Potenciar el turismo como factor de desarrollo económico de Buenos Aires. Posicionar a Buenos Aires como la capital gastronómica de América Latina.'),
	(2, 'Escala Humana', 'Una ciudad que esté diseñada para las personas, facilitando sus necesidades de movilidad, accesibilidad, y que fomente el uso del espacio público', 'Proyectos que colaboren con los objetivos del eje: Promover la movilidad social, fortaleciendo el acceso al empleo formal y al sueldo digno en la Zona Sur. Brindar acceso fácil y rápido a salud pública de calidad a todos los ciudadanos que lo requieran. Potenciar el Sur como el foco de crecimiento económico de la Ciudad. Garantizar servicios públicos de calidad a todos los residentes del Sur. Transformar las villas en barrios integrados a la Ciudad y que todos los habitantes de la Ciudad tengan una vivienda propia. Lograr equidad educativa para todos los ciudadanos, con foco en los estudiantes de nivel primario y secundario de zona Sur. Proveer infraestructura y equipamiento necesario a todas las escuelas de la Ciudad para ofrecer educación de calidad para todos. Integrar a todos los adultos mayores de la Ciudad.'),
	(3, 'Integración social', 'Una ciudad que fomente la equidad de oportunidades y derechos, satisfaciendo las diferentes necesidades individuales y colectivas de todos sus ciudadanos.', 'Proyectos que colaboren con los objetivos del eje: Promover la movilidad social, fortaleciendo el acceso al empleo formal y al sueldo digno en la Zona Sur. Brindar acceso fácil y rápido a salud pública de calidad a todos los ciudadanos que lo requieran. Potenciar el Sur como el foco de crecimiento económico de la Ciudad. Garantizar servicios públicos de calidad a todos los residentes del Sur. Transformar las villas en barrios integrados a la Ciudad y que todos los habitantes de la Ciudad tengan una vivienda propia. Lograr equidad educativa para todos los ciudadanos, con foco en los estudiantes de nivel primario y secundario de zona Sur. Proveer infraestructura y equipamiento necesario a todas las escuelas de la Ciudad para ofrecer educación de calidad para todos. Integrar a todos los adultos mayores de la Ciudad.'),
	(4, 'Creatividad', 'Una ciudad que genere nuevas ideas y asociaciones para producir soluciones originales y con impacto fuerte positivo en sus ciudadanos.', 'Proyectos que colaboren con los objetivos del eje: Fomentar la co-creación y generación de soluciones transversalesa través de todo el GCBA. Que los ciudadanos puedan aportar sus ideas y ser participantes activos en la co-creación. Potenciar alianzas público-privadas con el fin de responder a problemáticas en común desde nuevas perspectivas. Generar soluciones de alto impacto en la vida de los ciudadanos a través del uso de nuevas tecnologías. Ser un modelo de gestión pública eficiente y transparente. Facilitar la rápida generación y crecimiento de nuevas empresas para el desarrollo económico de la Ciudad. Ser la capital de innovación y emprendedorismo de América Latina. Fortalecer la política de distritos de vanguardiapara revitalizar y potenciar zonas específicas de la Ciudad.');
/*!40000 ALTER TABLE `eje_de_gobierno` ENABLE KEYS */;

-- Dumping data for table proyectos_ba_generated.eje_de_gobierno_por_proyecto: ~0 rows (approximately)
DELETE FROM `eje_de_gobierno_por_proyecto`;
/*!40000 ALTER TABLE `eje_de_gobierno_por_proyecto` DISABLE KEYS */;
/*!40000 ALTER TABLE `eje_de_gobierno_por_proyecto` ENABLE KEYS */;

-- Dumping data for table proyectos_ba_generated.indicador_estrategico: ~346 rows (approximately)
DELETE FROM `indicador_estrategico`;
/*!40000 ALTER TABLE `indicador_estrategico` DISABLE KEYS */;
INSERT INTO `indicador_estrategico` (`idIndicadorEstrategico`, `idObjetivoJurisdiccional`, `indicador`, `descripcion`) VALUES
	(1, 1, 'Cantidad de Fiscalizaciones a Obras sin permiso detectadas y clausuradas', 'Sumatoria de fiscalizaciones a  obras sin persmiso detectadas y clausuradas'),
	(2, 1, 'Cantidad de Fiscalizaciones a Locales que fueron clausurados por falta de habilitación', 'Sumatoria de fiscalizaciones  realizadas por DGFyC que resultaron en clausuras por falta de habilitación'),
	(3, 1, 'Cantidad de Fiscalizaciones a locales comerciales (DGFYC)', 'Sumatoria de fiscalizaciones  realizadas  a locales comerciales por la DGFyC'),
	(4, 1, 'Cantidad de Fiscalizaciones a obras', 'Sumatoria de fiscalizaciones  realizadas  a obras por la GOFyCO'),
	(5, 2, 'Tiempo promedio de firma de disposición de habilitaciones simples SIN planos aprobados', '(Sumatoria de los dias hábiles transcurridos desde el inicio hasta la firma de disposición y nunca fueron observados  / cantidad de tramites que se firmaron mediante disposición) - (Sumatoria de los dias hábiles transcurridos desde la generación de la Boleta de pago hasta que se lo verifica/ cantidad de tramites pagados)'),
	(6, 2, 'Tiempo promedio de firma de disposición de habilitaciones simples CON  planos hasta 500m2 aprobados', '(Sumatoria de los dias hábiles transcurridos desde el inicio hasta la firma de disposición  y nunca fueron observados / cantidad de tramites que se firmaron mediante disposición)  - (Sumatoria de los dias hábiles transcurridos desde la generación de la Boleta de pago hasta que se lo verifica/ cantidad de tramites pagados)'),
	(7, 2, 'Porcentaje de trámites de habilitaciones observados simples SIN plano', 'Sumatoria de la cantidad  de trámites de habilitaciones SSP ingresadas en el corriente año calendario que poseen observaciones / Sumatoria de la cantidad de tramites de Habilitaciones SSP ingresados  en el corriente año calendario *100'),
	(8, 2, 'Porcentaje de trámites de habilitaciones observados simples CON plano', 'Sumatoria de la cantidad  de trámites de habilitaciones SCP ingresadas en el corriente año calendario que poseen observaciones / Sumatoria de la cantidad de tramites de Habilitaciones SCP ingresados  en el corriente año calendario *100'),
	(9, 1, 'Tiempo promedio de respuesta de denuncias con estado cumplido', 'Sumatoria de los dias corridos transcurridos desde el ingreso de la denuncia a la AGC hasta el cumplimiento de la misma (estado final cumplido)/ cantidad de denuncias que fueron resueltas con estado cumplido.'),
	(10, 1, 'Porcentaje de Teatros independientes (fronterizos) que desarrollan actividad nocturna y  presentan clausuras o violaciones de clausura', 'Sumatoria de teatros independientes que desarrollan actividad nocturna considerados como fronterizos en actualidad/Sumatoria de teatros independientes que desarrollan actividad nocturna considerados como fronterizos en diciembre de 2015. A diciembre de 2015 existente 23 teatros independientes que tienen actividad nocturna q desvirtuan rubro, son clausurados o violan clausuran (se los considera fronterizos)'),
	(11, 1, 'Porcentaje de Hogares de niños con habilitación definitiva', '(Sumatoria de hogares de niños conveniados con el MDS que  cuentan con habilitación definitiva/ Sumatoria de hogares de niños conveniados)*100'),
	(12, 6, 'Market Share de Préstamos Hipotecarios', 'Saldo a fin de mes de préstamos hipotecarios del Banco Ciudad sobre el saldo de préstamos hipotecarios del Sistema Financiero x 100'),
	(13, 3, 'Market Share de Cartera Comercial', 'Saldo a fin de mes de préstamos comerciales del Banco Ciudad sobre el saldo de préstamos comerciales del Sistema Financiero x 100.'),
	(14, 3, 'Cantidad de clientes Pymes y Mypes', 'Sumatoria de clientes Pymes que poseen productos activos o pasivos y Mypes que poseen deuda'),
	(15, 4, 'Cantidad de sucursales comerciales', 'Sumatoria de la totalidad de sucursales comerciales del Banco en todos las localidades en las que opera'),
	(16, 4, '% de operaciones por canales electrónicos', 'Sumatoria del total de transacciones realizadas por Terminales de Autoservicio (TAS), cajeros automáticos (ATMs) y banca electrónica sobre la sumatoria del total de transacciones por TAS, ATMs, banca electrónica y cajas x 100'),
	(17, 4, 'Índice de reputación', 'El modelo contempla atributos que son calificados por los encuestados mediante un cuestionario. Los grados de satisfacción son ponderados por la importancia relativa, que refleja los intereses de los encuestados, devolviendo como resultado un índice de reputación ponderado (IRP). Escala: 1 a 5'),
	(18, 4, 'Cantidad de clientes con tarjeta de crédito activas', 'Sumatoria de resúmenes emitidos de tarjetas de crédito de clientes del Banco Ciudad del último mes del año'),
	(19, 5, 'Resultado sobre Patrimonio Neto del Banco Ciudad', 'Sumatoria del resultado de 12 meses sobre el promedio del patrimonio neto de los últimos 12 meses con 2 meses de rezago x 100'),
	(20, 14, 'Cantidad de Material Seco Recuperado', 'Promedio diario de toneladas recuperdas'),
	(21, 14, 'Porcentaje de Personas que evaluaron en forma satisfactoria el servicio de limpieza en general.', 'Total de personas que calificaron positivamente el servicio brindado sobre total de encuestados'),
	(22, 13, 'Cantidad de Compostaje de restos verdes en Parques', 'Promedio diario de toneladas recuperadas de material vegetal'),
	(23, 13, 'Cantidad de toneladas diarias recicladadas de Voluminosos', 'Promedio diario de toneladas recicladas de voluminosos'),
	(24, 13, 'Tiempo promedio de realización de trámites, certificados, constancias y registro.', 'Sumatoria de meses de todos los trámites / Total de trámites realizadas'),
	(25, 13, 'Toneladas recuperadas de Aceites Vegetales Usados domiciliarios para ser reutilizados como biodisel', 'promedio mensual de toneladas recibidas'),
	(26, 15, 'cantidad de reclamos de Baches pendientes', 'Sumatoria de reclamos no resueltos de Baches'),
	(27, 15, 'm2 construidos de calzadas', 'Sumatoria de M2 construidos'),
	(28, 12, 'Tiempo promedio de realización de los trámites', 'Sumatoria de meses de los trámites'),
	(29, 12, 'Cantidad de reclamos pendientes sobre uso del EP.', 'Sumatoria de reclamos no resueltos'),
	(30, 25, 'Cantidad de espectadores', 'En blanco'),
	(31, 24, 'Cantidad de jóvenes que identifican al CCR como referente de la cultura jóven de la ciudad', 'Sumatoria de participantes de las convocatorias e inscripciones a talleres del CCR, espectadores y seguidores en redes sociales'),
	(32, 23, 'Desarrollo del hábito de lectura', 'Sumatoria de usuarios nuevos y público concurrente'),
	(33, 25, 'Cantidad de Inscriptos a la Bienal y Festival Bienal', 'Sumatoria de inscriptos'),
	(34, 24, 'Cantidad de personas que experimentan la Experiencia Usina (2016)', 'Sumatoria de personas'),
	(35, 27, 'Proyectos presentados a Convocatoria y finalizados', 'Proyectos finalizados/proyectos aprobados'),
	(36, 28, 'Obras ejecutadas en UTIU´s', 'Obras ejecutadas/ obras planificadas'),
	(37, 28, 'Participación comunitaria en todas las instancias del proceso de construcción, puesta en valor y resignificación del espacio  en todas las UTIU´s.', '(Personas incluidas en procesos participativos/personas afectadas por las obras realizadas)*100'),
	(38, 28, 'Niños, niñas y adolescentes de villas participantes de actividades deportivas y artísticas', 'Niños, niñas y adolescentes de villas participantes de activ. deportivas y artísticas / niños, niñas y adolescentes residentes de villas'),
	(39, 29, 'Niños y niñas inscriptos en Centros de Primera Infancia', '(niños y niñas insertos en CPI/ niños y niñas que solicitaron el ingreso)*100'),
	(40, 29, 'Adultos Mayores beneficiarios de programas de Atención a la Tercera Edad', '(AM beneficiarios de programas de Atención a la Tercera Edad/AM solicitantes del recurso)*100'),
	(41, 29, 'Inclusión Digital y Social de Adultos Mayores', 'AM\'s incluidos digitalmente/AM\'s que pueden recibir la capacitación y que están interesados en recibirlas'),
	(42, 29, 'Adolescentes que finalizan los talleres recreativos', 'Adolescentes que finalizan talleres/adolescentes que inician'),
	(43, 29, 'Becas de Estudio', 'Total de Becas de Estudio / Total de Becas Otorgadas de Estudio + Becas de Formación Laboas (Becral)'),
	(44, 29, 'Ciudadanía Joven: cantidad de jóvenes beneficiados por el subsidio', 'Sumatoria de jóvenes beneficiados'),
	(45, 29, 'Ciudadanía Porteña "Con Todo Derecho": Total de hogares con demanda satisfecha.', 'Q de hogares que reciben el subsidio de Ciudadanía Porteña.'),
	(46, 29, 'Ciudadanía Joven: Cantidad de jóvenes no beneficiados por el subsidio.', 'Q de jóvenes no beneficiados por subsidio'),
	(47, 29, 'Ciudadanía Porteña con Todo Derecho: Total de hogares que solicitan el subsidio', 'Sumatoria de Hogares que solicitan el subsidio'),
	(48, 29, 'Nuestras Familias: total de familias subsidiadas', 'Sumatoria de familias subsidiadas'),
	(49, 29, 'Ticket Social: cantidad de familias beneficiadas', 'Sumatoria de familias beneficiadas'),
	(50, 29, 'Ticket Social: cantidad de personas beneficiadas', 'Sumatoria de personas beneficiadas por el Programa Ticket Social'),
	(51, 30, 'Adultos Mayores en situación de vulnerabilidad social cubiertos por asistencia a personas de la Tercera Edad', '(AM cubiertos por asistencia/AM solicitantes del recurso)*100'),
	(52, 30, 'Mujeres víctimas de violencia de género atendidas por dispositivos de GCBA', 'Mujeres atendidas / mujeres que presentan sus denuncias en la O.V.D.'),
	(53, 30, 'Personas solicitantes de atención y contención por uso de sustancias psicoactivas cubiertas por tratamiento.', '(Personas que solicitan atención y contención y que inician el tratamiento / personas que se presentan con la problemática)*100'),
	(54, 30, 'Respuesta ante situación de maltrato, abuso y violencia hacia los Adultos Mayores.', '(Atendidos/solicitantes)*100'),
	(55, 30, 'Niños, niñas y adolescentes acogidos en hogares del GCBA', 'Niños, niñas y adolesc. en hogares / niños, niñas y adolesc. que necesitan un lugar'),
	(56, 30, 'Buenos Aires Presente (BAP): Cantidad de asistencia e intervenciones de Buenos Aires Presente en calle', 'Cantidad de intervenciones de BAP en calle'),
	(57, 30, 'Buenos Aires Presente (BAP): cantidad de llamadas al 108', 'Sumatoria de llamadas al 108'),
	(58, 30, 'Familias en situación de calle: total de familias que reciben activamente el beneficio', 'Sumatoria de familias que reciben el subsidio activamente'),
	(59, 30, 'Total de familias  amparadas', 'Sumatoria de familias amparadas'),
	(60, 30, 'Cantidad de llamadas al 0800-MUJER', 'Sumatoria de llamadas al 0800-6668537 (MUJER)'),
	(61, 33, '75% de proyectos que en la planificación realiza algún encuentro/instancia de participación vecinal', 'Proyectos analizados con algún tipo de participación ciudadana/total de proyectos'),
	(62, 35, 'Viviendas paralizadas', '(Viviendas paralizadas/ Total de Viviendas a construir en 2016) *100'),
	(63, 35, 'Porcentaje de regularización dominial de complejos. 11% (del universo total). Viviendas a regularizar (no incluye las viviendas que poseen algún tipo de restricción judicial)', '(Viviendas regularizadas con dominio/total de viviendas)*100'),
	(64, 36, 'Intervalo real - Linea A', 'Sumatoria de minutos transcurridos entre llegada de una formación y otra/ total de formaciones'),
	(65, 36, 'Intervalo real - Linea B', 'Sumatoria de minutos transcurridos entre llegada de una formación y otra/ total de formaciones'),
	(66, 36, 'Intervalo real - Linea C', 'Sumatoria de minutos transcurridos entre llegada de una formación y otra/ total de formaciones'),
	(67, 36, 'Intervalo real - Linea E', 'Sumatoria de minutos transcurridos entre llegada de una formación y otra/ total de formaciones'),
	(68, 36, 'Millones de Pasajeros del Subte Pagos por día hábil', 'Sumatoria del total pasajeros que ingresan al sistema por día hábil'),
	(69, 36, 'Índice de satisfacción de los pasajeros del subte', 'En blanco'),
	(70, 36, 'Intervalo real - Linea D', 'Sumatoria de minutos transcurridos entre llegada de una formación y otra/ total de formaciones'),
	(71, 36, 'Intervalo real - Linea H', 'Sumatoria de minutos transcurridos entre llegada de una formación y otra/ total de formaciones'),
	(72, 37, 'Funcionamiento del Metrobus Juan B. Justo demora de un pasajero en transitar en hora pico la totalidad del corredor del Metrobus', 'Sumatoria de minutos que demora un pasajero en transitar en hora pico la totalidad del corredor del Metrobus'),
	(73, 37, 'Funcionamiento del Metrobus Sur demora un pasajero en transitar en hora pico la totalidad del corredor del Metrobus', 'Sumatoria de minutos que demora un pasajero en transitar en hora pico la totalidad del corredor del Metrobus/ total de pasajeros'),
	(74, 37, 'Funcionamiento del Metrobus Cabildo demora un pasajero en transitar en hora pico la totalidad del corredor del Metrobus', 'Sumatoria de minutos que demora un pasajero en transitar en hora pico la totalidad del corredor del Metrobus/ cantidad de pasajeros'),
	(75, 37, 'Funcionamiento del Metrobus 25 de Mayo demora un pasajero en transitar en hora pico la totalidad del corredor del Metrobus', 'Sumatoria de minutos que demora un pasajero en transitar en hora pico la totalidad del corredor del Metrobus/ cantidad de pasajeros'),
	(76, 37, 'Sistema de Transporte Público de Bicicletas', 'Sumatoria del total de usuarios activos sobre el total de usuarios'),
	(77, 37, 'Victimas fatales en corredores de MTB', 'Sumatoria de victimas fatales en corredores del MTB'),
	(78, 37, 'Arreglo de semáforo', 'Sumatoria de horas que tarde en hacerse efectivo el arreglo de óptica de semáforo solicitado por el vecino/ total de reclamos'),
	(79, 37, 'Funcionamiento del Metrobus 9 de Julio demora un pasajero en transitar en hora pico la totalidad del corredor del Metrobus', 'Sumatoria de minutos que demora un pasajero en transitar en hora pico la totalidad del corredor del Metrobus/ total de pasajeros'),
	(80, 38, 'Cantidad de escuelas a las que se ha brindado la asistencia técnica sobre curriculum por habilidades', 'Sumatoria de escuelas que han recibido asistencia técnico-pedagógica en CABA'),
	(81, 40, 'Porcentaje de repitencia en el nivel secundario en escuelas de gestión estatal', '%R= (Cantidad de alumnos repitentes/ Matrícula)*100'),
	(82, 40, 'FEPBA: Porcentaje de alumnosde 7mo grado de escuelas primarias estatales, ubicados en los Grupos de Desempeño 0 y 1 en Prácticas del Lenguaje', '(Cantidad de alumnos ubicados en los Grupos de Desempeño 0 y 1 en Prácticas del Lenguaje  / Matrícula de 7mo grado)*100'),
	(83, 40, 'FESBA: Porcentaje de alumnos de 5to y 6to año de establecimientos secundarios estatales ubicados en los Grupos de Desempeño 0 y 1 en Matemática por debajo del nivel.', '(Cantidad de alumnos por debajo del nivel bajo en matemática / Matrícula)*100'),
	(84, 38, 'Porcentaje de alumnos de sala de 3 que no obtienen una vacante', 'Cantidad de alumnos de 3 años en lista de espera / Matrícula de 3 * 100'),
	(85, 38, 'Brecha entre el puntaje promedio de las comunas que obtienen el puntaje más alto y más bajo en los resultados de las evaluaciones censales de matemática de FEPBA.', '(puntaje promedio de la comuna de menor nivel) / (puntaje promedio de la comuna de mayor nivel)'),
	(86, 38, 'Porcentaje de matrícula que concurre a jornada extendida en escuelas de gestión estatal.', '%A= (Matrícula de jornada extendida/ Matrícula de jornada simple)*100'),
	(87, 39, 'Porcentaje de matrícula de nivel inicial, primario y secundario registrada en  SIGED', '%M=(Matrícula registrada/Matrícula total)'),
	(88, 39, 'Matrícula total de los Institutos de Formación Docente', 'Sumatoria de alumnos que se matriculan en los Institutos de Formación Docente'),
	(89, 39, 'Porcentaje de alumnos que egresan de los Institutos de Formación Docente respecto a los que ingresan.', '%A=(Alumnos que egresan/Alumnos que ingresan)'),
	(90, 41, 'Porcentaje de docentes capacitados en nuevas tecnologías', '%D=(Docentes capacitados/Docentes totales)'),
	(91, 41, 'Cantidad de alumnos inscriptos en carreras afines a tecnologías en Institutos de Formación Superior con formación en tecnología', 'Sumatoria de alumnos'),
	(92, 40, 'FESBA: Porcentaje de alumnos de 5to y 6to año de establecimientos secundarios estatales ubicados en los Grupos de Desempeño 0 y 1 en Lengua y Literatura', '(Cantidad de alumnos ubicados en los Grupos de Desempeño 0 y 1 en Lengua y Literatura  / Matrícula de 5to y 6to año)*100'),
	(93, 38, 'Brecha entre el puntaje promedio de las comunas que obtienen el puntaje más alto y más bajo en los resultados de las evaluaciones censales de matemática de FESBA.', '(puntaje promedio de la comuna de menor nivel) / (puntaje promedio de la comuna de mayor nivel)'),
	(94, 39, 'Porcentaje de escuelas cuya infraestructura se encuentra en estado bueno', 'Para poder determinar el estado de una escuela en Muy buena, buena, regular o critica se utiliza una formula polinómica donde tiene en cuentas muchos factores que se ponderan.  Por ejemplo:  - Estructura - Espacios Exteriores - Espacios Interiores - Carpinterias - Instalación Electrica - Instalación Gas/termomecanica - Instalación Sanitaria - Ley de accesibilidad - Cocina/Baño - Cubierta/Techos - Funcionalidad  Cada uno de estos se valorizan y después se los pondera, y da como resultado un coeficiente.'),
	(95, 40, 'FEPBA: Porcentaje de alumnos de 7mo grado de escuelas primarias estatales ubicados en los Grupos de Desempeño 0 y 1 en Matemática', '(Cantidad de alumnos ubicados en los Grupos de Desempeño 0 y 1 en Matemática / Matrícula de 7mo grado)*100'),
	(96, 38, 'Brecha  entre el porcentaje de abandono/deserción del secundario de la escuela de gestión estatal de la comuna con nivel más bajo y de la comuna con nivel más alto.', '(% de abandono de la comuna de menor nivel) / (% de abandono de la comuna de mayor nivel)'),
	(97, 40, 'Porcentaje de abandono/deserción en el nivel secundario en escuelas de gestión estatal.', '%A= (Cantidad de alumnos que salidos sin pase / Matrícula inicial)*100'),
	(98, 40, 'Porcentaje de promovidos en el nivel secundario en escuelas de gestión estatal.', '%P= (Cantidad de alumnos promovidos / Matrícula) * 100'),
	(99, 41, 'Nivel de desarrollo de habilidades socioemocionales de los alumnos', 'En blanco'),
	(100, 42, '1.3.- Cantidad de extranjeros residentes en la CABA capacitados', 'Sumatoria de extranjeros capacitados en el programa “En la Ciudad, Votas”'),
	(101, 42, '3.1.- Cantidad de pedidos de Acceso a la Informacion Publica (AIP) ingresados.', 'Sumatoria de Pedidos de Acceso a la Información Pública (AIP) ingresados a la Dirección General de Seguimiento de Organismos de Control y Acceso a la Información a través mesa de entrada, Centros de Gestión y Participación Comunales (CGP) y tramite a distancia (TAD), por los ciudadanos, Organizaciones Civiles, Legisladores, etc., en el marco de la Ley 104/1998 de la Ciudad.'),
	(102, 42, '2.5.1.- Tiempo promedio de expedicion de partidas de Nacimiento, Defuncion y Casamiento solicitadas en forma presencial CON APORTES de datos', 'Sumatoria de tiempo de expedición de partidas de Nacimiento, Defuncion y Casamiento solicitadas en forma presencial CON APORTES de datos sobre el total de partidas de Nacimiento, Defuncion y Casamiento solicitadas en forma presencial CON APORTES de datos'),
	(103, 42, '2.6.1.- Tiempo promedio de expedicion de partidas de Nacimiento, Defuncion y Casamiento solicitadas en forma presencial SIN APORTES de datos', 'Sumatoria de tiempo de expedición de partidas de Nacimiento, Defunción y Casamiento en forma presencial sin aporte de los datos, ya sean catastrales (numero de acta, tomo y año), DNI del que compone la partida o nombre, apellido y día de celebración del acontecimiento sobre el total de partidas de Nacimiento, Defuncion y Casamiento solicitadas en forma presencial SIN APORTES de datos'),
	(104, 42, '2.7.1.- Tiempo promedio de expedicion de partidas de Nacimiento, Defuncion y Casamiento solicitadas via Web CON APORTES de datos', 'Sumatoria de tiempo de expedición de partidas de Nacimiento, Defunción y Casamiento via Web con aporte de los datos, ya sean catastrales (numero de acta, tomo y año), DNI del que compone la partida o nombre, apellido y día de celebración del acontecimiento sobre el total de de partidas de Nacimiento, Defunción y Casamiento via Web con aporte de los datos, ya sean catastrales (numero de acta, tomo y año), DNI del que compone la partida o nombre, apellido y día de celebración del acontecimiento.'),
	(105, 42, '2.8.1.- Tiempo promedio de expedicion de partidas de Nacimiento, Defuncion y Casamiento solicitadas via Web SIN APORTES de datos', 'Sumatoria de tiempo de expedición de partidas de Nacimiento, Defunción y Casamiento via Web sin aporte de los datos, ya sean catastrales (numero de acta, tomo y año), DNI del que compone la partida o nombre, apellido y día de celebración del acontecimiento sobre el total de partidas de Nacimiento, Defunción y Casamiento via Web sin aporte de los datos, ya sean catastrales (numero de acta, tomo y año), DNI del que compone la partida o nombre, apellido y día de celebración del acontecimiento.'),
	(106, 42, '3.2.- Cantidad de Pedidos de Acceso a la información Publica contestados.', 'Sumatoria de pedidos de acceso a la Información Publica (AIP) contestados por las áreas correspondientes del Gobierno de la Ciudad de acuerdo a lo establecido por la Ley 104/1998'),
	(107, 42, '1.1.- Cantidad de establecimientos educativos nivel medio en donde se realizaron capacitaciones', 'Sumatoria de establecimientos capacitados en el programa ”Mi Voto, Mi Elección”'),
	(108, 43, '1.1.- Disposición mensual de RSU en Obra de Compatibilización de módulos en el Complejo Ambiental Norte III CEAMSE (Toneladas totales "enterradas" de residuos sólidos urbanos en relleno sanitario)', 'Suma de TN diarias dispuestas provenientes de la CABA y la PBA en Obra de Compatibilización de módulos'),
	(109, 43, '1.3.- Suma mensual de RSU provenientes de la CABA dispuestas en el Complejo Ambiental Norte III CEAMSE / Promedio diario  (Toneladas "enterradas" de residuos sólidos urbanos en relleno sanitario provenientes de la CABA)', 'Promedio diario de toneladas de residuos dispuestas por la CABA (calculado mensualmente) para cumplimiento Acuerdo CABA y PBA / Línea de base 2012'),
	(110, 44, '1.2.- Traspaso del inmueble a la CABA e inscripción en el RPI-Celebración convenio', 'Sumatoria de hectareas'),
	(111, 42, '2.6.- Cantidad de partidas de Nacimiento, Defuncion y Casamiento solicitadas en forma presencial SIN APORTES de datos', 'Sumatoria de solicitud de partidas de Nacimiento, Defuncion y Casamiento solicitadas en forma presencial SIN APORTES de datos'),
	(112, 42, '2.3.- Cantidad de trámites para la obtención del DNI de recien nacido ingresados', 'Sumatoria de los tramites de solicitud de DNI de recién nacidos en CABA ingresados'),
	(113, 42, '2.4.- Cantidad de trámites para la obtención de pasaportes ingresados', 'Sumatoria de solicitud de tramites para la obtención de pasaportes en general ingresados'),
	(114, 42, '2.5.- Cantidad de partidas de Nacimiento, Defuncion y Casamiento solicitadas en forma presencial CON APORTES de datos', 'Sumatoria de la solicitud de partidas de Nacimiento, Defuncion y Casamiento en forma presencial CON APORTE de datos'),
	(115, 42, '2.1.- Cantidad de partidas de defuncion expedidas', 'Sumatoria de partidas de defunción emitidas por la Gerencia de Defunciones ubicadas en las oficinas del Cementerio de la Chacarita, con sub Sede en Flores, pertenecientes al Registro Civil'),
	(116, 42, '2.2.- Cantidad de rectificaciones de partidas de Defuncion, Nacimiento y Casamiento', 'Sumatoria de partidas de Defuncion, Nacimiento y Casamientos rectificadas por la Sub Gerencia Registral'),
	(117, 42, '2.1.1.- Tiempo promedio de expedición de las partidas de defunción.', 'Cantidad Total'),
	(118, 42, '4.1.- Porcentaje de personas satisfechas que participaron del programa Conociendo BA', 'Porcentaje'),
	(119, 42, '1.2.- Porcentaje de establecimientos educativos de nivel medio en donde se realizaron capacitaciones.', 'Cantidad de establecimientos educativos de nivel medio capacitados sobre el total de establecimientos educativos de nivel medio'),
	(120, 42, '2.7.- Cantidad de partidas de Nacimiento, Defuncion y Casamiento solicitadas via Web CON APORTES de datos', 'Sumatoria de solicitudes de partida de Nacimiento, Defuncion y Casamiento solicitadas via Web CON APORTES de datos'),
	(121, 42, '2.8.- Cantidad de partidas de Nacimiento, Defuncion y Casamiento solicitadas via Web SIN APORTES de datos', 'Sumatoria de solicitudes de partida de Nacimiento, Defuncion y Casamiento solicitadas via Web SIN APORTES de datos'),
	(122, 42, '2.2.1.- Tiempo promedio de rectificaciones de partidas de defuncion, nacimiento y casamiento', 'Cantidad Total'),
	(123, 43, '1.2.- Porcentaje de Reducción de RSU provenientes de la CABA dispuestos en el Complejo Ambiental Norte III (Porcentaje de reducción de residuos sólidos urbanos "enterrados" en relleno sanitario provenientes de la CABA teniendo en cuenta Línea de Base)', 'Porcentaje de reducción en toneladas de residuos dispuestas por la CABA (calculado mensualmente)  para cumplimiento Acuerdo CABA y PBA/ Línea de base 2012'),
	(124, 49, 'Diseñar las Estructuras Organizativas correspondientes al Régimen Gerencial.', 'Cantidad de ministerios con estructuras del Régimen Gerencial readaptadas / Cantidad total de ministerios'),
	(125, 49, 'Proporción de agentes con evaluación de desempeño realizada y validada.', 'Cantidad de agentes con evaluación realizada y validada / cantidad total de agentes evaluables'),
	(126, 49, 'Análisis de dotaciones indicativas en diferentes áreas de Gobierno.', 'Sumatoria de la cantidad de análisis de dotación finalizados.'),
	(127, 48, 'Índice Financiamiento- Mercado Local e Internacional.', 'Monto financiamiento obtenido /  Programado (Planilla Nº 44 Anexa al Art. 11, modificatorias y leyes específicas)'),
	(128, 53, 'Variación porcentual de asistencia de los contribuyentes a dependencias.', '((ACC-ACA)/ACA)*100  ACC: Asistencia contribuyentes mes- año en curso ACA: Asistencia contribuyentes mes- año anterior'),
	(129, 48, 'Índice Perfil Deuda', 'IPDt= DT1 *1 + DT2 *2…+ DTn*n/sumDT  IPD: índice perfil deuda sumDT: sumatoria deuda total Tn: Año (Siendo t1 el año 2016 y t2 el año 2017)'),
	(130, 52, 'Dependencias Implementadas.', 'Cantidad de dependencias implementadas/Cantidad de dependencias planificadas'),
	(131, 52, 'Funcionalidades a Ciudadanos/ Proveedores Implementadas.', 'Cantidad de funcionalidades implementadas/Cantidad de funcionalidades planificadas'),
	(132, 52, 'Proyectos Internos Implementados.', 'Cantidad de proyectos implementadas/Cantidad de proyectos planificados'),
	(133, 53, 'Implementación de Modelo de Gestión.', 'N/A'),
	(134, 53, 'Variación de la Recaudación respecto a la meta interna anual.', '(Recaudación Mes (X+1) - Menos Recaudación Mes X) / Recaudación Mes X *100 X = Año'),
	(135, 48, 'Índice Financiamiento - Préstamos con Organismos Internacionales de Crédito.', 'Priorización Obtenida/ Presentada'),
	(136, 51, 'Variación del gasto anual en Becas de Alimentación del Ministerio Educación 2016 respecto de 2015.', 'Diferencia semestral acumulada 2016 respecto mismo período 2015'),
	(137, 51, 'Variación del gasto anual en Contratos Locación de Servicios 2016 respecto de 2015.', 'Diferencia Trimestral acumulada 2016 respecto mismo período 2015'),
	(138, 51, 'Variación del gasto acumulado anual en Seguridad Privada 2016 respecto de 2015', 'Diferencia trimestral acumulada 2016 respecto mismo período 2015'),
	(139, 50, 'Índice Informe Ingresos', 'Informes Mensuales de  Ingresos Realizados/Informes Mensuales de Ingresos Programados (8)'),
	(140, 50, 'Índice Informe Variables Macro', 'Informes Mensuales de Coyuntura Macro Realizados/Informes Mensuales de Coyuntura Macro Programados (3)'),
	(141, 50, 'Índice Informe Gastos', 'Informes Mensuales de Gastos Realizados/Informes Mensuales de Gastos Programados (8)'),
	(142, 54, 'Porcentaje de mediaciones comunitarias concluidas', '(mediaciones concluidas/total mediaciones)*100'),
	(143, 55, 'Porcentaje de personas que perciben una posibilidad alta de ser víctima de un delito en su barrio.', 'respuestas EAV muy alto+ respuestas alto/ total de personas encuestadas en EAV *100'),
	(144, 55, 'Porcentaje de oficiales de la PM sin experiencia previa graduados', '(Aspirantes Egresados / Aspirantes Incorporados) *100'),
	(145, 55, 'Porcentaje de oficiales de la PM evaluados', '(oficiales evaluados / total de oficiales a evaluar) *100'),
	(146, 55, 'Porcentaje de personas con una percepción positiva de la actuación de la Policía en su barrio.', 'respuestas EAV MUY BIEN+ respuestas BIEN/ total de personas encuestadas EAV*100'),
	(147, 74, 'Monto de inversiones comprometidas a través de herramientas financieras innovadoras', 'Sumatoria de inversiones comprometidas por año'),
	(148, 74, 'Cantidad de nuevas empresas generadas por financiación recibida por estas herramientas.', 'Sumatoria de empresas creadas.'),
	(149, 74, 'Monto de inversiones gestionadas por herramientas de innovación financiera (2017)', 'Sumatoria de inversiones realizadas por año'),
	(150, 69, 'Candidatos finales presentados', 'Sumatoria de candidatos presentados'),
	(151, 69, 'Participantes de programas de inserción conectados con Pymes', '( Total de participantes del programa contratados / Total de cantidad de participantes de los programas ) * 100'),
	(152, 58, 'Participación de las exportaciones de servicios CABA (USD) en el total exportado.', 'Aporte exportaciones servicios PBI CABA 2016 / PBI 2016'),
	(153, 58, 'Cantidad de proyectos de transferencia tecnológica generados por UVTs radicados en la ciudad', 'Aporte exportaciones servicios PBI CABA 2016 / PBI 2016'),
	(154, 60, 'Cantidad de nuevos emprendimientos en la Ciudad', 'Cantidad de emprendimientos creados en 2016'),
	(155, 67, 'Cantidad de emprendimientos y empresas orientadas al impacto y la inclusión social', 'Encuesta'),
	(156, 61, 'Porcentaje de la población alcanzada por la MI BA.', '(Cantidad de usuarios MI BA residentes en CABA/Población CABA)*100'),
	(157, 61, 'Cantidad de descargas de data sets', 'Cantidad de descargas de sets de datos abiertos.'),
	(158, 67, 'Porcentaje de emprendimientos por necesidad', 'Total emprendedoras por necesidad / Total de emprendedores'),
	(159, 71, 'Avance de obra', 'Sumatoria de % de avance de obras/ total de obras'),
	(160, 72, 'Ranking Trip Advisor "Top 25"', 'Posición Ranking  Trip Advisor 2016'),
	(161, 72, 'Dimensión del retorno sobre la inversión de eventos en publicaciones de prensa extranjera.', '(Visitas al sitio web de Turismo GCBA 2016 - Visitas al sitio web de Turismo GCBA 2015) /Visitas al sitio web de Turismo GCBA 2015'),
	(162, 65, 'Gasto de los cruceristas extranjeros que pernoctan en CABA.', 'Encuesta a cruceristas en puerto, incluye alojamiento, alimentación, traslado, compras y otros.'),
	(163, 65, 'Cantidad de los cruceristas en CABA.', 'Variación interanual total de cruceristas'),
	(164, 65, 'Crecimiento del turismo proveniente de los EEUU y Canadá', 'Variación interanual de entradas de turistas por Ezeiza y Aeroparque'),
	(165, 65, 'Gasto de los asistentes extranjeros a congresos en CABA', 'Gasto promedio diario en base  a encuesta en conjunto con el observatorio de reuniones de la Nación'),
	(166, 76, 'Capacitaciones operadores', 'Sumatoría de  capacitaciones anuales'),
	(167, 76, 'Congresos ICCA (International Congress and Convention Association)', 'Sumatoría de cantidad de congresos ICCA'),
	(168, 62, 'Ferias Nacionales o Internacionales nuevas en las que se participa', 'Sumatoria de las Ferias Nacionales o Internacionales en las que se participa anualmente'),
	(169, 71, 'Beneficiarios de eventos del Programa Educativo y Cultural', 'Sumatorias de personas beneficiadas'),
	(170, 63, 'Participantes activos de clínica deportiva', 'Participantes activos'),
	(171, 71, 'Porcentaje de eventos sustentables', '( Cantidad de eventos sustentables / Total de eventos )*100'),
	(172, 63, 'Participantes  pasivos de clínica deportiva', 'Sumatoria de participantes pasivos en clínicas deportivas 2015'),
	(173, 63, 'Participantes pasivos en actividades escolares', 'Sumatoria de participantes pasivos de actividades escolares 2015'),
	(174, 63, 'Participantes activos en actividades escolares', 'Sumatoria de participantes activos de actividades escolares 2015'),
	(175, 63, 'Grado de conocimiento de los Juegos Olímpicos', 'Porcentaje de encuestados que respondió que tenía conocimiento de los Juegos/cantidad de encuestados'),
	(176, 66, 'Monto inversiones gestionadas por la SSI vs año anterior', '( Cantidad de millones en U$D de inversiones realizadas durante 2016 - Cantidad de millones en U$D de inversiones realizadas durante 2015 ) / Cantidad de millones U$D de inversiones realizadas durante 2015'),
	(177, 66, 'Incremento de la cantidad de inversiones gestionadas por la SSI', '( Cantidad de inversiones realizadas en 2016 - Cantidad de inversiones realizadas en 2015 ) / Cantidad de inversiones realizadas en 2015'),
	(178, 73, 'Incremento en la cantidad de nuevos puestos de trabajo generado en empresas.', '( Cantidad de nuevos puestos de trabajos generados 2016 - Cantidad de nuevos puestos de trabajo generados 2015 ) / Cantidad de nuevos puestos de trabajo generados 2015'),
	(179, 73, 'Incremento en el Monto de Inversiones Privadas en Distritos de la CABA.', '( Cantidad de Inversiones Privadas en Distritos CABA 2016 - Cantidad de Inversiones Privadas en Distritos CABA 2015 ) / Cantidad de Inversiones Privadas en Distritos CABA 2015'),
	(180, 73, 'Incremento en la cantidad de nuevas empresas radicas en los Distritos de la CABA', '( Cantidad de nuevas empresas instaladas en Distritos 2016 - Cantidad de nuevas empresas instaladas en Distritos 2015 ) / Cantidad de nuevas empresas instaladas en Distritos 2015'),
	(181, 69, 'Crecimiento de Pymes en BA', '((Total de Pymes 2016 - Total de Pymes 2015 ) / Total de Pymes 2015)*100'),
	(182, 69, 'Pymes asesoradas', 'Total registros en el sistema Ventanilla Única Pyme / Total Pymes CABA'),
	(183, 69, 'Satisfacción de las Pymes Asesoradas', 'Puntaje promedio general de encuesta con rango de puntaje entre 1  y 5.'),
	(184, 68, 'Índice de Disponibilidad de Tecnología Informes "Cities of Oportunities" PWC', 'Posición ranking'),
	(185, 68, 'Participantes de plataforma de innovación participativa.', 'Suma total de participantes'),
	(186, 68, 'Cantidad de proyectos evaluados', 'Sumatoria de proyectos evaluados.'),
	(187, 75, 'Nivel de concientización sobre prácticas sustentables del gobierno.', '(Puntaje general de encuesta de concientización sobre prácticas sustentables 2016 - Puntaje general de encuesta de concientización sobre prácticas sustentables T0)/ Puntaje general de encuesta de concientización sobre prácticas sustentables T0'),
	(188, 75, 'Crecimiento de la cantidad de material reciclado en Puntos Verdes', '(Cantidad de material reciclable recibido 2016 - Cantidad de material reciclable 2015) / Cantidad de material recicable recibido 2015'),
	(189, 75, 'Porcentaje del consumo del material PET reciclabe en infraestructura', '(Cantidad de material reciclado convertido en infraestructura / Cantidad de material reciclable disponible)*100'),
	(190, 75, 'Concientización vecinos áreas de ZUS', '(Puntaje general de encuesta de concientización ZUS  - Puntaje general de encuesta de concientización ZUS T0)/ Puntaje general de encuesta de concientización sobre ZUS T0'),
	(191, 75, 'Reducción Huella de Carbono', 'Sumatoria de CO2 ahorrado por implementación de actividades de mitigación.'),
	(192, 75, 'Indice "Sustentabilidad y Medio Ambiente" del Informe "Cities of Oportunities" de PWV', 'Posición en el eje "Sustentabilidad y Medio Ambiente" del Informe "Cities of Oportunities"'),
	(193, 59, 'Personas radicadas en la zona sur empleadas en el proyecto', 'Sumatoria de puestos de trabajos cubiertos con vecinos de la zona sur.'),
	(194, 59, 'Empleos ocupados con personas de la zona sur', 'Sumatoria de puestos de trabajos cubiertos con vecinos de la zona sur/ cantidad de nuevos puestos generados por el Comité organizador.'),
	(195, 61, 'Incremento de visitantes recurrentes activos digitales.', '(Porcentaje de visitantes recurrentes 2016 - Porcentaje de visitantes recurrentes 2015)  / Porcentaje de visitantes recurrentes 2015'),
	(196, 61, 'Crecimiento de descargas de APPs.', '((Cantidad de descargas de APPs 2016 - Cantidad de descargas APPs 2015 )/ Cantidad de descargas APPs 2015)*100'),
	(197, 58, 'Exportaciones de servicios de CABA', 'Volumen exportadaciones servicios  (USD) CABA  2016 - Volumen exportaciones servicios (USD) CABA 2015 ) / Volumen exportaciones servicios (USD) CABA 2015'),
	(198, 58, 'Nivel de articulación - vinculación con actores del ecosistema local', 'Cantidad de instituciones privadas con las que se vinculan las acciones y programas de la SS.'),
	(199, 60, 'Involucramiento ciudadanía en actividades emprendedoras', 'Nivel de participación GEM'),
	(200, 60, 'Participación actividades de promoción y desarrollo de emprendedores', 'Sumatoria de participantes en los diferentes programas destinados a emprendedores'),
	(201, 70, 'Cantidad de proyectos de reforma legislativa pública.', 'Cantidad de proyectos de reforma legislativa pública.'),
	(202, 64, '% de empleo formal en Industrias Creativas', '(Cantidad de empleos formalizados Industrias Creativas 2016 / Total Empelos Industrias Creativas)'),
	(203, 77, 'Crecimiento de sesiones en BA WIFI.', '(Cantidad de sesiones exitosas  BA Wifi 2016- Cantidad de sesiones exitosas  BA Wifi 2015)/Cantidad de sesiones exitosas BA Wifi 2015'),
	(204, 74, 'Cantidad de proyectos financiados por fondos de inversion (2017)', 'Sumatoria de empresas financiadas'),
	(205, 74, 'Cantidad de nuevos puestos de trabajo generado en empresas (2017)', 'Sumatoria de empleos comprometidos por año'),
	(206, 69, 'Alcance del programa de valores', 'Sumatoria de personas alcanzadas por la campaña digital del Programa de Valores'),
	(207, 58, 'Cantidad total de usuarios de la plataforma de acceso al Ecosistema', 'Sumatoria de usuarios únicos visitantes de la plataformas 2016'),
	(208, 64, 'Porcentaje del PBI que representan las Industrias Creativas', 'PB Industrias Creativas /PB GCBA'),
	(209, 67, 'Cantidad de nuevos empleos generados por programas de emprendedorismo.', 'Sumatoria de nuevos empleos generados por programa de emprendedorismo.'),
	(210, 77, 'Interacciones en infraestructuras inteligentes.', 'Sumatoria de interacciones en plataformas inteligentes'),
	(211, 77, 'Nuevos usuarios de BA Wifi.', 'Sumatoria de nuevos usuarios de  BA WIfi'),
	(212, 72, 'Visitas orgánicas al sitio web de Turismo GCBA', '(Visitas al sitio web de Turismo GCBA 2016 - Visitas al sitio web de Turismo GCBA 2015) /Visitas al sitio web de Turismo GCBA 2015'),
	(213, 62, 'Crecimiento del turismo internacional.', '(Entradas turismo internacional Ezeiza, Aeroparque y Puerto 2016 - Entradas turismo internacional Ezeiza, Aeroparque y Puerto 2015) /Entradas turismo internacional Ezeiza, Aeroparque y Puerto 2015'),
	(214, 77, 'Crecimiento de la cantidad de interacciones por visitante', '(Promedio de interacciones por visitante 2016 - Promedio de interacciones por visitante 2015)/Promedio de interacciones por visitante 2015'),
	(215, 61, 'Incremento de visitantes únicos activos digitales.', '(Cantidad de visitantes únicos en plataformas digitales 2016 - Cantidad de visitantes únicos en plataformas digitales 2015)/Cantidad de visitates únicos de plataformas digitales 2015'),
	(216, 77, 'Cantidad de nuevos usuarios en infraestructuras inteligentes.', 'Sumatoria de  nuevos usuarios en plataformas inteligentes'),
	(217, 74, '% Inversiones efectuadas versus comprometidas (2017)', '( Cantidad de millones de U$D invertidos / Cantidad de millones de U$D comprometidos ) *100'),
	(218, 86, 'Cantidad de equipos básicos de salud conformados en comunas priorizadas (Comunas 4, 8 y 9)', 'Sumatoria de equipos básicos de salud en comunas priorizadas'),
	(219, 86, 'Porcentaje de actividades comunitarias realizadas en las UTIU.', 'Número de actividades comunitarias efectivamente realizadas sobre la cantidad de actividades comunitarias programadas en las UTIU'),
	(220, 87, 'Ratio de profesionales disponibles sobre demanda efectiva de emergencias de SAME.', 'Cantidad de profesionales/demanda total de atención'),
	(221, 87, 'Cantidad de referencias-contrareferencias  realizada por la Red de Hospitales.', 'Número de referencias-contrareferencias realizadas por la red de Hospitales.'),
	(222, 88, '% Aumento del ingreso de los programas financiados por terceros.', 'Ingreso de los programas financiados por terceros 2016 - ingreso de los programas financiados por tercero  2015 /   ingreso de los programas financiados por tercero  2015'),
	(223, 89, '% de turnos programados exclusivamente por línea 147/web', 'Cantidad de turnos otorgados por 147/web sobre cantidad de turnos programables por 147/web'),
	(224, 89, '% de turnos programables', 'Cantidad de turnos programables sobre cantidad total de turnos (Brindados via sistema web, telefonica y presencial)'),
	(225, 85, 'Cobertura interdisciplinaria de la población altamente vulnerable en comunas priorizadas (4, 8 y 9)', 'Número de población altamente vulnerable a cargo de la UTIU con equipos inter-ministeriales funcionando sobre el total de población altamente vulnerable a cargo de la UTIU.'),
	(226, 86, 'Porcentaje de Cobertura de la Red de CEMAR/CESAC de población objetivo ( con cobertura de salud pública exclusiva)', 'Población atendida en CEMAR/CESAC  sobre población objetivo'),
	(227, 89, '% de Cesac con HCUE (identificacion de personas, gestion centralizada agendas y documentación clínica).', 'Cantidad total de Cesac con HCUE (identif de personas, gestion centralizada agendas y documentación clínica)/ Cantidad total de Cesac (14)'),
	(228, 89, 'Porcentaje de Cesac con HCUE (modulo prescripción de medicamentos y farmacias ).', 'Cantidad total de Cesac con HCUE (modulo prescripción de medicamentos y farmacias)/ Cantidad total de Cesac (14)'),
	(229, 86, '% de personas de la población objetivo* dentro del radio de cobertura de los CESAC/CEMAR (a 15 minutos de su vivienda)', 'Cantidad de personas de la  población objetivo que se encuentran a una distancia de hasta 15 minutos del CESAC-CEMAR/cantidad de personas de la población objetivo'),
	(230, 89, '% de Cesac con HCUE (práctica clínica y laboratorio).', 'Cantidad total de Cesac con HCUE (prática clínica y laboratorio )/ Cantidad total de Cesac (14)'),
	(231, 89, '% de celulares con acceso a wifi y empadronados en población objetivo en UTIU en comunas priorizadas (4, 8 y 9).', 'Cantidad de celulares con acceso a wi fi y empadronados en población objetivo en UTIU/total de celulares con acceso a wifi en la población objetivo en UTIU en comunas priorizadas'),
	(232, 89, '% de Cesac con agenda de turnos programados (SIGHEOS)', 'Cantidad total de Cesac con agenda sigheos / Cantidad total de Cesac (14)'),
	(233, 89, '% de turnos programados', 'Cantidad de turnos programados/cantidad de turnos programables'),
	(234, 89, 'Tasa de asistencia a consultas programadas', 'Cantidad de personas atendidas con turno programado/cantidad de turnos programados'),
	(235, 91, 'Embajadores reclutados', 'Certificados emitidos'),
	(236, 91, 'Calidad y pertinencia de las capacitaciones', 'Sumatoria de puntaje promedio de satisfacción / total de encuestados'),
	(237, 91, 'Cantidad de empleados capacitados', 'Certificados emitidos'),
	(238, 91, 'Jóvenes que finalizan el programa Jóvenes Profesionales', 'Cantidad de JP con desempeño mayor a 70'),
	(239, 91, 'Satisfacción con el Programa Momentos de Cambio', 'Sumatoria de puntaje promedio de satisfacción / total encuestados'),
	(240, 90, 'Organizaciones barriales comprometidas en políticas de cambio cultural', 'Cantidad de organizaciones barriales que firman compromiso'),
	(241, 90, 'Vecinos Comprometidos', 'Cantidad de vecinos que se suman voluntariamente a la base de datos'),
	(242, 90, 'Empresas alineadas con los objetivos de cambio cultural participantes en diversas acciones vinculadas a RSE y sustentabilidad para mejora de convivencia entre vecinos', 'Sumatoria de Empresas que participaron en programas'),
	(243, 90, 'ONGs alineadas con los objetivos de cambio cultural participantes en acciones de RSE y sustentabilidad para mejora de convivencia entre vecinos', 'Sumatoria ONGs que participaron en programas'),
	(244, 90, 'Calidad de informes demográficos y etnográficos generados sobre actitudes y comportamientos de las personas que permita intervenciones más eficientes y monitorear el nivel de cambio y evolución cultural', 'Sumatoria del puntaje promedio de satisfacción / total encuestados'),
	(245, 106, '% de Intervenciones realizadas/intervenciones planificadas de Arbolado', 'Intervenciones realizadas divido las intervenciones planificadas'),
	(246, 103, 'Promedio de satisfacción con la resolución de reclamos ingresados por SUACI (todas las prestaciones)', 'Sumatoria de puntaje de satisfacción con la resolución de los reclamos/total de encuestados'),
	(247, 102, 'Cantidad de eventos organizados por las Comunas', 'La suma de los eventos organizados por la Comuna.'),
	(248, 102, 'Cantidad de interacciones de los vecinos con las fan page de  todas las Comunas y BA COMUNAS en Facebook.', 'La suma de todas las interacciones (like, share) de los vecinos en las publicaciones que realizan las Comunas en sus redes sociales.'),
	(249, 102, 'Cantidad de newsletters enviados a los vecinos desde las Comunas.', 'La suma de los newsletters enviados a los vecinos desde las Comunas.'),
	(250, 104, 'Promedio de satisfacción de los asistentes a las capacitaciones internas', 'Sumatoria de puntaje de satisfacción con la capacitación/total de encuestados'),
	(251, 102, 'Cantidad de asistentes a eventos organizados por la SECDES.', 'La suma de los asistentes a todos los eventos.'),
	(252, 102, 'Cantidad de servicios desconcentrados disponibles en las UACs.', 'La suma de los servicios que se encuentran disponibles de manera desconcentrada en las Unidades de Atención Ciudadana.'),
	(253, 104, 'Cantidad de capacitaciones ofrecidas por la SECDES (internas)', 'La suma de las capacitaciones internas brindadas.'),
	(254, 104, 'Cantidad de capacitaciones ofrecidas a las Comunas (Externas)', 'La suma de todas las capacitaciones brindadas por la SECDES.'),
	(255, 105, 'Cantidad de articulaciones de la SECDES con otras jurisdicciones para coordinar acciones junto a las Comunas.', 'La suma de las articulaciones de la SECDES con otras jurisdicciones para coordinar acciones junto a las Comunas.'),
	(256, 105, 'Cantidad de propuestas de otras áreas de gobierno compartidas por la SECDES.', 'La suma de todas las piezas compartidas por la SECDES de otras dependientes del GCBA en Facebook.'),
	(257, 102, 'Cantidad de asistentes a eventos organizados por las Comunas.', 'La suma de los asistentes a los eventos organizados en las Comunas'),
	(258, 102, 'Cantidad de eventos organizados por la SECDES.', 'La suma de los eventos organizados por la SECDES'),
	(259, 104, 'Promedio de satisfacción de los asistentes a las capacitaciones externas', 'Sumatoria de puntaje de satisfacción con la capacitación/total de encuestados'),
	(260, 104, 'Porcentaje de participación en las reuniones del Consejo Consultivo Intercomunal.', 'sumatoria de asistentes/total de asistentes esperados'),
	(261, 103, 'Promedio de satisfacción con la atención recibida en las UACs', 'Sumatoria de puntaje de satisfacción con la atención recibida/total de encuestados'),
	(262, 106, '% de hectáreas descentralizadas mantenidas/total de hectáreas descentralizadas (EEVV)', 'Cantidad de hectáreas mantenidas dividido la cantidad de hectáreas descentralizadas.'),
	(263, 106, '% de Intervenciones realizadas/intervenciones planificadas de Veredas (por corte de raíz y extracciones)', 'Intervenciones realizadas dividido las intervenciones planificadas.'),
	(264, 103, '% de Intervenciones realizadas/intervenciones planificadas de Bacheo', 'Cantidad de intervenciones realizadas dividido la cantidad de intervenciones planificadas'),
	(265, 109, 'Cantidad de módulos participativos realizados', 'Cantidad de módulos participativos'),
	(266, 109, 'Porcentaje de proyectos que contemplen los resultados de sus instancias participativas', 'Proyectos que contemplan los resultados de sus instancias particpativas/ Total de proyectos'),
	(267, 110, 'Porcentaje de familias en situación vulnerable', 'Porcentaje de familias según índice de vulnerabilidad social'),
	(268, 110, 'Cantidad de servicios y programas gubernamentales (Ciudad y Nación) existentes mantenidos y centralizados en Casa Común', 'Cantidad de servicios gubernamentales mantenidos en El Galpón'),
	(269, 109, 'Calles pavimentadas', 'Suma de metros de calles intervenidas'),
	(270, 107, 'Cantidad de vivienda nueva construida', 'Cantidad de viviendas construidas'),
	(271, 107, 'Familias relocalizadas', 'Suma de unidades familiares'),
	(272, 110, 'Gente benificiaria de un programa social', 'Sumatoria de cantidad de beneficiarios'),
	(273, 110, 'Porcentaje de familias vulnerables acompañadas mediante un abordaje integral', 'Familias acompañadas / Total de familias en situación vulnerable'),
	(274, 108, 'Cantidad de personas que participaron en actividades del CEDEL', 'Sumatoria de cantidad de participantes y beneficiarios'),
	(275, 109, 'Oferta de transporte público en el barrio', 'Sumatoria de colectivos que entran en un día hábil en el barrio'),
	(276, 107, 'Cantidad de viviendas dominiadas', 'Sumatoria de viviendas dominiadas'),
	(277, 108, 'Cantidad de comercios formalizados', 'Sumatoria de comercios formalizados'),
	(278, 109, 'Porcentaje de población con necesidades básicas insatisfechas', 'Población con necesidades básicas insatisfechas / total de la población'),
	(279, 107, 'porcentaje de hogares en situación de hacinamiento', 'Cantidad de hogares en situación de hacinamiento / total de hogares del barrio'),
	(280, 107, 'Viviendas intervenidas', 'Monto de inversión total en mejoramiento de vivienda'),
	(281, 108, 'Espacios comerciales intervenidos', 'Sumatoria de espacios comerciales intervenidos'),
	(282, 108, 'Porcentaje de habitantes del barrio que tienen un trabajo formal', 'Habitantes que tienen un trabajo formal / Total de habitantes empleados'),
	(283, 108, 'porcentaje de personas económicamente activas en situación laboral precaria', 'Personas empleadas en forma precaria / Total de personas empleadas'),
	(284, 108, 'Puestos de la feria regulados e intervenidos', 'Sumatoria de la cantidad de puestos'),
	(285, 109, 'Metros de infraestructura en la red de tendido electrico construidos', 'Suma de metros construidos por red de servicio'),
	(286, 110, 'Cantidad de basura recolectada en el sistema de mantenimiento y recolección de residuos', 'Sumatoria de kg de basura'),
	(287, 109, 'Espacios públicos intervenidos', 'Suma de M2'),
	(288, 109, 'Metros de infraestructura de red cloacal construidos', 'Suma de metros construidos por red de servicio'),
	(289, 109, 'Metros de red de agua construidos', 'Suma de metros construidos por red de servicio'),
	(290, 109, 'Metros de red de pluviales construidos', 'Suma de metros construidos por red de servicio'),
	(291, 115, 'COMPROMISO DE MITIGACIÓN DE RIESGOS', 'Cantidad de Organismos que han firmado compromisos de mitigación de riesgos/Cantidad total de Organismos con Matriz de Riesgos diseñada'),
	(292, 115, 'Nivel de Madurez de Control Interno.', 'Cantidad de Organismos que han firmado compromiso para elevar su nivel de Madurez / Cantidad Total de Organismos con Autodiagnóstico de MAdurez realizado.'),
	(293, 114, 'Impacto de la acciones correctivas, preventivas y oportunidades de mejora en el Sistema de Gestión de Calidad medido en: Alto, Medio y Bajo y ponderado según estos resultados.', 'Sumaproducto de acciones y nivel de impacto en el Sistema de cada una de ellas (medido en: Alto, Medio y Bajo y ponderado respectivamente) / Cantidad de acciones totales implementadas.'),
	(294, 115, 'Satisfacción de los usuarios del Manual de Control Interno.', 'Cantidad de encuestas con resultado "Satisfecho"/ Cantidad total de encuestas recibidas.'),
	(295, 116, 'Satisfacción de los participantes de Encuentros Interministeriales', 'Cantidad de Encuestas con resultado "Satisfecho"/ Cantidad total de Encuestas recibidas.'),
	(296, 115, 'Satisfacción de los participantes de los Encuentros Académicos', 'Cantidad de encuestas con resultado "Satisfecho"/Cantidad total de encuestas recibidas'),
	(297, 114, 'Satisfacción de los Organismos Auditados.', 'Cantidad de encuestas con resultado "Satisfecho"/ Cantidad total de encuestas recibidas.'),
	(298, 115, 'Satisfacción de las Áreas asesoradas para la Certificación ISO 9001:2015', 'Cantidad de Encuestas con resultado "Satisfecho"/Cantidad total de encuestas recibidas.'),
	(299, 127, 'Cantidad de sistemas integrados con RIC', 'Sumatoria de sistemas integrados'),
	(300, 127, 'Nuevos programas con implementación TUS', 'Cantidad de  nuevos programas en TUS'),
	(301, 125, '% de ataques al sistema del GCBA minimizados', 'Cantidad de Ataques efectivos/cantidad de ataques mensuales'),
	(302, 125, 'Usuarios con Firma Digital', 'Usuarios con Firma Digital'),
	(303, 126, 'Porcentaje de cobertura de fibra óptica interconectada en CABA', 'KM fibra optica /superficie ciudad'),
	(304, 126, 'WI FI Disponible para conectarse', 'Cantidad de antenas de wi fi'),
	(305, 126, 'Telefonia IP - % de edificios públicos con telefonía IP', 'Cantidad de Edificios Publicos conectados con TIP/Q Edificios Publicos Totales'),
	(306, 127, 'Cantidad de reparticiones con Tableros de Control disponibilizados', 'Sumatoria de reparticiones'),
	(307, 127, 'Cantidad de boletas de pago para Hacienda integradas a Expediente Electronico', 'Sumatoria de boletas de pago integradas a EE'),
	(308, 126, 'Consumo mensual de datos BAWIFI', 'Sumatoria Mensual de Consumos en Proxys'),
	(309, 121, '% de solicitudes de MAyEP verificadas', 'Cantidad de solicitudes Verificadas /Cantidad de solicitudes ingresadas'),
	(310, 122, 'Tiempo promedio de obtencion de turno para Otorgamiento y renovacion de licencias', 'Sumatoria (día del turno - día de solicitud) / cantidad de turnos solicitados'),
	(311, 122, '% de licencias otorgadas dentro de los plazos establecidos', 'cantidad de licencias otorgadas dentro de los plazos establecidos/ total de licencias otorgadas'),
	(312, 121, '% de solicitudes de MAyEP atendidas', 'Cantidad de solicitudes atendidas/ cantidad de solicitudes ingresadas'),
	(313, 121, 'Tiempo promedio de permanencia de Autos abandonados en via pública desde su denuncia hasta su traslado', 'Sumatoria (día de traslado - día de denuncia) / cantidad de autos abandonados'),
	(314, 121, 'Grado de satisfacción en solicitudes por reclamos de MAyEP cumplidas', 'Cantidad de encuestados satisfechos / cantidad de encuestados de solicitudes cumplidas'),
	(315, 124, 'Porcentaje de Acuerdos en audiencias de conciliación', 'cantidad de acuerdos en audiencias de conciliación / cantidad de audiencias de conciliación'),
	(316, 123, 'Cantidad de usuarios de nuevo canal Facebook', 'Cantidad de usuarios por nuevo canal facebook'),
	(317, 123, 'Cantidad de gente haciendo fila sin turno para atención primaria en establecimientos de salud', 'Sumatoria de gente que hace fila sin turno Cantidad de gente haciendo fila sin turno para atención primaria en establecimientos de salud'),
	(318, 122, '% de satisfacción General en Tramites de Licencias', '% de encuestados satisfechos con el trámite / total de encuestados'),
	(319, 121, 'Tiempo promedio de verificación del TOTAL  de solicitudes ingresadas', 'Sumatoria del tiempo de verificación desde que se ingresa la solicitud hasta que se inspecciona/ cantidad de solicitudes ingresadas'),
	(320, 124, '% de empresas reincidentes sancionadas', 'cantidad de empresas reincidentes sancionadas/ cantidad total de empresas reincidentes'),
	(321, 122, 'Tiempo promedio de notificacion al ciudadano de sanciones a empresas realizadas por Defensa del Consumidor', 'Sumatoria de tiempo transcurrido desde la sanción hasta la notificación/ cantidad de sanciones realizadas'),
	(322, 122, 'Tiempo promedio en realización de audiencia conciliación', 'Sumatoria del tiempo entre el inicio y la fecha de confirmación de la audiencia/ cantidad de audiencias realizadas'),
	(323, 122, 'Tiempo promedio para la Solicitud de turno para realizar denuncias por 147', 'Sumatoria del tiempo de otorgamiento de turno para realizar denuncias/ cantidad de solicitudes'),
	(324, 122, '% de áreas con Certificación ISO 9001:2015', 'cantidad de áreas de servicio certificadas / cantidad de áreas más importantes certificables'),
	(325, 123, 'Cantidad de nuevos canales', 'cantidad de nuevos canales'),
	(326, 123, 'Cantidad de usuarios de nuevo canal whatsapp', 'cantidad usuarios nuevo canal'),
	(327, 121, '% cumplimiento SLA MAyEP Asfalto', 'Cantidad de Solicitudes cumplidas en el tiempo establecido/ total de solicitudes ingresadas verificadas'),
	(328, 121, '% cumplimiento SLA MAyEP Alumbrado', 'Cantidad de Solicitudes cumplidas en el tiempo establecido/ total de solicitudes ingresadas verificadas'),
	(329, 121, '% cumplimiento SLA MAyEP Mantenimiento espacios verdes', 'Cantidad de Solicitudes cumplidas en el tiempo establecido/ total de solicitudes ingresadas verificadas'),
	(330, 121, '% cumplimiento SLA MAyEP Pluviales', 'Cantidad de Solicitudes cumplidas en el tiempo establecido/ total de solicitudes ingresadas verificadas'),
	(331, 121, '% cumplimiento SLA HU Higiene-Reciclado', 'Cantidad de Solicitudes cumplidas en el tiempo establecido/ total de solicitudes ingresadas verificadas'),
	(332, 121, '% cumplimiento SLA HU Higiene- Limpieza', 'Cantidad de Solicitudes cumplidas en el tiempo establecido/ total de solicitudes ingresadas verificadas'),
	(333, 98, 'Cantidad de usuarios de estaciones saludables', 'Sumatoria de usuario'),
	(334, 98, 'Porcentaje de Escuelas Públicas que participan del programa mi escuela saludable', 'Cantidad de Escuelas que adhieren al programa sobre el total de escuelas publicas'),
	(335, 93, 'Mercado de CABA', 'Sumatoria de Mercados'),
	(336, 93, 'Paseos Gastronómicos', 'Sumatoria de Paseos Gastronómicos'),
	(337, 93, 'Cantidad de Restaurant de CABA', 'Sumatoria de Restaurant'),
	(338, 99, 'Usuarios de programas deportivos de la Subse', 'Usuarios semanales de las actividades dirigidas'),
	(339, 99, 'Clubes Barriales Inscriptos en el RUID', 'Sumatoria de Instituciones deportivas'),
	(340, 99, 'Participantes de actividades de eventos deportivos en la vía pública', 'Sumatoria de participantes'),
	(341, 97, 'Cantidad de participantes de las colectividades en la vida pública en la CABA (BA Celebra)', 'Sumatoria de participantes en eventos BA Celebra'),
	(342, 97, 'Participantes en Visitas guiadas al Parque de la Memoria', 'Sumatoria de participantes en visitas guiadas al Parque'),
	(343, 97, 'Usuarios de Casa Trans (comunidad LGBTI)', 'Sumatoria de servicios brindados por la Casa Trans'),
	(344, 94, 'Oportunidades laborales concretadas', 'Sumatoria de Oportunidades Laborales concretadas'),
	(345, 94, 'Entrevistas realizadas de orientación vocacional', 'Sumatoria de Entrevistas'),
	(346, 94, 'Bandas Musicales Inscriptas (a Bandas por Barrio)', 'Sumatoria de Bandas Inscriptas anualmente');
/*!40000 ALTER TABLE `indicador_estrategico` ENABLE KEYS */;

-- Dumping data for table proyectos_ba_generated.poblacion_meta: ~14 rows (approximately)
DELETE FROM `poblacion_meta`;
/*!40000 ALTER TABLE `poblacion_meta` DISABLE KEYS */;
INSERT INTO `poblacion_meta` (`idPoblacionMeta`, `nombre`) VALUES
	(1, 'Niño/Primera Infancia'),
	(2, 'Joven'),
	(3, 'Adulto'),
	(4, 'Adulto Mayor'),
	(5, 'Estudiante'),
	(6, 'Trabajador'),
	(7, 'Emprendedor'),
	(8, 'Desempleado'),
	(9, 'Ni estudia Ni trabaja'),
	(10, 'PyME'),
	(11, 'Empresa Grande'),
	(12, 'Turista'),
	(13, 'Mujer'),
	(14, 'Ciudadano en General');
/*!40000 ALTER TABLE `poblacion_meta` ENABLE KEYS */;

-- Dumping data for table proyectos_ba_generated.poblacion_meta_por_proyecto: ~0 rows (approximately)
DELETE FROM `poblacion_meta_por_proyecto`;
/*!40000 ALTER TABLE `poblacion_meta_por_proyecto` DISABLE KEYS */;
/*!40000 ALTER TABLE `poblacion_meta_por_proyecto` ENABLE KEYS */;

-- Dumping data for table proyectos_ba_generated.presupuesto_por_anio: ~10 rows (approximately)
DELETE FROM `presupuesto_por_anio`;

-- Dumping data for table proyectos_ba_generated.proyecto: ~23 rows (approximately)
DELETE FROM `proyecto`;

-- Dumping data for table proyectos_ba_generated.rol: ~2 rows (approximately)
DELETE FROM `rol`;
/*!40000 ALTER TABLE `rol` DISABLE KEYS */;
INSERT INTO `rol` (`idRol`, `nombre`, `descripcion`) VALUES
	(1, 'Secretaría', 'Secretaría'),
	(2, 'Operador de jurisdicción', 'Operador de jurisdicción');
/*!40000 ALTER TABLE `rol` ENABLE KEYS */;

-- Dumping data for table proyectos_ba_generated.usuario: ~196 rows (approximately)
DELETE FROM `usuario`;
/*!40000 ALTER TABLE `usuario` DISABLE KEYS */;
INSERT INTO `usuario` (`idUsuario`, `nombre`, `apellido`, `email`, `descripcion`, `activo`) VALUES
	(100, NULL, NULL, 'cperret@buenosaires.gob.ar', NULL, 1),
	(102, NULL, NULL, 'nviceconte@buenosaires.gob.ar', NULL, 1),
	(103, NULL, NULL, 'nalmanza@buenosaires.gob.ar', NULL, 1),
	(104, NULL, NULL, 'airiarte@buenosaires.gob.ar', NULL, 1),
	(105, NULL, NULL, 'nmontovio@buenosaires.gob.ar', NULL, 1),
	(106, NULL, NULL, 'iuranga@buenosaires.gob.ar', NULL, 1),
	(107, NULL, NULL, 'bgrigioni@buenosaires.gob.ar', NULL, 1),
	(108, NULL, NULL, 'rlopezsaubidet@buenosaires.gob.ar', NULL, 1),
	(109, NULL, NULL, 'cdcostagliola@buenosaires.gob.ar', NULL, 1),
	(110, NULL, NULL, 'masoledadroman@buenosaires.gob.ar', NULL, 1),
	(111, NULL, NULL, 'fmaya@buenosaires.gob.ar', NULL, 1),
	(112, NULL, NULL, 'vhassan@buenosaires.gob.ar', NULL, 1),
	(113, NULL, NULL, 'gmortola@buenosaires.gob.ar', NULL, 1),
	(114, NULL, NULL, 'smccormick@buenosaires.gob.ar', NULL, 1),
	(115, NULL, NULL, 'rbeccarvarela@buenosaires.gob.ar', NULL, 1),
	(116, NULL, NULL, 'ezequielferrari@buenosaires.gob.ar', NULL, 1),
	(117, NULL, NULL, 'agarzon@buenosaires.gob.ar', NULL, 1),
	(118, NULL, NULL, 'ichuburu@buenosaires.gob.ar', NULL, 1),
	(119, NULL, NULL, 'claudioromero@buenosaires.gob.ar', NULL, 1),
	(120, NULL, NULL, 'vpalleiro@buenosaires.gob.ar', NULL, 1),
	(121, NULL, NULL, 'egiraldez@buenosaires.gob.ar', NULL, 1),
	(122, NULL, NULL, 'maguerre@buenosaires.gob.ar', NULL, 1),
	(123, NULL, NULL, 'cpedrini@buenosaires.gob.ar', NULL, 1),
	(124, NULL, NULL, 'snagata@buenosaires.gob.ar', NULL, 1),
	(125, NULL, NULL, 'echierasco@buenosaires.gob.ar', NULL, 1),
	(126, NULL, NULL, 'luisina.vueso@buenosaires.gob.ar', NULL, 1),
	(127, NULL, NULL, 'nportela@buenosaires.gob.ar', NULL, 1),
	(128, NULL, NULL, 'cpazos@buenosaires.gob.ar', NULL, 1),
	(129, NULL, NULL, 'iperezriba@buenosaires.gob.ar', NULL, 1),
	(130, NULL, NULL, 'dbreuer@buenosaires.gob.ar', NULL, 1),
	(131, NULL, NULL, 'apasero@buenosaires.gob.ar', NULL, 1),
	(132, NULL, NULL, 'mariasolsuarez@buenosaires.gob.ar', NULL, 1),
	(133, NULL, NULL, 'smancini@buenosaires.gob.ar', NULL, 1),
	(134, NULL, NULL, 'ignacioruiz@buenosaires.gob.ar', NULL, 1),
	(135, NULL, NULL, 'gbarrientos@buenosaires.gob.ar', NULL, 1),
	(136, NULL, NULL, 'mariaricard@buenosaires.gob.ar', NULL, 1),
	(137, NULL, NULL, 'fochoa@buenosaires.gob.ar', NULL, 1),
	(138, NULL, NULL, 'sscappini@buenosaires.gob.ar', NULL, 1),
	(139, NULL, NULL, 'acampos@buenosaires.gob.ar', NULL, 1),
	(140, NULL, NULL, 'jsantapaola@buenosaires.gob.ar', NULL, 1),
	(141, NULL, NULL, 'ifagalde@buenosaires.gob.ar', NULL, 1),
	(142, NULL, NULL, 'amarasas@buenosaires.gob.ar', NULL, 1),
	(143, NULL, NULL, 'ceciliagutman@buenosaires.gob.ar', NULL, 1),
	(144, NULL, NULL, 'melodygomez@buenosaires.gob.ar', NULL, 1),
	(145, NULL, NULL, 'belen.bagnati@buenosaires.gob.ar', NULL, 1),
	(146, NULL, NULL, 'mariamartinez@buenosaires.gob.ar', NULL, 1),
	(147, NULL, NULL, 'rcerdan@buenosaires.gob.ar', NULL, 1),
	(148, NULL, NULL, 'ggazzaneo@buenosaires.gob.ar', NULL, 1),
	(149, NULL, NULL, 'ldegiulio@buenosaires.gob.ar', NULL, 1),
	(150, NULL, NULL, 'ngarciasaenz@buenosaires.gob.ar', NULL, 1),
	(151, NULL, NULL, 'ldente@buenosaires.gob.ar', NULL, 1),
	(152, NULL, NULL, 'evegalera@buenosaires.gob.ar', NULL, 1),
	(153, NULL, NULL, 'lvelazquez@buenosaires.gob.ar', NULL, 1),
	(154, NULL, NULL, 'cerramouspe@buenosaires.gob.ar', NULL, 1),
	(155, NULL, NULL, 'vbouza@buenosaires.gob.ar', NULL, 1),
	(156, NULL, NULL, 'costuni@buenosaires.gob.ar', NULL, 1),
	(157, NULL, NULL, 'fvedoya@buenosaires.gob.ar', NULL, 1),
	(158, NULL, NULL, 'mazar@buenosaires.gob.ar', NULL, 1),
	(159, NULL, NULL, 'ftirelli@buenosaires.gob.ar', NULL, 1),
	(160, NULL, NULL, 'vbursztyn@buenosaires.gob.ar', NULL, 1),
	(161, NULL, NULL, 'pamelamalewicz@buenosaires.gob.ar', NULL, 1),
	(162, NULL, NULL, 'abendersky@buenosaires.gob.ar', NULL, 1),
	(163, NULL, NULL, 'mbarbara@buenosaires.gob.ar', NULL, 1),
	(164, NULL, NULL, 'fpereyra@buenosaires.gob.ar', NULL, 1),
	(165, NULL, NULL, 'nsteinberg@buenosaires.gob.ar', NULL, 1),
	(166, NULL, NULL, 'aimevazquez@buenosaires.gob.ar', NULL, 1),
	(167, NULL, NULL, 'gungar@buenosaires.gob.ar', NULL, 1),
	(168, NULL, NULL, 'magdalenaacuna@buenosaires.gob.ar', NULL, 1),
	(169, NULL, NULL, 'macarenalopez@buenosaires.gob.ar', NULL, 1),
	(170, NULL, NULL, 'mcguzmansoria@buenosaires.gob.ar', NULL, 1),
	(171, NULL, NULL, 'mcskou@buenosaires.gob.ar', NULL, 1),
	(172, NULL, NULL, 'mgravagna@buenosaires.gob.ar', NULL, 1),
	(173, NULL, NULL, 'agustinaurta@buenosaires.gob.ar', NULL, 1),
	(174, NULL, NULL, 'arianaacuna@buenosaires.gob.ar', NULL, 1),
	(175, NULL, NULL, 'mmaunier@buenosaires.gob.ar', NULL, 1),
	(176, NULL, NULL, 'sofiamatricali@buenosaires.gob.ar', NULL, 1),
	(177, NULL, NULL, 'pdichiaro@buenosaires.gob.ar', NULL, 1),
	(178, NULL, NULL, 'mboix@buenosaires.gob.ar', NULL, 1),
	(179, NULL, NULL, 'dgroisman@buenosaires.gob.ar', NULL, 1),
	(180, NULL, NULL, 'jlaporte@buenosaires.gob.ar', NULL, 1),
	(181, NULL, NULL, 'smanzano@buenosaires.gob.ar', NULL, 1),
	(182, NULL, NULL, 'mfreda@buenosaires.gob.ar', NULL, 1),
	(183, NULL, NULL, 'ilobos@buenosaires.gob.ar', NULL, 1),
	(184, NULL, NULL, 'victoriaronco@buenosaires.gob.ar', NULL, 1),
	(185, NULL, NULL, 'ujablonski@buenosaires.gob.ar', NULL, 1),
	(186, NULL, NULL, 'fvalderrama@buenosaires.gob.ar', NULL, 1),
	(187, NULL, NULL, 'mbreda@buenosaires.gob.ar', NULL, 1),
	(188, NULL, NULL, 'gaxelrud@buenosaires.gob.ar', NULL, 1),
	(189, NULL, NULL, 'lmagnasco@buenosaires.gob.ar', NULL, 1),
	(190, NULL, NULL, 'fernandobenegas@buenosaires.gob.ar', NULL, 1),
	(191, NULL, NULL, 'vrodriguezbrizi@buenosaires.gob.ar', NULL, 1),
	(192, NULL, NULL, 'ldubois@buenosaires.gob.ar', NULL, 1),
	(193, NULL, NULL, 'lcerrella@buenosaires.gob.ar', NULL, 1),
	(194, NULL, NULL, 'mguaita@buenosaires.gob.ar', NULL, 1),
	(195, NULL, NULL, 'scostabel@buenosaires.gob.ar', NULL, 1),
	(196, NULL, NULL, 'jscrigna@buenosaires.gob.ar', NULL, 1),
	(197, NULL, NULL, 'icattaneo@buenosaires.gob.ar', NULL, 1),
	(198, NULL, NULL, 'jcombale@buenosaires.gob.ar', NULL, 1),
	(199, NULL, NULL, 'jmiramont@buenosaires.gob.ar', NULL, 1),
	(200, NULL, NULL, 'idiamint@buenosaires.gob.ar', NULL, 1),
	(201, NULL, NULL, 'lrusconimoix@buenosaires.gob.ar', NULL, 1),
	(202, NULL, NULL, 'wlensinas@buenosaires.gob.ar', NULL, 1),
	(203, NULL, NULL, 'kevinfay@buenosaires.gob.ar', NULL, 1),
	(204, NULL, NULL, 'psalerno@buenosaires.gob.ar', NULL, 1),
	(205, NULL, NULL, 'lgranda@buenosaires.gob.ar', NULL, 1),
	(206, NULL, NULL, 'lnovillosaravia@buenosaires.gob.ar', NULL, 1),
	(207, NULL, NULL, 'mdrajzibner@buenosaires.gob.ar', NULL, 1),
	(208, NULL, NULL, 'mtolan@buenosaires.gob.ar', NULL, 1),
	(209, NULL, NULL, 'sgeyer@buenosaires.gob.ar', NULL, 1),
	(210, NULL, NULL, 'acorgniati@buenosaires.gob.ar', NULL, 1),
	(211, NULL, NULL, 'schaneton@buenosaires.gob.ar', NULL, 1),
	(212, NULL, NULL, 'mnogueira@buenosaires.gob.ar', NULL, 1),
	(213, NULL, NULL, 'mildredferrer@buenosaires.gob.ar', NULL, 1),
	(214, NULL, NULL, 'mzevallosmalaspina@buenosaires.gob.ar', NULL, 1),
	(215, NULL, NULL, 'pmolteni@buenosaires.gob.ar', NULL, 1),
	(216, NULL, NULL, 'pgalardi@buenosaires.gob.ar', NULL, 1),
	(217, NULL, NULL, 'mmartinmoratorio@buenosaires.gob.ar', NULL, 1),
	(218, NULL, NULL, 'afourcade@buenosaires.gob.ar', NULL, 1),
	(219, NULL, NULL, 'fcalvi@buenosaires.gob.ar', NULL, 1),
	(220, NULL, NULL, 'ocattaneo@buenosaires.gob.ar', NULL, 1),
	(222, NULL, NULL, 'apalmisciano@buenosaires.gob.ar', NULL, 1),
	(223, NULL, NULL, 'nserra@buenosaires.gob.ar', NULL, 1),
	(224, NULL, NULL, 'fcarrera@buenosaires.gob.ar', NULL, 1),
	(225, NULL, NULL, 'ymartelli@buenosaires.gob.ar', NULL, 1),
	(226, NULL, NULL, 'jpappano@buenosaires.gob.ar', NULL, 1),
	(227, NULL, NULL, 'lmolouny@buenosaires.gob.ar', NULL, 1),
	(228, NULL, NULL, 'jpbecerra@buenosaires.gob.ar', NULL, 1),
	(229, NULL, NULL, 'mmorlesin@buenosaires.gob.ar', NULL, 1),
	(230, NULL, NULL, 'crisau@buenosaires.gob.ar', NULL, 1),
	(231, NULL, NULL, 'msmith@buenosaires.gob.ar', NULL, 1),
	(232, NULL, NULL, 'cilc@buenosaires.gob.ar', NULL, 1),
	(233, NULL, NULL, 'fflaxmarco@buenosaires.gob.ar', NULL, 1),
	(234, NULL, NULL, 'abaum@buenosaires.gob.ar', NULL, 1),
	(235, NULL, NULL, 'frecondo@buenosaires.gob.ar', NULL, 1),
	(236, NULL, NULL, 'lalassia@buenosaires.gob.ar', NULL, 1),
	(237, NULL, NULL, 'oscarperez@buenosaires.gob.ar', NULL, 1),
	(238, NULL, NULL, 'abouperez@buenosaires.gob.ar', NULL, 1),
	(239, NULL, NULL, 'mlugani@buenosaires.gob.ar', NULL, 1),
	(240, NULL, NULL, 'msilinger@buenosaires.gob.ar', NULL, 1),
	(241, NULL, NULL, 'mtojo@buenosaires.gob.ar', NULL, 1),
	(242, NULL, NULL, 'jbulacio@buenosaires.gob.ar', NULL, 1),
	(243, NULL, NULL, 'mlpellegrini@buenosaires.gob.ar', NULL, 1),
	(244, NULL, NULL, 'amitidieri@buenosaires.gob.ar', NULL, 1),
	(245, NULL, NULL, 'dszuchter@buenosaires.gob.ar', NULL, 1),
	(246, NULL, NULL, 'mdagostino@buenosaires.gob.ar', NULL, 1),
	(247, NULL, NULL, 'slospennato@buenosaires.gob.ar', NULL, 1),
	(248, NULL, NULL, 'psbilbao@buenosaires.gob.ar', NULL, 1),
	(249, NULL, NULL, 'fdellacqua@buenosaires.gob.ar', NULL, 1),
	(250, NULL, NULL, 'bbottajaime@buenosaires.gob.ar', NULL, 1),
	(251, NULL, NULL, 'dschmulewitz@buenosaires.gob.ar', NULL, 1),
	(252, NULL, NULL, 'cgarciarodriguez@buenosaires.gob.ar', NULL, 1),
	(253, NULL, NULL, 'ffernandezcisneros@buenosaires.gob.ar', NULL, 1),
	(254, NULL, NULL, 'lbullrich@buenosaires.gob.ar', NULL, 1),
	(255, NULL, NULL, 'alvaroquiroga@buenosaires.gob.ar', NULL, 1),
	(256, NULL, NULL, 'apagano@buenosaires.gob.ar', NULL, 1),
	(257, NULL, NULL, 'cpegoraro@buenosaires.gob.ar', NULL, 1),
	(258, NULL, NULL, 'ctejerina@buenosaires.gob.ar', NULL, 1),
	(259, NULL, NULL, 'gredelico@buenosaires.gob.ar', NULL, 1),
	(260, NULL, NULL, 'gabrieldangelo@buenosaires.gob.ar', NULL, 1),
	(261, NULL, NULL, 'jcalesina@buenosaires.gob.ar', NULL, 1),
	(262, NULL, NULL, 'dcuri@buenosaires.gob.ar', NULL, 1),
	(263, NULL, NULL, 'lianaacosta@buenosaires.gob.ar', NULL, 1),
	(264, NULL, NULL, 'jdaura@buenosaires.gob.ar', NULL, 1),
	(265, NULL, NULL, 'afeoli@buenosaires.gob.ar', NULL, 1),
	(266, NULL, NULL, 'javier.romero@buenosaires.gob.ar', NULL, 1),
	(267, NULL, NULL, 'mipalacios@buenosaires.gob.ar', NULL, 1),
	(268, NULL, NULL, 'jjudas@buenosaires.gob.ar', NULL, 1),
	(269, NULL, NULL, 'gstorani@buenosaires.gob.ar', NULL, 1),
	(270, NULL, NULL, 'mvalcaraz@buenosaires.gob.ar', NULL, 1),
	(271, NULL, NULL, 'iroccavieitez@buenosaires.gob.ar', NULL, 1),
	(272, NULL, NULL, 'msemberoiz@buenosaires.gob.ar', NULL, 1),
	(273, NULL, NULL, 'mariogallo@buenosaires.gob.ar', NULL, 1),
	(274, NULL, NULL, 'pdistefano@buenosaires.gob.ar', NULL, 1),
	(275, NULL, NULL, 'rsilvosa@buenosaires.gob.ar', NULL, 1),
	(276, NULL, NULL, 'mocampos@buenosaires.gob.ar', NULL, 1),
	(277, NULL, NULL, 'villalongajuancarlos@buenosaires.gob.ar', NULL, 1),
	(278, NULL, NULL, 'mmayor@buenosaires.gob.ar', NULL, 1),
	(279, NULL, NULL, 'afehrmann@buenosaires.gob.ar', NULL, 1),
	(280, NULL, NULL, 'camilalopez@buenosaires.gob.ar', NULL, 1),
	(281, NULL, NULL, 'abeveraggigasquet@buenosaires.gob.ar', NULL, 1),
	(282, NULL, NULL, 'mmason@buenosaires.gob.ar', NULL, 1),
	(283, NULL, NULL, 'tomasbullrich@buenosaires.gob.ar', NULL, 1),
	(284, NULL, NULL, 'florvalia@buenosaires.gob.ar', NULL, 1),
	(285, NULL, NULL, 'lserrenhopfefferkorn@buenosaires.gob.ar', NULL, 1),
	(286, NULL, NULL, 'carolinaalvarado@buenosaires.gob.ar', NULL, 1),
	(287, NULL, NULL, 'ignacioimperatrice@buenosaires.gob.ar', NULL, 1),
	(288, NULL, NULL, 'frositano@buenosaires.gob.ar', NULL, 1),
	(289, NULL, NULL, 'camilamartelli@buenosaires.gob.ar', NULL, 1),
	(290, NULL, NULL, 'lgreco@buenosaires.gob.ar', NULL, 1),
	(291, NULL, NULL, 'lvasser@buenosaires.gob.ar', NULL, 1),
	(292, NULL, NULL, 'fpaterson@buenosaires.gob.ar', NULL, 1),
	(293, NULL, NULL, 'bfaccone@buenosaires.gob.ar', NULL, 1),
	(294, NULL, NULL, 'erodriguez@buenosaires.gob.ar', NULL, 1),
	(295, NULL, NULL, 'vlopreite@buenosaires.gob.ar', NULL, 1),
	(296, NULL, NULL, 'silvinagalarza@buenosaires.gob.ar', NULL, 1),
	(297, NULL, NULL, 'slucerotorres@buenosaires.gob.ar', NULL, 1),
	(298, NULL, NULL, 'cgraubaena@buenosaires.gob.ar', NULL, 1),
	(299, NULL, NULL, 'flias@buenosaires.gob.ar', NULL, 1),
	(300, NULL, NULL, 'asaezreale@buenosaires.gob.ar ', NULL, 1),
	(301, NULL, NULL, 'adiazvaldez@buenosaires.gob.ar', NULL, 1),
	(302, NULL, NULL, 'avirfollet@buenosaires.gob.ar', NULL, 1),
	(303, NULL, NULL, 'anapelfini@buenosaires.gob.ar', NULL, 1),
	(304, NULL, NULL, 'cadurizbasombrio@buenosaires.gob.ar', NULL, 1),
	(305, NULL, NULL, 'dmartinelli@buenosaires.gob.ar', NULL, 1),
	(306, NULL, NULL, 'cgianola@buenosaires.gob.ar', NULL, 1),
	(307, NULL, NULL, 'tpereyro@buenosaires.gob.ar', NULL, 1);
/*!40000 ALTER TABLE `usuario` ENABLE KEYS */;

-- Dumping data for table proyectos_ba_generated.rol_por_usuario: ~199 rows (approximately)
DELETE FROM `rol_por_usuario`;
/*!40000 ALTER TABLE `rol_por_usuario` DISABLE KEYS */;
INSERT INTO `rol_por_usuario` (`rol_idRol`, `usuario_idUsuario`) VALUES
	(1, 100),
	(1, 102),
	(1, 103),
	(1, 104),
	(1, 105),
	(1, 106),
	(1, 107),
	(1, 183),
	(1, 184),
	(1, 185),
	(1, 186),
	(1, 187),
	(1, 188),
	(1, 189),
	(1, 190),
	(1, 191),
	(1, 192),
	(1, 193),
	(1, 194),
	(1, 195),
	(1, 196),
	(1, 197),
	(1, 198),
	(1, 199),
	(1, 200),
	(1, 201),
	(1, 202),
	(1, 203),
	(1, 204),
	(1, 205),
	(1, 206),
	(1, 207),
	(1, 208),
	(1, 209),
	(1, 210),
	(1, 211),
	(1, 212),
	(1, 213),
	(1, 214),
	(1, 215),
	(1, 216),
	(1, 217),
	(1, 218),
	(1, 219),
	(1, 220),
	(2, 108),
	(2, 109),
	(2, 110),
	(2, 111),
	(2, 112),
	(2, 113),
	(2, 114),
	(2, 115),
	(2, 116),
	(2, 117),
	(2, 118),
	(2, 119),
	(2, 120),
	(2, 121),
	(2, 122),
	(2, 123),
	(2, 124),
	(2, 125),
	(2, 126),
	(2, 127),
	(2, 128),
	(2, 129),
	(2, 130),
	(2, 131),
	(2, 132),
	(2, 133),
	(2, 134),
	(2, 135),
	(2, 136),
	(2, 137),
	(2, 138),
	(2, 139),
	(2, 140),
	(2, 141),
	(2, 142),
	(2, 143),
	(2, 144),
	(2, 145),
	(2, 146),
	(2, 147),
	(2, 148),
	(2, 149),
	(2, 150),
	(2, 151),
	(2, 152),
	(2, 153),
	(2, 154),
	(2, 155),
	(2, 156),
	(2, 157),
	(2, 158),
	(2, 159),
	(2, 160),
	(2, 161),
	(2, 162),
	(2, 163),
	(2, 164),
	(2, 165),
	(2, 166),
	(2, 167),
	(2, 168),
	(2, 169),
	(2, 170),
	(2, 171),
	(2, 172),
	(2, 173),
	(2, 174),
	(2, 175),
	(2, 176),
	(2, 177),
	(2, 178),
	(2, 179),
	(2, 180),
	(2, 181),
	(2, 182),
	(2, 222),
	(2, 223),
	(2, 224),
	(2, 225),
	(2, 226),
	(2, 227),
	(2, 228),
	(2, 229),
	(2, 230),
	(2, 231),
	(2, 232),
	(2, 233),
	(2, 234),
	(2, 235),
	(2, 236),
	(2, 237),
	(2, 238),
	(2, 239),
	(2, 240),
	(2, 241),
	(2, 242),
	(2, 243),
	(2, 244),
	(2, 245),
	(2, 246),
	(2, 247),
	(2, 248),
	(2, 249),
	(2, 250),
	(2, 251),
	(2, 252),
	(2, 253),
	(2, 254),
	(2, 255),
	(2, 256),
	(2, 257),
	(2, 258),
	(2, 259),
	(2, 260),
	(2, 261),
	(2, 262),
	(2, 263),
	(2, 264),
	(2, 265),
	(2, 266),
	(2, 267),
	(2, 268),
	(2, 269),
	(2, 270),
	(2, 271),
	(2, 272),
	(2, 273),
	(2, 274),
	(2, 275),
	(2, 276),
	(2, 277),
	(2, 278),
	(2, 279),
	(2, 280),
	(2, 281),
	(2, 282),
	(2, 283),
	(2, 284),
	(2, 285),
	(2, 286),
	(2, 287),
	(2, 288),
	(2, 289),
	(2, 290),
	(2, 291),
	(2, 292),
	(2, 293),
	(2, 294),
	(2, 295),
	(2, 296),
	(2, 297);
/*!40000 ALTER TABLE `rol_por_usuario` ENABLE KEYS */;

-- Dumping data for table proyectos_ba_generated.tema_transversal: ~2 rows (approximately)
DELETE FROM `tema_transversal`;
/*!40000 ALTER TABLE `tema_transversal` DISABLE KEYS */;
/*!40000 ALTER TABLE `tema_transversal` ENABLE KEYS */;

-- Dumping data for table proyectos_ba_generated.usuario_por_jurisdiccion: ~0 rows (approximately)
DELETE FROM `usuario_por_jurisdiccion`;
/*!40000 ALTER TABLE `usuario_por_jurisdiccion` DISABLE KEYS */;
INSERT INTO `usuario_por_jurisdiccion` (`jurisdiccion_idJurisdiccion`, `usuario_idUsuario`) VALUES
	(1, 100),
	(1, 186),
	(1, 295),
	(1, 296),
	(1, 297),
	(2, 186),
	(2, 294),
	(4, 183),
	(4, 272),
	(4, 273),
	(4, 274),
	(4, 275),
	(4, 276),
	(4, 277),
	(4, 278),
	(4, 279),
	(4, 280),
	(4, 281),
	(4, 282),
	(4, 283),
	(4, 284),
	(4, 285),
	(4, 286),
	(4, 287),
	(4, 288),
	(4, 289),
	(4, 290),
	(4, 291),
	(4, 300),
	(5, 183),
	(5, 257),
	(5, 258),
	(5, 259),
	(5, 260),
	(5, 261),
	(5, 262),
	(5, 263),
	(5, 264),
	(5, 265),
	(5, 266),
	(5, 267),
	(5, 268),
	(7, 183),
	(7, 256),
	(8, 183),
	(8, 255),
	(9, 269),
	(9, 270),
	(9, 271),
	(9, 304),
	(10, 108),
	(10, 109),
	(10, 110),
	(10, 111),
	(10, 112),
	(10, 113),
	(10, 114),
	(10, 115),
	(10, 116),
	(10, 117),
	(10, 118),
	(10, 119),
	(10, 120),
	(10, 121),
	(10, 122),
	(10, 123),
	(10, 124),
	(10, 203),
	(11, 203),
	(11, 249),
	(11, 250),
	(11, 251),
	(11, 252),
	(11, 253),
	(11, 254),
	(12, 184),
	(12, 246),
	(12, 247),
	(12, 248),
	(13, 186),
	(13, 241),
	(13, 242),
	(13, 243),
	(13, 244),
	(13, 245),
	(13, 299),
	(14, 186),
	(14, 239),
	(14, 240),
	(15, 125),
	(15, 126),
	(15, 127),
	(15, 128),
	(15, 129),
	(15, 130),
	(15, 131),
	(15, 132),
	(15, 133),
	(15, 134),
	(15, 135),
	(15, 136),
	(15, 137),
	(15, 138),
	(15, 139),
	(15, 140),
	(15, 141),
	(15, 142),
	(15, 143),
	(15, 144),
	(15, 184),
	(16, 227),
	(16, 228),
	(16, 229),
	(16, 230),
	(16, 231),
	(16, 232),
	(16, 233),
	(16, 234),
	(16, 235),
	(16, 236),
	(16, 237),
	(16, 238),
	(16, 304),
	(17, 203),
	(18, 224),
	(18, 225),
	(18, 226),
	(18, 304),
	(19, 157),
	(19, 158),
	(19, 159),
	(19, 160),
	(19, 161),
	(19, 162),
	(19, 163),
	(19, 164),
	(19, 165),
	(19, 166),
	(19, 167),
	(19, 168),
	(19, 184),
	(20, 183),
	(20, 222),
	(20, 223),
	(21, 177),
	(21, 178),
	(21, 179),
	(21, 186),
	(22, 145),
	(22, 203),
	(22, 298),
	(25, 180),
	(25, 181),
	(25, 182),
	(25, 203),
	(26, 172),
	(26, 173),
	(26, 174),
	(26, 175),
	(26, 176),
	(26, 304),
	(27, 171),
	(27, 184),
	(28, 169),
	(28, 170),
	(28, 304),
	(29, 151),
	(29, 152),
	(29, 153),
	(29, 154),
	(29, 155),
	(29, 156),
	(29, 203),
	(30, 146),
	(30, 147),
	(30, 148),
	(30, 149),
	(30, 150),
	(30, 184),
	(31, 292),
	(31, 293),
	(31, 304);
/*!40000 ALTER TABLE `usuario_por_jurisdiccion` ENABLE KEYS */;

-- Dumping data for table proyectos_ba_generated.permiso_entidad: ~18 rows (approximately)
DELETE FROM `permiso_entidad`;
/*!40000 ALTER TABLE `permiso_entidad` DISABLE KEYS */;
INSERT INTO `permiso_entidad` (`idPermisoEntidad`, `alta`, `idRol`, `baja`, `modificacion`, `nombre`, `gestion`) VALUES
	(1, 0, 2, 0, 0, 'Gestion de Proyectos', 1),
	(2, 0, 2, 0, 0, 'Consulta de Proyectos', 0),
	(3, 0, 2, 0, 0, 'Gestion de Objetivo jurisdiccional', 1),
	(4, 0, 2, 0, 0, 'Consulta de Objetivo jurisdiccional', 0),
	(5, 0, 2, 0, 0, 'Gestion de Objetivo operativo', 1),
	(6, 0, 2, 0, 0, 'Consulta de Objetivo operativo', 0),
	(7, 0, 2, 0, 0, 'Puede importar proyectos', 1),
	(8, 0, 2, 0, 0, 'Puede mover proyectos', 1),
	(9, 0, 1, 0, 0, 'Gestion de Proyectos', 1),
	(10, 0, 1, 0, 0, 'Consulta de Proyectos', 0),
	(11, 0, 1, 0, 0, 'Gestion de Objetivo jurisdiccional', 1),
	(12, 0, 1, 0, 0, 'Consulta de Objetivo jurisdiccional', 0),
	(13, 0, 1, 0, 0, 'Gestion de Objetivo operativo', 1),
	(14, 0, 1, 0, 0, 'Consulta de Objetivo operativo', 0),
	(15, 0, 1, 0, 0, 'Puede importar proyectos', 1),
	(16, 0, 1, 0, 0, 'Puede mover proyectos', 1),
	(17, 0, 1, 0, 0, 'Gestion de usuarios', 1),
	(18, 0, 1, 0, 0, 'Consulta de usuarios', 0),
	(19, 0, 1, 0, 0, 'Gestion de Temas Transversales', 1),
	(20, 0, 1, 0, 0, 'Consulta de Temas Transversales', 0),
	(21, 0, 1, 0, 0, 'Gestion de priorizacion', 1);
/*!40000 ALTER TABLE `permiso_entidad` ENABLE KEYS */;

-- Dumping data for table proyectos_ba_generated.error_descripcion: ~18 rows (approximately)
DELETE FROM `error_descripcion`;
/*!40000 ALTER TABLE `error_descripcion` DISABLE KEYS */;
INSERT INTO `error_descripcion` (`codigo_error`, `descripcion_error`) VALUES
	(301, 'Jurisdiccon Repetida'),
	(302, 'Objetivo Estrategico Repetido'),
	(303, 'Objetivo Operativo Repetido'),
	(304, 'Proyecto Repetido'),
	(305, 'Etiqueta repetida'),
	(306, 'Tema Transversal Repetido'),
	(307, 'Compromiso Publico Repetido'),
	(404, 'La accion no existe'),
	(405, 'No se encontro Jurisdiccion'),
	(406, 'No se encontro Objetivo Estrategico'),
	(407, 'No se encontro Objetivo Operativo'),
	(408, 'No se encontro proyecto'),
	(409, 'No se encontro etiqueta'),
	(410, 'No se encontro Rol'),
	(411, 'No se encontro Usuario'),
	(412, 'No Se encontro Compromiso Publico'),
	(413, 'No se encontro tema transversal'),
	(414, 'Mas de una direccion encontrada'),
	(429, 'El proyecto debe estar cancelado'),
	(430, 'El proyecto debe estar presentado o verificado'),
	(431, 'El proyecto debe estar presentado'),
	(432, 'El proyecto debe estar completo'),
	(433, 'El usuario esta inactivo'),
	(434, 'Usuario/Contraseña no validos'),
	(504, 'Timeout del Bus'),
	(554, 'Error de parseo'),
	(555, 'Error Irrecuperable');
/*!40000 ALTER TABLE `error_descripcion` ENABLE KEYS */;

/*!40101 SET SQL_MODE=IFNULL(@OLD_SQL_MODE, '') */;
/*!40014 SET FOREIGN_KEY_CHECKS=IF(@OLD_FOREIGN_KEY_CHECKS IS NULL, 1, @OLD_FOREIGN_KEY_CHECKS) */;
/*!40101 SET CHARACTER_SET_CLIENT=@OLD_CHARACTER_SET_CLIENT */;
