/*INSERTS BASES INICIALES*/
INSERT INTO tipo_obra (idTipoObra, nombre) VALUES(1, 'Espacio público');
INSERT INTO tipo_obra (idTipoObra, nombre) VALUES(2, 'Transporte');
INSERT INTO tipo_obra (idTipoObra, nombre) VALUES(3, 'Hidráulica');
INSERT INTO tipo_obra (idTipoObra, nombre) VALUES(4, 'Sanitaria');
INSERT INTO tipo_obra (idTipoObra, nombre) VALUES(5, 'Eléctrica');
INSERT INTO tipo_obra (idTipoObra, nombre) VALUES(6, 'Edificación');

INSERT INTO subtipo_obra (idSubTipoObra, idTipoObra, nombre) VALUES(1, 1, 'Avenidas');
INSERT INTO subtipo_obra (idSubTipoObra, idTipoObra, nombre) VALUES(2, 1, 'Boulevard');
INSERT INTO subtipo_obra (idSubTipoObra, idTipoObra, nombre) VALUES(3, 1, 'Calle/Pasaje');
INSERT INTO subtipo_obra (idSubTipoObra, idTipoObra, nombre) VALUES(4, 1, 'Caniles');
INSERT INTO subtipo_obra (idSubTipoObra, idTipoObra, nombre) VALUES(5, 1, 'CCCA');
INSERT INTO subtipo_obra (idSubTipoObra, idTipoObra, nombre) VALUES(6, 1, 'Contenedores(soterrados)');
INSERT INTO subtipo_obra (idSubTipoObra, idTipoObra, nombre) VALUES(7, 1, 'Corredores');
INSERT INTO subtipo_obra (idSubTipoObra, idTipoObra, nombre) VALUES(8, 1, 'Equipamiento urbano');
INSERT INTO subtipo_obra (idSubTipoObra, idTipoObra, nombre) VALUES(9, 1, 'Fachadas');
INSERT INTO subtipo_obra (idSubTipoObra, idTipoObra, nombre) VALUES(10, 1, 'Jardín vertical');
INSERT INTO subtipo_obra (idSubTipoObra, idTipoObra, nombre) VALUES(11, 1, 'Nivelación');
INSERT INTO subtipo_obra (idSubTipoObra, idTipoObra, nombre) VALUES(12, 1, 'Parques');
INSERT INTO subtipo_obra (idSubTipoObra, idTipoObra, nombre) VALUES(13, 1, 'Patio');
INSERT INTO subtipo_obra (idSubTipoObra, idTipoObra, nombre) VALUES(14, 1, 'Peatonalización');
INSERT INTO subtipo_obra (idSubTipoObra, idTipoObra, nombre) VALUES(15, 1, 'Plantas de tratamiento');
INSERT INTO subtipo_obra (idSubTipoObra, idTipoObra, nombre) VALUES(16, 1, 'Playón');
INSERT INTO subtipo_obra (idSubTipoObra, idTipoObra, nombre) VALUES(17, 1, 'Plazas y plazoletas');
INSERT INTO subtipo_obra (idSubTipoObra, idTipoObra, nombre) VALUES(18, 1, 'Polideportivo/canchas');
INSERT INTO subtipo_obra (idSubTipoObra, idTipoObra, nombre) VALUES(19, 1, 'Sendero seguro');
INSERT INTO subtipo_obra (idSubTipoObra, idTipoObra, nombre) VALUES(20, 1, 'Skatepark');
INSERT INTO subtipo_obra (idSubTipoObra, idTipoObra, nombre) VALUES(21, 1, 'Talud');
INSERT INTO subtipo_obra (idSubTipoObra, idTipoObra, nombre) VALUES(22, 1, 'Veredas y accesibilidad');
INSERT INTO subtipo_obra (idSubTipoObra, idTipoObra, nombre) VALUES(23, 1, 'Vigilancia');
INSERT INTO subtipo_obra (idSubTipoObra, idTipoObra, nombre) VALUES(24, 1, 'Otros');
INSERT INTO subtipo_obra (idSubTipoObra, idTipoObra, nombre) VALUES(25, 2, 'Autopistas');
INSERT INTO subtipo_obra (idSubTipoObra, idTipoObra, nombre) VALUES(26, 2, 'Centro de transbordo');
INSERT INTO subtipo_obra (idSubTipoObra, idTipoObra, nombre) VALUES(27, 2, 'Ciclovías');
INSERT INTO subtipo_obra (idSubTipoObra, idTipoObra, nombre) VALUES(28, 2, 'Est. bicicletas');
INSERT INTO subtipo_obra (idSubTipoObra, idTipoObra, nombre) VALUES(29, 2, 'Intervención peatonal');
INSERT INTO subtipo_obra (idSubTipoObra, idTipoObra, nombre) VALUES(30, 2, 'Metrobús');
INSERT INTO subtipo_obra (idSubTipoObra, idTipoObra, nombre) VALUES(31, 2, 'PBN');
INSERT INTO subtipo_obra (idSubTipoObra, idTipoObra, nombre) VALUES(32, 2, 'Puentes');
INSERT INTO subtipo_obra (idSubTipoObra, idTipoObra, nombre) VALUES(33, 2, 'Subtes');
INSERT INTO subtipo_obra (idSubTipoObra, idTipoObra, nombre) VALUES(34, 2, 'Viaductos');
INSERT INTO subtipo_obra (idSubTipoObra, idTipoObra, nombre) VALUES(35, 2, 'Otros');
INSERT INTO subtipo_obra (idSubTipoObra, idTipoObra, nombre) VALUES(36, 3, 'Pozo de bombeo pluvial');
INSERT INTO subtipo_obra (idSubTipoObra, idTipoObra, nombre) VALUES(37, 3, 'Túnel aliviador (arroyo)');
INSERT INTO subtipo_obra (idSubTipoObra, idTipoObra, nombre) VALUES(38, 3, 'Otros');
INSERT INTO subtipo_obra (idSubTipoObra, idTipoObra, nombre) VALUES(39, 4, 'Pozo de bombeo cloacal');
INSERT INTO subtipo_obra (idSubTipoObra, idTipoObra, nombre) VALUES(40, 4, 'Tendido agua potable');
INSERT INTO subtipo_obra (idSubTipoObra, idTipoObra, nombre) VALUES(41, 4, 'Tendido cloacal');
INSERT INTO subtipo_obra (idSubTipoObra, idTipoObra, nombre) VALUES(42, 4, 'Otros');
INSERT INTO subtipo_obra (idSubTipoObra, idTipoObra, nombre) VALUES(43, 5, 'Tendido eléctrico');
INSERT INTO subtipo_obra (idSubTipoObra, idTipoObra, nombre) VALUES(44, 5, 'Otros');
INSERT INTO subtipo_obra (idSubTipoObra, idTipoObra, nombre) VALUES(45, 6, 'CEMAR');
INSERT INTO subtipo_obra (idSubTipoObra, idTipoObra, nombre) VALUES(46, 6, 'CENTES');
INSERT INTO subtipo_obra (idSubTipoObra, idTipoObra, nombre) VALUES(47, 6, 'Centros culturales');
INSERT INTO subtipo_obra (idSubTipoObra, idTipoObra, nombre) VALUES(48, 6, 'CECAC');
INSERT INTO subtipo_obra (idSubTipoObra, idTipoObra, nombre) VALUES(49, 6, 'Comisarías/CAS');
INSERT INTO subtipo_obra (idSubTipoObra, idTipoObra, nombre) VALUES(50, 6, 'Escuelas');
INSERT INTO subtipo_obra (idSubTipoObra, idTipoObra, nombre) VALUES(51, 6, 'Estadios');
INSERT INTO subtipo_obra (idSubTipoObra, idTipoObra, nombre) VALUES(52, 6, 'Hospitales');
INSERT INTO subtipo_obra (idSubTipoObra, idTipoObra, nombre) VALUES(53, 6, 'Jardín');
INSERT INTO subtipo_obra (idSubTipoObra, idTipoObra, nombre) VALUES(54, 6, 'Mejoras barrios y complejos');
INSERT INTO subtipo_obra (idSubTipoObra, idTipoObra, nombre) VALUES(55, 6, 'Mercados');
INSERT INTO subtipo_obra (idSubTipoObra, idTipoObra, nombre) VALUES(56, 6, 'Museos');
INSERT INTO subtipo_obra (idSubTipoObra, idTipoObra, nombre) VALUES(57, 6, 'NIDO');
INSERT INTO subtipo_obra (idSubTipoObra, idTipoObra, nombre) VALUES(58, 6, 'Portal inclusivo');
INSERT INTO subtipo_obra (idSubTipoObra, idTipoObra, nombre) VALUES(59, 6, 'Relocalizaciones');
INSERT INTO subtipo_obra (idSubTipoObra, idTipoObra, nombre) VALUES(60, 6, 'Sedes comunales');
INSERT INTO subtipo_obra (idSubTipoObra, idTipoObra, nombre) VALUES(61, 6, 'Soluciones habitacionales');
INSERT INTO subtipo_obra (idSubTipoObra, idTipoObra, nombre) VALUES(62, 6, 'SSZ');
INSERT INTO subtipo_obra (idSubTipoObra, idTipoObra, nombre) VALUES(63, 6, 'Teatros');
INSERT INTO subtipo_obra (idSubTipoObra, idTipoObra, nombre) VALUES(64, 6, 'Otros');


INSERT INTO compromiso_publico (idCompromisoPublico, compromisoPublico, activo) VALUES(1, 'Centros Integrales de la Mujer', 1);
INSERT INTO compromiso_publico (idCompromisoPublico, compromisoPublico, activo) VALUES(2, '1 millón de nuevos vecinos en MiBA', 1);
INSERT INTO compromiso_publico (idCompromisoPublico, compromisoPublico, activo) VALUES(3, '1.000 policías más a la calle', 1);
INSERT INTO compromiso_publico (idCompromisoPublico, compromisoPublico, activo) VALUES(4, '100% esquinas accesibles', 1);
INSERT INTO compromiso_publico (idCompromisoPublico, compromisoPublico, activo) VALUES(5, '12 plazas nuevas', 1);
INSERT INTO compromiso_publico (idCompromisoPublico, compromisoPublico, activo) VALUES(6, 'Polideportivos y parques renovados', 1);
INSERT INTO compromiso_publico (idCompromisoPublico, compromisoPublico, activo) VALUES(7, 'Jóvenes capacitados para futuro', 1);
INSERT INTO compromiso_publico (idCompromisoPublico, compromisoPublico, activo) VALUES(8, '200 estaciones de EcoBici', 1);
INSERT INTO compromiso_publico (idCompromisoPublico, compromisoPublico, activo) VALUES(9, 'Participación ciudadana', 1);
INSERT INTO compromiso_publico (idCompromisoPublico, compromisoPublico, activo) VALUES(10, 'Pasos bajo nivel', 1);
INSERT INTO compromiso_publico (idCompromisoPublico, compromisoPublico, activo) VALUES(11, 'Alumnos secundarios estudiando', 1);
INSERT INTO compromiso_publico (idCompromisoPublico, compromisoPublico, activo) VALUES(12, 'Salas de 3 años', 1);
INSERT INTO compromiso_publico (idCompromisoPublico, compromisoPublico, activo) VALUES(13, 'Prioridad peatonal', 1);
INSERT INTO compromiso_publico (idCompromisoPublico, compromisoPublico, activo) VALUES(14, 'Consultas pediátricas', 1);
INSERT INTO compromiso_publico (idCompromisoPublico, compromisoPublico, activo) VALUES(15, '8 corredores nuevos de Metrobus', 1);
INSERT INTO compromiso_publico (idCompromisoPublico, compromisoPublico, activo) VALUES(16, 'Apertura de PyMES en 10 días', 1);
INSERT INTO compromiso_publico (idCompromisoPublico, compromisoPublico, activo) VALUES(17, 'Alto desempeño en matemática', 1);
INSERT INTO compromiso_publico (idCompromisoPublico, compromisoPublico, activo) VALUES(18, 'Duplicar el reciclado de basura', 1);
INSERT INTO compromiso_publico (idCompromisoPublico, compromisoPublico, activo) VALUES(19, 'WIFI en espacios públicos', 1);
INSERT INTO compromiso_publico (idCompromisoPublico, compromisoPublico, activo) VALUES(20, 'Educación digital en sala de 5', 1);
INSERT INTO compromiso_publico (idCompromisoPublico, compromisoPublico, activo) VALUES(21, 'Historia Clínica Electrónica', 1);
INSERT INTO compromiso_publico (idCompromisoPublico, compromisoPublico, activo) VALUES(22, 'Iluminación LED en todas las calles', 1);
INSERT INTO compromiso_publico (idCompromisoPublico, compromisoPublico, activo) VALUES(23, 'Adultos mayores en mundo digital', 1);
INSERT INTO compromiso_publico (idCompromisoPublico, compromisoPublico, activo) VALUES(24, 'Jornada extendida (11 y 14 años)', 1);
INSERT INTO compromiso_publico (idCompromisoPublico, compromisoPublico, activo) VALUES(25, 'Mapa del delito online', 1);
INSERT INTO compromiso_publico (idCompromisoPublico, compromisoPublico, activo) VALUES(26, 'Mudar el Ministerio de Educación', 1);
INSERT INTO compromiso_publico (idCompromisoPublico, compromisoPublico, activo) VALUES(27, 'Médico de cabecera', 1);
INSERT INTO compromiso_publico (idCompromisoPublico, compromisoPublico, activo) VALUES(28, 'Partidas de nacimiento en el día', 1);
INSERT INTO compromiso_publico (idCompromisoPublico, compromisoPublico, activo) VALUES(29, 'Paseo del Bajo', 1);
INSERT INTO compromiso_publico (idCompromisoPublico, compromisoPublico, activo) VALUES(30, 'Reducir muertes por siniestros viales', 1);
INSERT INTO compromiso_publico (idCompromisoPublico, compromisoPublico, activo) VALUES(31, 'Retiro autos abandonados en 15d', 1);
INSERT INTO compromiso_publico (idCompromisoPublico, compromisoPublico, activo) VALUES(32, 'Solucionar baches en 15 días', 1);
INSERT INTO compromiso_publico (idCompromisoPublico, compromisoPublico, activo) VALUES(33, 'Villa Olímpica a viviendas', 1);
INSERT INTO compromiso_publico (idCompromisoPublico, compromisoPublico, activo) VALUES(34, 'Centro de salud', 1);
INSERT INTO compromiso_publico (idCompromisoPublico, compromisoPublico, activo) VALUES(35, 'Subte cada 3 minutos y WIFI', 1);
